"","NestID","NestName","BreedGroupID","NestNumber","ClutchNumber","LayDateEarliest","LayDateLatest","FledgeDateEarliest","FledgeDateLatest","ClutchSize","BroodSize","NoFledglings","FieldPeriodID.x","TerritoryID.x","Island","PeriodYear","propFledged","propFledged_brd","AvgLaydate","layyear","TimePeriod","BrF","BrM","nrFL","nrH","nrSub","nrpedrow","nrpedfl","maxfl","maxclutchsize","propfl_true","chickID","success"
"1",1,"1997_1.1_1",16,1,1,"1997-07-11",NA,NA,NA,1,0,0,22,2,"CN",1997,0,0,"1997-07-11",1997,"1997-2010",927,501,0,0,1,0,NA,0,1,0,1,0
"2",2,"1997_1.1_2",16,2,2,"1997-07-20","1997-07-24",NA,NA,1,0,0,22,2,"CN",1997,0,0,"1997-07-22",1997,"1997-2010",927,501,0,0,1,0,NA,0,1,0,1,0
"3",3,"1997_1_2",15,2,NA,"1997-07-10","1997-07-23",NA,NA,2,1,0,22,1,"CN",1997,0,0,"1997-07-16",1997,"1997-2010",912,922,2,1,3,1,1,1,2,0.5,1,1
"4",3,"1997_1_2",15,2,NA,"1997-07-10","1997-07-23",NA,NA,2,1,0,22,1,"CN",1997,0,0,"1997-07-16",1997,"1997-2010",912,922,2,1,3,1,1,1,2,0.5,2,0
"5",5,"1997_10_1",23,1,1,"1997-07-14","1997-07-14",NA,NA,1,1,0,22,15,"CN",1997,0,0,"1997-07-14",1997,"1997-2010",859,929,0,0,3,0,NA,0,1,0,1,0
"6",6,"1997_101.1_1",105,1,NA,"1997-08-01","1997-08-01",NA,NA,1,0,0,22,155,"CN",1997,0,0,"1997-08-01",1997,"1997-2010",554,1028,0,0,2,0,NA,0,1,0,1,0
"7",7,"1997_102_1",106,1,NA,"1997-07-17","1997-07-17",NA,NA,1,1,0,22,157,"CN",1997,0,0,"1997-07-17",1997,"1997-2010",666,916,0,0,3,0,NA,0,1,0,1,0
"8",8,"1997_103.1_1",107,1,NA,"1997-07-21","1997-07-21",NA,NA,1,1,0,22,159,"CN",1997,0,0,"1997-07-21",1997,"1997-2010",3432,544,0,0,1,1,1,1,1,1,1,1
"9",9,"1997_104.2_1",109,1,NA,"1997-07-24","1997-07-24",NA,NA,1,0,0,22,162,"CN",1997,0,0,"1997-07-24",1997,"1997-2010",3430,1169,0,0,1,0,NA,0,1,0,1,0
"10",10,"1997_104_1",108,1,NA,"1997-08-03","1997-08-03",NA,NA,1,0,0,22,160,"CN",1997,0,0,"1997-08-03",1997,"1997-2010",563,545,0,0,0,0,NA,0,1,0,1,0
"11",11,"1997_107_1",110,1,NA,"1997-07-15","1997-07-28",NA,NA,1,0,0,22,164,"CN",1997,0,0,"1997-07-21",1997,"1997-2010",627,509,0,0,1,0,NA,0,1,0,1,0
"12",12,"1997_108_1",111,1,NA,"1997-07-04","1997-07-08","1997-08-12","1997-08-13",1,1,1,22,165,"CN",1997,1,1,"1997-07-06",1997,"1997-2010",1043,559,0,1,1,1,1,1,1,1,1,1
"13",15,"1997_11_2",24,2,NA,"1997-08-06","1997-08-10",NA,NA,1,0,0,22,16,"CN",1997,0,0,"1997-08-08",1997,"1997-2010",457,868,0,0,1,0,NA,0,1,0,1,0
"14",16,"1997_110_1",113,1,NA,NA,"1997-06-01",NA,"1997-07-05",1,1,1,22,167,"CN",1997,1,1,"1997-06-01",1997,"1997-2010",942,1183,0,0,0,0,NA,1,1,1,1,1
"15",18,"1997_111_2",114,2,NA,"1997-08-01","1997-08-04",NA,NA,1,1,0,22,168,"CN",1997,0,0,"1997-08-02",1997,"1997-2010",3427,605,0,0,3,0,NA,0,1,0,1,0
"16",19,"1997_112_1",115,1,NA,"1997-07-26","1997-08-13",NA,NA,1,0,0,22,169,"CN",1997,0,0,"1997-08-04",1997,"1997-2010",1155,1154,0,0,1,0,NA,0,1,0,1,0
"17",20,"1997_114_1",116,1,NA,"1997-07-18","1997-07-18",NA,NA,1,0,0,22,171,"CN",1997,0,0,"1997-07-18",1997,"1997-2010",524,634,0,0,3,0,NA,0,1,0,1,0
"18",21,"1997_114_2",116,2,NA,"1997-07-24","1997-07-29",NA,NA,1,1,0,22,171,"CN",1997,0,0,"1997-07-26",1997,"1997-2010",524,634,0,0,3,0,NA,0,1,0,1,0
"19",23,"1997_15_1",25,1,1,"1997-07-19","1997-07-19",NA,NA,1,1,0,22,20,"CN",1997,0,0,"1997-07-19",1997,"1997-2010",840,597,0,0,3,1,1,1,1,1,1,1
"20",25,"1997_16_1",26,1,1,"1997-07-24","1997-07-24",NA,NA,1,1,0,22,22,"CN",1997,0,0,"1997-07-24",1997,"1997-2010",172,1861,0,0,1,0,NA,0,1,0,1,0
"21",26,"1997_17_1",27,1,NA,"1997-07-22","1997-07-22",NA,NA,1,0,0,22,23,"CN",1997,0,0,"1997-07-22",1997,"1997-2010",3425,1020,0,0,0,0,NA,0,1,0,1,0
"22",27,"1997_19_1",28,1,NA,NA,"1997-06-01",NA,"1997-07-05",1,1,1,22,25,"CN",1997,1,1,"1997-06-01",1997,"1997-2010",502,215,1,0,0,0,NA,1,1,1,1,1
"23",28,"1997_2_1",17,1,NA,"1997-07-20","1997-07-24",NA,NA,1,0,0,22,3,"CN",1997,0,0,"1997-07-22",1997,"1997-2010",925,837,0,0,2,0,NA,0,1,0,1,0
"24",29,"1997_2_2",17,2,NA,"1997-07-19","1997-07-24","1997-08-26","1997-09-03",2,2,0,22,3,"CN",1997,0,0,"1997-07-21",1997,"1997-2010",925,837,0,0,2,1,0,0,2,0,1,0
"25",29,"1997_2_2",17,2,NA,"1997-07-19","1997-07-24","1997-08-26","1997-09-03",2,2,0,22,3,"CN",1997,0,0,"1997-07-21",1997,"1997-2010",925,837,0,0,2,1,0,0,2,0,2,0
"26",30,"1997_20_1",29,1,NA,"1997-08-07","1997-08-07",NA,NA,1,0,0,22,26,"CN",1997,0,0,"1997-08-07",1997,"1997-2010",924,220,0,0,0,0,NA,0,1,0,1,0
"27",31,"1997_21_1",30,1,NA,"1997-07-19","1997-08-06",NA,NA,1,0,0,22,27,"CN",1997,0,0,"1997-07-28",1997,"1997-2010",1235,1039,0,0,0,0,NA,0,1,0,1,0
"28",32,"1997_22_1",31,1,NA,"1997-07-15","1997-07-20",NA,NA,1,1,0,22,28,"CN",1997,0,0,"1997-07-17",1997,"1997-2010",169,890,0,0,2,0,NA,0,1,0,1,0
"29",33,"1997_23_1",32,1,NA,NA,"1997-06-03",NA,"1997-07-07",1,1,1,22,30,"CN",1997,1,1,"1997-06-03",1997,"1997-2010",3422,507,1,0,0,1,1,1,1,1,1,1
"30",34,"1997_23_2",32,2,NA,"1997-07-29","1997-07-29",NA,NA,1,1,0,22,30,"CN",1997,0,0,"1997-07-29",1997,"1997-2010",3422,507,1,0,0,0,NA,0,1,0,1,0
"31",36,"1997_25_1",34,1,NA,"1997-07-21","1997-07-24",NA,NA,1,0,0,22,33,"CN",1997,0,0,"1997-07-22",1997,"1997-2010",503,470,1,0,1,0,NA,0,1,0,1,0
"32",37,"1997_25_2",34,2,NA,"1997-08-07","1997-08-07",NA,NA,1,0,0,22,33,"CN",1997,0,0,"1997-08-07",1997,"1997-2010",503,470,1,0,1,0,NA,0,1,0,1,0
"33",38,"CN_1997_28_1",35,1,NA,"1997-08-04","1997-08-04",NA,NA,1,0,0,22,38,"CN",1997,0,0,"1997-08-04",1997,"1997-2010",441,1165,0,0,2,0,NA,0,1,0,1,0
"34",39,"1997_29_1",36,1,1,"1997-08-02","1997-08-02",NA,NA,1,0,0,22,40,"CN",1997,0,0,"1997-08-02",1997,"1997-2010",500,494,0,0,6,0,NA,0,1,0,1,0
"35",40,"1997_3.1_1",18,1,NA,NA,"1997-06-01",NA,"1997-07-05",1,1,1,22,5,"CN",1997,1,1,"1997-06-01",1997,"1997-2010",504,44,1,0,0,0,NA,1,1,1,1,1
"36",41,"1997_30.1_1",37,1,NA,"1997-07-25","1997-07-25",NA,NA,2,1,0,22,42,"CN",1997,0,0,"1997-07-25",1997,"1997-2010",199,609,1,1,4,0,NA,0,2,0,1,0
"37",41,"1997_30.1_1",37,1,NA,"1997-07-25","1997-07-25",NA,NA,2,1,0,22,42,"CN",1997,0,0,"1997-07-25",1997,"1997-2010",199,609,1,1,4,0,NA,0,2,0,2,0
"38",43,"1997_32_1",39,1,NA,NA,"1997-06-01",NA,"1997-07-05",1,1,1,22,45,"CN",1997,1,1,"1997-06-01",1997,"1997-2010",454,221,1,1,1,0,NA,1,1,1,1,1
"39",44,"1997_33.1_1",41,1,NA,"1997-07-10","1997-07-10","1997-08-15","1997-08-15",2,2,1,22,48,"CN",1997,0.5,0.5,"1997-07-10",1997,"1997-2010",455,1212,1,1,1,1,1,1,2,0.5,1,1
"40",44,"1997_33.1_1",41,1,NA,"1997-07-10","1997-07-10","1997-08-15","1997-08-15",2,2,1,22,48,"CN",1997,0.5,0.5,"1997-07-10",1997,"1997-2010",455,1212,1,1,1,1,1,1,2,0.5,2,0
"41",45,"1997_33_1",40,1,NA,"1997-07-23","1997-07-23",NA,NA,1,0,0,22,47,"CN",1997,0,0,"1997-07-23",1997,"1997-2010",604,921,0,1,1,0,NA,0,1,0,1,0
"42",46,"1997_34_1",42,1,NA,"1997-07-04","1997-07-16",NA,NA,1,0,0,22,49,"CN",1997,0,0,"1997-07-10",1997,"1997-2010",511,3415,0,0,1,0,NA,0,1,0,1,0
"43",47,"1997_34_2",42,2,NA,"1997-08-11","1997-08-11",NA,NA,1,0,0,22,49,"CN",1997,0,0,"1997-08-11",1997,"1997-2010",511,3415,0,0,1,0,NA,0,1,0,1,0
"44",48,"1997_35_1",43,1,NA,"1997-07-04","1997-07-21",NA,NA,1,0,0,22,51,"CN",1997,0,0,"1997-07-12",1997,"1997-2010",466,51,0,0,1,0,NA,0,1,0,1,0
"45",49,"1997_35_2",43,2,NA,"1997-07-30","1997-08-02",NA,NA,1,0,0,22,51,"CN",1997,0,0,"1997-07-31",1997,"1997-2010",466,51,0,0,1,0,NA,0,1,0,1,0
"46",50,"1997_36_1",44,1,NA,"1997-07-15","1997-07-15",NA,NA,1,0,0,22,52,"CN",1997,0,0,"1997-07-15",1997,"1997-2010",449,1157,0,0,1,0,NA,0,1,0,1,0
"47",52,"1997_37_1",45,1,NA,"1997-07-24","1997-08-11",NA,NA,1,0,0,22,53,"CN",1997,0,0,"1997-08-02",1997,"1997-2010",308,216,1,1,0,0,NA,0,1,0,1,0
"48",53,"1997_38_1",46,1,NA,"1997-07-20","1997-07-20",NA,NA,1,0,0,22,54,"CN",1997,0,0,"1997-07-20",1997,"1997-2010",447,1203,0,0,0,0,NA,0,1,0,1,0
"49",54,"1997_38_2",46,2,NA,"1997-08-06","1997-08-07",NA,NA,1,0,0,22,54,"CN",1997,0,0,"1997-08-06",1997,"1997-2010",447,1203,0,0,0,0,NA,0,1,0,1,0
"50",55,"1997_39_1",47,1,NA,NA,"1997-06-14",NA,"1997-07-18",1,1,1,22,55,"CN",1997,1,1,"1997-06-14",1997,"1997-2010",462,947,0,0,3,0,NA,1,1,1,1,1
"51",58,"1997_41_1",49,1,NA,"1997-07-20","1997-07-20",NA,NA,1,0,0,22,57,"CN",1997,0,0,"1997-07-20",1997,"1997-2010",949,557,0,0,1,0,NA,0,1,0,1,0
"52",59,"1997_41_2",49,2,NA,"1997-08-19","1997-08-19",NA,NA,1,0,0,22,57,"CN",1997,0,0,"1997-08-19",1997,"1997-2010",949,557,0,0,1,0,NA,0,1,0,1,0
"53",61,"1997_44_1",51,1,NA,"1997-07-20","1997-07-20",NA,NA,1,0,0,22,61,"CN",1997,0,0,"1997-07-20",1997,"1997-2010",78,555,0,0,0,0,NA,0,1,0,1,0
"54",62,"1997_45_1",52,1,NA,"1997-07-19","1997-07-25",NA,NA,1,0,0,22,62,"CN",1997,0,0,"1997-07-22",1997,"1997-2010",469,606,1,0,2,0,NA,0,1,0,1,0
"55",63,"1997_45_2",52,2,NA,"1997-08-09","1997-08-09",NA,NA,1,1,1,22,62,"CN",1997,1,1,"1997-08-09",1997,"1997-2010",469,606,1,0,2,0,NA,1,1,1,1,1
"56",64,"1997_46.2_1",54,1,NA,"1997-08-03","1997-08-03",NA,NA,1,0,0,22,65,"CN",1997,0,0,"1997-08-03",1997,"1997-2010",869,453,0,0,0,0,NA,0,1,0,1,0
"57",65,"1997_46_1",53,1,NA,"1997-07-16","1997-07-21",NA,NA,1,1,0,22,63,"CN",1997,0,0,"1997-07-18",1997,"1997-2010",827,176,0,1,1,1,1,1,1,1,1,1
"58",67,"1997_47_1",55,1,NA,"1997-07-13","1997-07-31",NA,NA,1,1,0,22,67,"CN",1997,0,0,"1997-07-22",1997,"1997-2010",561,467,0,0,2,0,NA,0,1,0,1,0
"59",69,"1997_5_1",19,1,NA,"1997-07-21","1997-07-21",NA,NA,1,0,0,22,8,"CN",1997,0,0,"1997-07-21",1997,"1997-2010",596,497,0,0,3,0,NA,0,1,0,1,0
"60",72,"1997_50_1",58,1,1,"1997-08-02","1997-08-02",NA,NA,1,1,0,22,71,"CN",1997,0,0,"1997-08-02",1997,"1997-2010",171,877,0,0,0,0,NA,0,1,0,1,0
"61",73,"1997_51.1_2",61,2,1,"1997-07-06","1997-07-28",NA,NA,1,1,0,22,74,"CN",1997,0,0,"1997-07-17",1997,"1997-2010",835,860,0,0,1,0,NA,0,1,0,1,0
"62",74,"1997_51_1",60,1,1,"1997-08-02","1997-08-02",NA,NA,1,0,0,22,73,"CN",1997,0,0,"1997-08-02",1997,"1997-2010",880,436,0,0,0,0,NA,0,1,0,1,0
"63",75,"1997_52.1_2",63,2,1,"1997-08-02","1997-08-02",NA,NA,1,0,0,22,77,"CN",1997,0,0,"1997-08-02",1997,"1997-2010",1158,1159,0,1,0,0,NA,0,1,0,1,0
"64",76,"1997_52_1",62,1,1,"1997-07-04","1997-07-09","1997-08-12","1997-08-12",1,1,1,22,76,"CN",1997,1,1,"1997-07-06",1997,"1997-2010",628,1037,0,1,2,1,1,1,1,1,1,1
"65",77,"1997_53.1_1",64,1,NA,"1997-07-23","1997-07-23",NA,NA,1,1,0,22,80,"CN",1997,0,0,"1997-07-23",1997,"1997-2010",1173,1041,0,0,3,1,0,0,1,0,1,0
"66",78,"1997_54_1",65,1,NA,"1997-07-10","1997-07-18",NA,NA,1,1,0,22,81,"CN",1997,0,0,"1997-07-14",1997,"1997-2010",853,865,0,0,1,1,1,1,1,1,1,1
"67",79,"1997_56_1",66,1,NA,"1997-07-27","1997-07-27",NA,NA,1,0,0,22,83,"CN",1997,0,0,"1997-07-27",1997,"1997-2010",832,523,0,0,0,0,NA,0,1,0,1,0
"68",80,"1997_57_1",67,1,NA,"1997-07-06","1997-07-06",NA,NA,1,0,0,22,84,"CN",1997,0,0,"1997-07-06",1997,"1997-2010",450,629,0,0,1,0,NA,0,1,0,1,0
"69",81,"1997_57_2",67,2,NA,"1997-07-14","1997-07-14",NA,NA,1,0,0,22,84,"CN",1997,0,0,"1997-07-14",1997,"1997-2010",450,629,0,0,1,0,NA,0,1,0,1,0
"70",82,"1997_59.1_1",69,1,NA,"1997-07-19","1997-07-19",NA,NA,1,0,0,22,88,"CN",1997,0,0,"1997-07-19",1997,"1997-2010",951,1196,0,0,0,0,NA,0,1,0,1,0
"71",83,"1997_59_1",68,1,NA,"1997-07-19","1997-07-19",NA,NA,1,1,0,22,87,"CN",1997,0,0,"1997-07-19",1997,"1997-2010",479,866,0,0,1,1,1,1,1,1,1,1
"72",84,"1997_60.1_1",71,1,NA,"1997-07-15","1997-07-31",NA,NA,1,0,0,22,90,"CN",1997,0,0,"1997-07-23",1997,"1997-2010",862,632,0,0,1,0,NA,0,1,0,1,0
"73",85,"1997_60_1",70,1,NA,"1997-07-04","1997-07-07","1997-08-07","1997-08-07",1,1,1,22,89,"CN",1997,1,1,"1997-07-05",1997,"1997-2010",168,884,1,1,2,0,NA,1,1,1,1,1
"74",86,"1997_63_1",72,1,NA,"1997-07-26","1997-08-13",NA,NA,1,0,0,22,94,"CN",1997,0,0,"1997-08-04",1997,"1997-2010",855,854,0,1,0,0,NA,0,1,0,1,0
"75",88,"1997_67_1",74,1,NA,"1997-07-17","1997-07-17",NA,NA,1,1,0,22,99,"CN",1997,0,0,"1997-07-17",1997,"1997-2010",640,525,0,0,0,0,NA,0,1,0,1,0
"76",89,"1997_69_1",75,1,NA,"1997-07-19","1997-07-19",NA,NA,1,1,0,22,101,"CN",1997,0,0,"1997-07-19",1997,"1997-2010",3411,849,0,0,0,0,NA,0,1,0,1,0
"77",90,"1997_7_1",20,1,NA,"1997-07-29","1997-08-01",NA,NA,1,0,0,22,12,"CN",1997,0,0,"1997-07-30",1997,"1997-2010",833,200,0,0,0,0,NA,0,1,0,1,0
"78",91,"1997_7_2",20,2,NA,"1997-08-02","1997-08-02",NA,NA,2,0,0,22,12,"CN",1997,0,0,"1997-08-02",1997,"1997-2010",833,200,0,0,0,0,NA,0,2,0,1,0
"79",91,"1997_7_2",20,2,NA,"1997-08-02","1997-08-02",NA,NA,2,0,0,22,12,"CN",1997,0,0,"1997-08-02",1997,"1997-2010",833,200,0,0,0,0,NA,0,2,0,2,0
"80",92,"1997_70_1",76,1,NA,"1997-07-25","1997-07-25",NA,NA,1,0,0,22,102,"CN",1997,0,0,"1997-07-25",1997,"1997-2010",635,636,0,0,1,0,NA,0,1,0,1,0
"81",93,"1997_70_2",76,2,NA,"1997-08-05","1997-08-05",NA,NA,1,0,0,22,102,"CN",1997,0,0,"1997-08-05",1997,"1997-2010",635,636,0,0,1,0,NA,0,1,0,1,0
"82",96,"1997_72_2",78,2,NA,"1997-07-27","1997-07-27",NA,NA,3,1,0,22,104,"CN",1997,0,0,"1997-07-27",1997,"1997-2010",530,637,0,2,3,0,NA,0,3,0,1,0
"83",96,"1997_72_2",78,2,NA,"1997-07-27","1997-07-27",NA,NA,3,1,0,22,104,"CN",1997,0,0,"1997-07-27",1997,"1997-2010",530,637,0,2,3,0,NA,0,3,0,2,0
"84",96,"1997_72_2",78,2,NA,"1997-07-27","1997-07-27",NA,NA,3,1,0,22,104,"CN",1997,0,0,"1997-07-27",1997,"1997-2010",530,637,0,2,3,0,NA,0,3,0,3,0
"85",97,"1997_73_1",79,1,NA,"1997-07-23","1997-07-27",NA,NA,3,0,0,22,105,"CN",1997,0,0,"1997-07-25",1997,"1997-2010",670,1211,0,0,2,0,NA,0,3,0,1,0
"86",97,"1997_73_1",79,1,NA,"1997-07-23","1997-07-27",NA,NA,3,0,0,22,105,"CN",1997,0,0,"1997-07-25",1997,"1997-2010",670,1211,0,0,2,0,NA,0,3,0,2,0
"87",97,"1997_73_1",79,1,NA,"1997-07-23","1997-07-27",NA,NA,3,0,0,22,105,"CN",1997,0,0,"1997-07-25",1997,"1997-2010",670,1211,0,0,2,0,NA,0,3,0,3,0
"88",99,"1997_74_2",80,2,NA,"1997-08-03","1997-08-03",NA,NA,1,0,0,22,106,"CN",1997,0,0,"1997-08-03",1997,"1997-2010",1206,1176,0,0,0,0,NA,0,1,0,1,0
"89",100,"1997_75_1",81,1,NA,"1997-07-26","1997-07-26",NA,NA,1,1,0,22,108,"CN",1997,0,0,"1997-07-26",1997,"1997-2010",1022,1166,0,0,0,0,NA,0,1,0,1,0
"90",102,"1997_77_1",83,1,NA,NA,"1997-06-06",NA,"1997-07-10",1,1,1,22,110,"CN",1997,1,1,"1997-06-06",1997,"1997-2010",1017,1018,1,0,1,0,NA,1,1,1,1,1
"91",103,"1997_78_1",84,1,NA,"1997-08-02","1997-08-02",NA,NA,1,0,0,22,112,"CN",1997,0,0,"1997-08-02",1997,"1997-2010",1160,836,0,0,1,0,NA,0,1,0,1,0
"92",104,"1997_8_1",21,1,1,"1997-06-23","1997-07-11",NA,NA,1,0,0,22,13,"CN",1997,0,0,"1997-07-02",1997,"1997-2010",823,562,0,0,1,0,NA,0,1,0,1,0
"93",105,"1997_8_2",21,2,2,"1997-07-29","1997-07-29",NA,NA,1,0,0,22,13,"CN",1997,0,0,"1997-07-29",1997,"1997-2010",823,562,0,0,1,0,NA,0,1,0,1,0
"94",106,"1997_80_1",85,1,NA,NA,"1997-06-01",NA,"1997-07-05",1,1,1,22,115,"CN",1997,1,1,"1997-06-01",1997,"1997-2010",329,1862,1,1,2,1,1,1,1,1,1,1
"95",107,"1997_81_1",3317,1,NA,"1997-07-18","1997-07-29",NA,NA,1,1,0,22,116,"CN",1997,0,0,"1997-07-23",1997,"1997-2010",NA,776,0,0,4,0,NA,0,1,0,1,0
"96",108,"1997_82.1_1",87,1,1,"1997-06-25","1997-07-13",NA,NA,1,0,0,22,118,"CN",1997,0,0,"1997-07-04",1997,"1997-2010",1190,1191,0,0,1,0,NA,0,1,0,1,0
"97",110,"1997_82.2_1",88,1,NA,"1997-07-19","1997-07-19",NA,NA,1,0,0,22,119,"CN",1997,0,0,"1997-07-19",1997,"1997-2010",1192,NA,0,0,1,0,NA,0,1,0,1,0
"98",111,"1997_82_1",86,1,NA,"1997-07-12","1997-07-12",NA,NA,1,0,0,22,117,"CN",1997,0,0,"1997-07-12",1997,"1997-2010",774,1198,0,0,0,0,NA,0,1,0,1,0
"99",112,"1997_83_1",89,1,NA,"1997-07-20","1997-07-20",NA,NA,1,0,0,22,121,"CN",1997,0,0,"1997-07-20",1997,"1997-2010",3408,1189,0,0,0,0,NA,0,1,0,1,0
"100",114,"1997_84_1",90,1,NA,"1997-08-12","1997-08-13",NA,NA,1,0,0,22,123,"CN",1997,0,0,"1997-08-12",1997,"1997-2010",508,602,0,0,0,0,NA,0,1,0,1,0
"101",115,"1997_85_1",91,1,NA,"1997-07-19","1997-07-19",NA,NA,1,0,0,22,125,"CN",1997,0,0,"1997-07-19",1997,"1997-2010",638,633,0,1,2,0,NA,0,1,0,1,0
"102",117,"1997_87_1",93,1,NA,"1997-07-20","1997-08-01",NA,NA,1,0,0,22,127,"CN",1997,0,0,"1997-07-26",1997,"1997-2010",1024,676,0,0,0,0,NA,0,1,0,1,0
"103",118,"1997_88.1_1",95,1,NA,"1997-07-19","1997-08-06",NA,NA,1,0,0,22,130,"CN",1997,0,0,"1997-07-28",1997,"1997-2010",663,549,0,0,0,0,NA,0,1,0,1,0
"104",119,"1997_88_1",94,1,1,"1997-07-21","1997-07-21",NA,NA,1,1,0,22,129,"CN",1997,0,0,"1997-07-21",1997,"1997-2010",675,846,0,0,1,1,1,1,1,1,1,1
"105",120,"1997_9_1",22,1,NA,"1997-06-29","1997-07-05",NA,NA,2,2,1,22,14,"CN",1997,0.5,0.5,"1997-07-02",1997,"1997-2010",458,499,2,2,1,1,1,1,2,0.5,1,1
"106",120,"1997_9_1",22,1,NA,"1997-06-29","1997-07-05",NA,NA,2,2,1,22,14,"CN",1997,0.5,0.5,"1997-07-02",1997,"1997-2010",458,499,2,2,1,1,1,1,2,0.5,2,0
"107",121,"1997_90_1",96,1,1,NA,"1997-05-31",NA,"1997-07-04",1,1,1,22,132,"CN",1997,1,1,"1997-05-31",1997,"1997-2010",1182,851,1,0,1,1,1,1,1,1,1,1
"108",122,"1997_90_2",96,2,2,"1997-07-23","1997-08-01",NA,NA,1,1,0,22,132,"CN",1997,0,0,"1997-07-27",1997,"1997-2010",1182,851,1,0,1,1,0,0,1,0,1,0
"109",123,"CN_1997_92.1_2",98,1,1,NA,"1997-06-09",NA,"1997-07-13",1,1,1,22,135,"CN",1997,1,1,"1997-06-09",1997,"1997-2010",915,941,1,0,1,1,1,1,1,1,1,1
"110",124,"1997_92.1_2",98,2,2,"1997-07-26","1997-07-31",NA,NA,1,1,0,22,135,"CN",1997,0,0,"1997-07-28",1997,"1997-2010",915,941,1,0,1,1,1,1,1,1,1,1
"111",125,"1997_92_1",97,1,1,"1997-08-01","1997-08-01",NA,NA,1,0,0,22,134,"CN",1997,0,0,"1997-08-01",1997,"1997-2010",543,540,0,0,1,0,NA,0,1,0,1,0
"112",126,"1997_92_2",97,2,NA,"1997-08-01","1997-08-01",NA,NA,1,0,0,22,134,"CN",1997,0,0,"1997-08-01",1997,"1997-2010",543,540,0,0,1,0,NA,0,1,0,1,0
"113",127,"1997_93_1",99,1,1,NA,"1997-07-01","1997-08-08","1997-08-08",1,1,0,22,137,"CN",1997,0,0,"1997-07-01",1997,"1997-2010",845,674,1,0,2,1,1,1,1,1,1,1
"114",128,"1997_94.1_1",101,1,1,"1997-07-14","1997-07-20",NA,NA,1,0,0,22,139,"CN",1997,0,0,"1997-07-17",1997,"1997-2010",1172,1171,0,0,0,0,NA,0,1,0,1,0
"115",129,"1997_94_1",100,1,1,"1997-07-05","1997-07-23",NA,NA,1,0,0,22,138,"CN",1997,0,0,"1997-07-14",1997,"1997-2010",472,847,0,0,0,0,NA,0,1,0,1,0
"116",130,"1997_95_1",102,1,1,"1997-07-16","1997-07-16",NA,NA,2,0,0,22,141,"CN",1997,0,0,"1997-07-16",1997,"1997-2010",677,550,0,1,3,0,NA,0,2,0,1,0
"117",130,"1997_95_1",102,1,1,"1997-07-16","1997-07-16",NA,NA,2,0,0,22,141,"CN",1997,0,0,"1997-07-16",1997,"1997-2010",677,550,0,1,3,0,NA,0,2,0,2,0
"118",131,"1997_96_1",103,1,1,"1997-07-17","1997-07-17",NA,NA,1,0,0,22,144,"CN",1997,0,0,"1997-07-17",1997,"1997-2010",665,208,0,0,1,0,NA,0,1,0,1,0
"119",132,"1997_97.1_1",104,1,1,NA,"1997-06-01",NA,"1997-07-05",1,1,1,22,147,"CN",1997,1,1,"1997-06-01",1997,"1997-2010",844,668,1,0,1,0,NA,1,1,1,1,1
"120",133,"1998_1.1_1",119,1,NA,NA,"1997-11-15",NA,"1997-12-19",1,1,1,23,2,"CN",1998,1,1,"1997-11-15",1997,"1997-2010",927,501,1,0,3,1,1,1,1,1,1,1
"121",135,"1998_1.1_3",188,2,NA,"1998-08-23","1998-08-23",NA,NA,1,1,0,25,2,"CN",1998,0,0,"1998-08-23",1998,"1997-2010",927,501,0,0,4,1,0,0,1,0,1,0
"122",136,"1998_1_1",118,1,NA,NA,"1997-11-16",NA,"1997-12-20",1,1,1,23,1,"CN",1998,1,1,"1997-11-16",1997,"1997-2010",912,922,1,0,0,1,1,1,1,1,1,1
"123",137,"1998_1_2",187,1,1,"1998-08-07","1998-08-08","1998-09-10","1998-09-20",2,2,1,25,1,"CN",1998,0.5,0.5,"1998-08-07",1998,"1997-2010",912,922,0,0,2,0,NA,1,2,0.5,1,1
"124",137,"1998_1_2",187,1,1,"1998-08-07","1998-08-08","1998-09-10","1998-09-20",2,2,1,25,1,"CN",1998,0.5,0.5,"1998-08-07",1998,"1997-2010",912,922,0,0,2,0,NA,1,2,0.5,2,0
"125",138,"1998_10_1",126,1,NA,NA,"1997-11-17",NA,"1997-12-21",1,1,1,23,15,"CN",1998,1,1,"1997-11-17",1997,"1997-2010",859,929,1,0,1,0,NA,1,1,1,1,1
"126",142,"1998_101.1_2",272,2,2,"1998-08-04","1998-08-04",NA,NA,1,0,0,25,155,"CN",1998,0,0,"1998-08-04",1998,"1997-2010",639,1028,1,0,0,0,NA,0,1,0,1,0
"127",143,"1998_102_1",273,1,NA,"1998-08-10","1998-08-28",NA,NA,1,0,0,25,157,"CN",1998,0,0,"1998-08-19",1998,"1997-2010",666,1151,0,0,0,0,NA,0,1,0,1,0
"128",145,"1998_103.1_1",180,1,NA,NA,"1997-11-27",NA,"1997-12-31",1,1,1,23,159,"CN",1998,1,1,"1997-11-27",1997,"1997-2010",1299,544,1,0,0,1,1,1,1,1,1,1
"129",146,"1998_104_1",181,1,NA,NA,"1997-11-27",NA,"1997-12-31",1,1,1,23,160,"CN",1998,1,1,"1997-11-27",1997,"1997-2010",563,545,1,0,0,0,NA,1,1,1,1,1
"130",148,"1998_107_1",182,1,1,"1997-11-30","1997-12-22","1998-01-08","1998-01-28",1,1,1,23,164,"CN",1998,1,1,"1997-12-11",1997,"1997-2010",627,509,1,0,0,0,NA,1,1,1,1,1
"131",149,"1998_107_2",275,2,2,"1998-08-03","1998-08-03",NA,NA,1,0,0,25,164,"CN",1998,0,0,"1998-08-03",1998,"1997-2010",627,509,0,0,0,0,NA,0,1,0,1,0
"132",151,"1998_108_1",183,1,1,"1997-11-22","1997-12-14",NA,NA,1,1,1,23,165,"CN",1998,1,1,"1997-12-03",1997,"1997-2010",1043,559,1,1,1,1,1,1,1,1,1,1
"133",152,"1998_108_2",276,2,2,"1998-07-28","1998-07-28",NA,NA,1,0,0,25,165,"CN",1998,0,0,"1998-07-28",1998,"1997-2010",1043,1276,0,0,0,0,NA,0,1,0,1,0
"134",153,"1998_109_1",184,1,NA,NA,"1997-11-16",NA,"1997-12-20",1,1,1,23,166,"CN",1998,1,1,"1997-11-16",1997,"1997-2010",1177,3398,1,0,2,1,1,1,1,1,1,1
"135",154,"1998_109_2",277,2,NA,NA,"1998-08-27","1998-09-23","1998-10-06",1,0,0,25,166,"CN",1998,0,0,"1998-08-27",1998,"1997-2010",1177,1395,0,0,1,0,NA,0,1,0,1,0
"136",156,"1998_11_1",127,1,1,NA,"1997-11-17",NA,"1997-12-21",1,1,1,23,16,"CN",1998,1,1,"1997-11-17",1997,"1997-2010",457,868,1,0,0,0,NA,1,1,1,1,1
"137",157,"1998_11_2",199,1,1,"1998-07-19","1998-07-19","1998-08-23","1998-08-23",1,1,0,25,16,"CN",1998,0,0,"1998-07-19",1998,"1997-2010",457,868,0,0,1,0,NA,0,1,0,1,0
"138",158,"1998_111_1",185,1,NA,NA,"1997-11-16",NA,"1997-12-20",1,1,1,23,168,"CN",1998,1,1,"1997-11-16",1997,"1997-2010",1271,605,1,0,1,1,1,1,1,1,1,1
"139",159,"1998_111_2",278,2,NA,"1998-07-22","1998-07-22","1998-09-01","1998-09-01",1,1,1,25,168,"CN",1998,1,1,"1998-07-22",1998,"1997-2010",1271,605,1,1,2,0,NA,1,1,1,1,1
"140",162,"1998_114_3",279,3,1,"1998-07-08","1998-07-08",NA,NA,1,0,0,25,171,"CN",1998,0,0,"1998-07-08",1998,"1997-2010",524,634,0,1,1,0,NA,0,1,0,1,0
"141",164,"1998_114_5",279,5,2,"1998-08-12","1998-08-12",NA,NA,1,1,0,25,171,"CN",1998,0,0,"1998-08-12",1998,"1997-2010",524,634,0,1,1,0,NA,0,1,0,1,0
"142",165,"1998_114_6",279,6,3,"1998-09-19","1998-09-19",NA,NA,1,0,0,25,171,"CN",1998,0,0,"1998-09-19",1998,"1997-2010",524,634,0,1,1,0,NA,0,1,0,1,0
"143",167,"1998_15_2",128,2,1,"1998-01-13","1998-01-13",NA,NA,1,0,0,23,20,"CN",1998,0,0,"1998-01-13",1998,"1997-2010",840,597,0,0,0,0,NA,0,1,0,1,0
"144",168,"1998_15_3",128,3,2,"1998-02-04","1998-02-04",NA,NA,1,0,0,23,20,"CN",1998,0,0,"1998-02-04",1998,"1997-2010",840,597,0,0,0,0,NA,0,1,0,1,0
"145",171,"1998_15_6",200,3,NA,"1998-08-10","1998-08-11","1998-09-11","1998-09-15",1,1,0,25,20,"CN",1998,0,0,"1998-08-10",1998,"1997-2010",840,597,0,0,1,1,1,1,1,1,1,1
"146",173,"1998_16_2",201,1,1,"1998-07-23","1998-07-23","1998-08-24","1998-08-26",1,1,1,25,22,"CN",1998,1,1,"1998-07-23",1998,"1997-2010",1345,1164,0,0,0,1,1,1,1,1,1,1
"147",175,"1998_17_2",130,2,1,"1998-03-14","1998-03-14",NA,NA,1,0,0,23,23,"CN",1998,0,0,"1998-03-14",1998,"1997-2010",1247,1020,0,0,0,0,NA,0,1,0,1,0
"148",176,"1998_17_3",202,1,2,"1998-08-14","1998-08-14",NA,NA,1,1,0,25,23,"CN",1998,0,0,"1998-08-14",1998,"1997-2010",1247,1020,0,0,0,0,NA,0,1,0,1,0
"149",177,"1998_18_1",203,1,NA,"1998-08-18","1998-08-18",NA,NA,1,1,0,25,24,"CN",1998,0,0,"1998-08-18",1998,"1997-2010",1059,1167,0,0,0,0,NA,0,1,0,1,0
"150",178,"1998_19_1",131,1,1,NA,"1997-11-18",NA,"1997-12-22",1,1,1,23,25,"CN",1998,1,1,"1997-11-18",1997,"1997-2010",502,215,1,1,0,0,NA,1,1,1,1,1
"151",179,"1998_19_2",204,1,1,"1998-07-15","1998-07-15",NA,NA,1,0,0,25,25,"CN",1998,0,0,"1998-07-15",1998,"1997-2010",502,215,1,0,1,0,NA,0,1,0,1,0
"152",180,"1998_19_3",204,2,2,"1998-08-02","1998-08-02",NA,NA,1,0,0,25,25,"CN",1998,0,0,"1998-08-02",1998,"1997-2010",502,215,1,0,1,0,NA,0,1,0,1,0
"153",181,"1998_2_1",120,1,1,"1998-02-03","1998-02-03",NA,NA,1,1,0,23,3,"CN",1998,0,0,"1998-02-03",1998,"1997-2010",925,837,0,0,1,1,1,1,1,1,1,1
"154",182,"1998_2_2",189,1,1,"1998-07-27","1998-08-04","1998-08-25","1998-09-12",1,0,0,25,3,"CN",1998,0,0,"1998-07-31",1998,"1997-2010",925,837,0,0,0,0,NA,0,1,0,1,0
"155",183,"1998_2_3",189,2,NA,"1998-08-20","1998-08-20",NA,NA,1,0,0,25,3,"CN",1998,0,0,"1998-08-20",1998,"1997-2010",925,837,0,0,0,0,NA,0,1,0,1,0
"156",184,"1998_2_4",189,3,NA,"1998-09-05","1998-09-05",NA,NA,1,0,0,25,3,"CN",1998,0,0,"1998-09-05",1998,"1997-2010",925,837,0,0,0,0,NA,0,1,0,1,0
"157",185,"1998_20_1",132,1,1,"1997-12-08","1997-12-26",NA,NA,1,1,1,23,26,"CN",1998,1,1,"1997-12-17",1997,"1997-2010",924,220,1,0,1,0,NA,1,1,1,1,1
"158",187,"1998_21_1",133,1,NA,"1997-12-31","1997-12-31","1998-01-27",NA,1,1,1,23,27,"CN",1998,1,1,"1997-12-31",1997,"1997-2010",1235,1039,0,0,1,0,NA,1,1,1,1,1
"159",188,"1998_21_2",206,1,NA,"1998-08-03","1998-08-03",NA,NA,1,0,0,25,27,"CN",1998,0,0,"1998-08-03",1998,"1997-2010",1235,1039,0,0,0,0,NA,0,1,0,1,0
"160",189,"1998_21_3",206,2,NA,"1998-07-30","1998-08-05",NA,NA,1,0,0,25,27,"CN",1998,0,0,"1998-08-02",1998,"1997-2010",1235,1039,0,0,0,0,NA,0,1,0,1,0
"161",190,"1998_21_4",206,3,NA,"1998-09-06","1998-09-06",NA,NA,1,0,0,25,27,"CN",1998,0,0,"1998-09-06",1998,"1997-2010",1235,1039,0,0,0,0,NA,0,1,0,1,0
"162",191,"1998_22_1",207,1,NA,"1998-06-24","1998-06-25",NA,NA,1,0,0,25,28,"CN",1998,0,0,"1998-06-24",1998,"1997-2010",169,890,0,0,1,0,NA,0,1,0,1,0
"163",193,"1998_22_3",207,3,1,"1998-07-20","1998-07-20",NA,NA,1,0,0,25,28,"CN",1998,0,0,"1998-07-20",1998,"1997-2010",169,890,0,0,1,0,NA,0,1,0,1,0
"164",194,"1998_22_4",207,4,2,"1998-08-23","1998-08-23",NA,NA,1,1,0,25,28,"CN",1998,0,0,"1998-08-23",1998,"1997-2010",169,890,0,0,1,1,0,0,1,0,1,0
"165",195,"1998_23_1",134,1,NA,NA,"1997-11-17",NA,"1997-12-21",1,1,1,23,30,"CN",1998,1,1,"1997-11-17",1997,"1997-2010",1246,507,1,0,1,0,NA,1,1,1,1,1
"166",196,"1998_23_2",208,1,NA,"1998-07-12","1998-07-21","1998-08-21","1998-08-21",1,1,1,25,30,"CN",1998,1,1,"1998-07-16",1998,"1997-2010",1246,507,1,1,0,1,1,1,1,1,1,1
"167",199,"1998_24_3",209,3,NA,"1998-08-12","1998-08-12",NA,NA,1,0,0,25,32,"CN",1998,0,0,"1998-08-12",1998,"1997-2010",825,672,1,0,1,0,NA,0,1,0,1,0
"168",200,"1998_24_4",209,4,NA,"1998-09-05","1998-09-05",NA,NA,1,1,1,25,32,"CN",1998,1,1,"1998-09-05",1998,"1997-2010",825,672,1,0,1,1,0,1,1,1,1,1
"169",201,"1998_25_1",210,1,NA,"1998-08-18","1998-08-18",NA,NA,1,0,0,25,33,"CN",1998,0,0,"1998-08-18",1998,"1997-2010",503,470,0,0,1,0,NA,0,1,0,1,0
"170",203,"1998_26.1_2",2388,1,NA,"1998-06-23","1998-06-23",NA,NA,1,0,0,25,35,"CN",1998,0,0,"1998-06-23",1998,"1997-2010",444,1166,1,0,0,0,NA,0,1,0,1,0
"171",204,"1998_26.1_3",2388,2,NA,"1998-07-15","1998-07-15","1998-08-19","1998-08-19",1,1,1,25,35,"CN",1998,1,1,"1998-07-15",1998,"1997-2010",444,1166,1,0,0,1,1,1,1,1,1,1
"172",206,"1998_27_2",211,2,NA,"1998-09-14","1998-09-14",NA,NA,1,0,0,25,37,"CN",1998,0,0,"1998-09-14",1998,"1997-2010",1218,886,0,0,0,0,NA,0,1,0,1,0
"173",207,"1998_28_1",135,1,NA,"1997-11-13","1997-12-05",NA,NA,1,1,1,23,38,"CN",1998,1,1,"1997-11-24",1997,"1997-2010",441,1165,1,0,0,1,1,1,1,1,1,1
"174",208,"1998_28_2",212,2,NA,"1998-06-23","1998-06-24",NA,NA,1,0,0,25,38,"CN",1998,0,0,"1998-06-23",1998,"1997-2010",441,1165,1,0,1,0,NA,0,1,0,1,0
"175",209,"1998_29_1",136,1,1,"1997-11-30","1997-12-08","1998-01-10","1998-01-10",1,1,1,23,40,"CN",1998,1,1,"1997-12-04",1997,"1997-2010",500,494,1,0,0,1,1,1,1,1,1,1
"176",210,"1998_29_2",213,2,2,"1998-08-05","1998-08-05","1998-09-17","1998-09-17",1,1,0,25,40,"CN",1998,0,0,"1998-08-05",1998,"1997-2010",1347,494,0,0,3,1,1,1,1,1,1,1
"177",211,"1998_3.1_1",121,1,NA,"1997-12-31","1997-12-31",NA,NA,1,0,0,23,5,"CN",1998,0,0,"1997-12-31",1997,"1997-2010",504,44,0,0,3,0,NA,0,1,0,1,0
"178",212,"1998_3.1_2",191,1,NA,"1998-08-06","1998-08-06",NA,NA,1,0,0,25,5,"CN",1998,0,0,"1998-08-06",1998,"1997-2010",504,44,0,0,1,0,NA,0,1,0,1,0
"179",213,"1998_3.1_3",191,2,NA,"1998-09-11","1998-09-11",NA,NA,1,0,0,25,5,"CN",1998,0,0,"1998-09-11",1998,"1997-2010",504,44,0,0,1,0,NA,0,1,0,1,0
"180",214,"1998_3_1",190,1,1,"1998-08-08","1998-08-08",NA,NA,1,0,0,25,4,"CN",1998,0,0,"1998-08-08",1998,"1997-2010",1392,911,0,0,0,0,NA,0,1,0,1,0
"181",216,"1998_30.1_2",214,2,NA,"1998-07-23","1998-07-26","1998-08-30","1998-08-31",1,1,1,25,42,"CN",1998,1,1,"1998-07-24",1998,"1997-2010",199,609,1,2,0,1,1,1,1,1,1,1
"182",217,"1998_30.2_1",215,1,NA,"1998-08-15","1998-08-15",NA,NA,1,0,0,25,43,"CN",1998,0,0,"1998-08-15",1998,"1997-2010",3134,1029,0,0,0,0,NA,0,1,0,1,0
"183",218,"1998_32_1",138,1,NA,"1998-01-04","1998-01-04",NA,NA,1,1,0,23,45,"CN",1998,0,0,"1998-01-04",1998,"1997-2010",454,221,0,1,1,0,NA,0,1,0,1,0
"184",219,"1998_32_2",216,2,NA,"1998-08-04","1998-08-04","1998-09-08","1998-09-08",1,1,1,25,45,"CN",1998,1,1,"1998-08-04",1998,"1997-2010",454,221,1,1,1,0,NA,1,1,1,1,1
"185",220,"1998_33.1_1",218,1,NA,"1998-08-26","1998-08-26",NA,NA,1,0,0,25,48,"CN",1998,0,0,"1998-08-26",1998,"1997-2010",826,1212,0,0,1,0,NA,0,1,0,1,0
"186",221,"1998_33_1",140,1,NA,"1997-12-15","1998-01-02",NA,NA,1,0,0,23,48,"CN",1998,0,0,"1997-12-24",1997,"1997-2010",826,1212,0,0,1,0,NA,0,1,0,1,0
"187",222,"1998_33_2",139,2,NA,"1998-02-03","1998-02-07",NA,NA,1,0,0,23,47,"CN",1998,0,0,"1998-02-05",1998,"1997-2010",604,921,0,1,3,0,NA,0,1,0,1,0
"188",223,"1998_33_3",217,3,NA,"1998-07-13","1998-07-19","1998-08-16","1998-08-16",1,1,0,25,47,"CN",1998,0,0,"1998-07-16",1998,"1997-2010",604,921,1,1,0,1,1,1,1,1,1,1
"189",224,"1998_34_1",219,1,NA,"1998-07-13","1998-07-19","1998-08-18","1998-08-24",1,1,0,25,49,"CN",1998,0,0,"1998-07-16",1998,"1997-2010",511,1274,1,1,0,1,1,1,1,1,1,1
"190",225,"1998_35_1",220,1,NA,"1998-08-11","1998-08-17","1998-09-19","1998-09-19",1,1,1,25,51,"CN",1998,1,1,"1998-08-14",1998,"1997-2010",466,51,1,0,1,0,NA,1,1,1,1,1
"191",226,"1998_37_1",141,1,NA,NA,"1997-11-22",NA,"1997-12-26",1,1,1,23,53,"CN",1998,1,1,"1997-11-22",1997,"1997-2010",308,216,1,1,1,0,NA,1,1,1,1,1
"192",227,"1998_37_2",221,2,NA,"1998-07-21","1998-07-21","1998-08-30","1998-08-30",2,2,1,25,53,"CN",1998,0.5,0.5,"1998-07-21",1998,"1997-2010",308,216,0,1,3,1,1,1,2,0.5,1,1
"193",227,"1998_37_2",221,2,NA,"1998-07-21","1998-07-21","1998-08-30","1998-08-30",2,2,1,25,53,"CN",1998,0.5,0.5,"1998-07-21",1998,"1997-2010",308,216,0,1,3,1,1,1,2,0.5,2,0
"194",228,"1998_38_1",222,1,NA,"1998-07-01","1998-07-01",NA,NA,1,1,0,25,54,"CN",1998,0,0,"1998-07-01",1998,"1997-2010",447,1203,1,0,0,0,NA,0,1,0,1,0
"195",230,"1998_38_2",222,2,1,"1998-08-29","1998-08-29","1998-10-01","1998-10-03",1,1,1,25,54,"CN",1998,1,1,"1998-08-29",1998,"1997-2010",447,1203,1,0,0,0,NA,1,1,1,1,1
"196",231,"1998_39_1",223,1,NA,"1998-08-13","1998-08-13",NA,NA,1,0,0,25,55,"CN",1998,0,0,"1998-08-13",1998,"1997-2010",462,NA,0,2,1,0,NA,0,1,0,1,0
"197",233,"1998_41_1",142,1,NA,NA,"1997-11-17",NA,"1997-12-21",1,1,1,23,57,"CN",1998,1,1,"1997-11-17",1997,"1997-2010",949,557,1,0,0,1,1,1,1,1,1,1
"198",234,"1998_41_2",224,2,NA,"1998-08-23","1998-08-23",NA,NA,1,1,0,25,57,"CN",1998,0,0,"1998-08-23",1998,"1997-2010",949,557,0,0,2,0,NA,0,1,0,1,0
"199",235,"1998_42_1",143,1,NA,NA,"1997-11-17",NA,"1997-12-21",1,1,1,23,59,"CN",1998,1,1,"1997-11-17",1997,"1997-2010",850,510,1,0,4,1,1,1,1,1,1,1
"200",236,"1998_42_2",225,2,NA,"1998-08-25","1998-08-25",NA,NA,1,0,0,25,59,"CN",1998,0,0,"1998-08-25",1998,"1997-2010",163,510,0,0,2,0,NA,0,1,0,1,0
"201",237,"1998_43_1",226,1,NA,"1998-08-25","1998-08-25",NA,NA,1,1,0,25,60,"CN",1998,0,0,"1998-08-25",1998,"1997-2010",1026,1032,0,0,2,1,0,0,1,0,1,0
"202",239,"1998_44_2",227,2,NA,"1998-08-22","1998-08-22",NA,NA,1,0,0,25,61,"CN",1998,0,0,"1998-08-22",1998,"1997-2010",78,607,0,0,0,0,NA,0,1,0,1,0
"203",240,"1998_45_1",144,1,NA,"1998-01-22","1998-02-09",NA,NA,1,0,0,23,62,"CN",1998,0,0,"1998-01-31",1998,"1997-2010",469,606,0,1,2,0,NA,0,1,0,1,0
"204",241,"1998_45_2",228,2,NA,"1998-07-12","1998-07-23","1998-08-15","1998-09-01",1,0,0,25,62,"CN",1998,0,0,"1998-07-17",1998,"1997-2010",469,607,0,0,1,0,NA,0,1,0,1,0
"205",242,"1998_45_3",228,3,NA,"1998-07-29","1998-08-10","1998-09-06","1998-09-13",1,1,1,25,62,"CN",1998,1,1,"1998-08-04",1998,"1997-2010",469,607,0,0,1,1,1,1,1,1,1,1
"206",243,"1998_46.1_1",230,1,NA,"1998-07-14","1998-07-14","1998-08-16","1998-08-16",1,1,1,25,64,"CN",1998,1,1,"1998-07-14",1998,"1997-2010",848,1370,1,0,0,0,NA,1,1,1,1,1
"207",245,"1998_46.2_2",231,2,NA,"1998-08-05","1998-08-05","1998-09-09","1998-09-09",1,1,0,25,65,"CN",1998,0,0,"1998-08-05",1998,"1997-2010",869,453,0,0,1,1,1,1,1,1,1,1
"208",246,"1998_46_1",229,1,NA,"1998-08-21","1998-08-21",NA,NA,1,0,0,25,63,"CN",1998,0,0,"1998-08-21",1998,"1997-2010",1042,176,0,0,0,0,NA,0,1,0,1,0
"209",247,"1998_46_2",229,2,NA,"1998-09-12","1998-09-12",NA,NA,1,0,0,25,63,"CN",1998,0,0,"1998-09-12",1998,"1997-2010",1042,176,0,0,0,0,NA,0,1,0,1,0
"210",249,"1998_47_1",146,1,NA,NA,"1997-11-20",NA,"1997-12-24",1,1,1,23,67,"CN",1998,1,1,"1997-11-20",1997,"1997-2010",561,467,1,0,0,1,1,1,1,1,1,1
"211",250,"1998_47_2",232,2,NA,"1998-06-29","1998-07-07",NA,NA,1,0,0,25,67,"CN",1998,0,0,"1998-07-03",1998,"1997-2010",561,467,0,0,1,0,NA,0,1,0,1,0
"212",251,"1998_47_3",232,3,NA,"1998-07-24","1998-07-24",NA,NA,1,1,0,25,67,"CN",1998,0,0,"1998-07-24",1998,"1997-2010",561,467,0,0,1,0,NA,0,1,0,1,0
"213",252,"1998_48_1",233,1,NA,"1998-08-17","1998-08-17",NA,NA,1,0,0,25,69,"CN",1998,0,0,"1998-08-17",1998,"1997-2010",1193,1178,0,0,1,0,NA,0,1,0,1,0
"214",253,"1998_5_1",122,1,NA,NA,"1997-11-16",NA,"1997-12-20",1,1,1,23,8,"CN",1998,1,1,"1997-11-16",1997,"1997-2010",596,497,1,0,2,0,NA,1,1,1,1,1
"215",254,"1998_5_2",193,1,NA,"1998-06-28","1998-07-03","1998-08-04","1998-08-05",1,1,1,25,8,"CN",1998,1,1,"1998-06-30",1998,"1997-2010",596,497,0,1,2,1,1,1,1,1,1,1
"216",255,"1998_50.1_1",234,1,NA,"1998-08-15","1998-08-15","1998-09-17","1998-09-17",1,1,0,25,72,"CN",1998,0,0,"1998-08-15",1998,"1997-2010",1186,1184,1,0,0,1,1,1,1,1,1,1
"217",256,"1998_50_1",148,1,NA,NA,"1997-11-16",NA,"1997-12-20",1,1,1,23,71,"CN",1998,1,1,"1997-11-16",1997,"1997-2010",171,877,1,0,0,1,1,1,1,1,1,1
"218",258,"1998_51.1_2",236,2,NA,"1998-08-15","1998-08-15",NA,NA,2,0,0,25,74,"CN",1998,0,0,"1998-08-15",1998,"1997-2010",835,1031,0,0,0,0,NA,0,2,0,1,0
"219",258,"1998_51.1_2",236,2,NA,"1998-08-15","1998-08-15",NA,NA,2,0,0,25,74,"CN",1998,0,0,"1998-08-15",1998,"1997-2010",835,1031,0,0,0,0,NA,0,2,0,2,0
"220",259,"1998_51.1_3",236,3,NA,"1998-09-06","1998-09-06",NA,NA,1,0,0,25,74,"CN",1998,0,0,"1998-09-06",1998,"1997-2010",835,1031,0,0,0,0,NA,0,1,0,1,0
"221",260,"1998_51_1",149,1,NA,"1997-11-10","1997-12-02",NA,NA,1,1,1,23,73,"CN",1998,1,1,"1997-11-21",1997,"1997-2010",880,436,1,0,0,1,1,1,1,1,1,1
"222",261,"1998_51_2",235,2,NA,"1998-08-24","1998-08-24",NA,NA,1,0,0,25,73,"CN",1998,0,0,"1998-08-24",1998,"1997-2010",880,436,0,0,0,0,NA,0,1,0,1,0
"223",262,"1998_51_3",235,3,NA,"1998-09-24",NA,NA,NA,1,1,1,25,73,"CN",1998,1,1,"1998-09-24",1998,"1997-2010",880,436,0,0,0,0,NA,1,1,1,1,1
"224",265,"1998_52.1_3",238,3,2,"1998-08-07","1998-08-07","1998-09-11","1998-09-11",3,2,1,25,77,"CN",1998,0.333333333333333,0.5,"1998-08-07",1998,"1997-2010",1019,1159,0,2,5,1,1,1,3,0.333333333333333,1,1
"225",265,"1998_52.1_3",238,3,2,"1998-08-07","1998-08-07","1998-09-11","1998-09-11",3,2,1,25,77,"CN",1998,0.333333333333333,0.5,"1998-08-07",1998,"1997-2010",1019,1159,0,2,5,1,1,1,3,0.333333333333333,2,0
"226",265,"1998_52.1_3",238,3,2,"1998-08-07","1998-08-07","1998-09-11","1998-09-11",3,2,1,25,77,"CN",1998,0.333333333333333,0.5,"1998-08-07",1998,"1997-2010",1019,1159,0,2,5,1,1,1,3,0.333333333333333,3,0
"227",266,"1998_52_1",237,1,1,"1998-07-31","1998-08-03",NA,NA,2,1,0,25,76,"CN",1998,0,0,"1998-08-01",1998,"1997-2010",628,1037,0,0,2,1,1,1,2,0.5,1,1
"228",266,"1998_52_1",237,1,1,"1998-07-31","1998-08-03",NA,NA,2,1,0,25,76,"CN",1998,0,0,"1998-08-01",1998,"1997-2010",628,1037,0,0,2,1,1,1,2,0.5,2,0
"229",268,"1998_53.1_2",151,2,NA,"1998-01-10","1998-01-24","1998-02-27","1998-02-27",1,1,1,23,80,"CN",1998,1,1,"1998-01-17",1998,"1997-2010",1173,1041,1,0,2,1,1,1,1,1,1,1
"230",269,"1998_53.1_3",239,3,NA,"1998-07-30","1998-08-04",NA,NA,1,1,0,25,80,"CN",1998,0,0,"1998-08-01",1998,"1997-2010",1173,1041,0,0,0,1,1,1,1,1,1,1
"231",270,"1998_54_1",152,1,NA,NA,"1997-11-19",NA,"1997-12-23",1,1,1,23,81,"CN",1998,1,1,"1997-11-19",1997,"1997-2010",853,865,1,0,2,0,NA,1,1,1,1,1
"232",272,"1998_54_3",240,3,NA,"1998-09-07","1998-09-07",NA,NA,1,0,0,25,81,"CN",1998,0,0,"1998-09-07",1998,"1997-2010",853,865,1,0,3,0,NA,0,1,0,1,0
"233",275,"1998_56_2",242,2,NA,"1998-07-24","1998-07-24","1998-08-30","1998-08-30",1,1,1,25,83,"CN",1998,1,1,"1998-07-24",1998,"1997-2010",832,523,1,0,0,1,1,1,1,1,1,1
"234",276,"1998_57_1",154,1,NA,"1998-01-04","1998-01-04",NA,NA,1,0,0,23,84,"CN",1998,0,0,"1998-01-04",1998,"1997-2010",450,629,0,0,2,0,NA,0,1,0,1,0
"235",277,"1998_57_2",154,2,NA,"1998-02-01","1998-02-01",NA,NA,1,0,0,23,84,"CN",1998,0,0,"1998-02-01",1998,"1997-2010",450,629,0,0,2,0,NA,0,1,0,1,0
"236",279,"1998_57_4",243,4,NA,"1998-08-14","1998-08-14",NA,NA,1,0,0,25,84,"CN",1998,0,0,"1998-08-14",1998,"1997-2010",450,629,0,0,0,0,NA,0,1,0,1,0
"237",280,"1998_58_1",155,1,NA,"1998-01-02","1998-01-20","1998-02-21","1998-02-21",1,1,1,23,86,"CN",1998,1,1,"1998-01-11",1998,"1997-2010",522,3381,1,0,1,1,1,1,1,1,1,1
"238",281,"1998_58_2",244,2,NA,"1998-08-13","1998-08-13",NA,NA,1,0,0,25,86,"CN",1998,0,0,"1998-08-13",1998,"1997-2010",522,1360,0,0,1,0,NA,0,1,0,1,0
"239",282,"1998_59.1_1",157,1,NA,"1997-12-17","1997-12-17",NA,NA,1,0,0,23,88,"CN",1998,0,0,"1997-12-17",1997,"1997-2010",951,1196,0,0,0,0,NA,0,1,0,1,0
"240",283,"1998_59.1_2",245,2,NA,"1998-08-20","1998-08-20",NA,NA,1,0,0,25,88,"CN",1998,0,0,"1998-08-20",1998,"1997-2010",951,1196,0,0,0,0,NA,0,1,0,1,0
"241",286,"1998_6_1",123,1,NA,NA,"1997-11-18",NA,"1997-12-22",1,1,1,23,9,"CN",1998,1,1,"1997-11-18",1997,"1997-2010",595,495,1,0,0,0,NA,1,1,1,1,1
"242",288,"1998_6_3",194,2,NA,"1998-08-04","1998-08-04",NA,NA,1,0,0,25,9,"CN",1998,0,0,"1998-08-04",1998,"1997-2010",595,495,0,0,0,0,NA,0,1,0,1,0
"243",289,"1998_6_4",194,3,NA,"1998-08-15","1998-08-15",NA,NA,1,0,0,25,9,"CN",1998,0,0,"1998-08-15",1998,"1997-2010",595,495,0,0,0,0,NA,0,1,0,1,0
"244",290,"1998_6_5",194,4,NA,"1998-08-13","1998-08-17","1998-09-16","1998-09-26",1,0,0,25,9,"CN",1998,0,0,"1998-08-15",1998,"1997-2010",595,495,0,0,0,0,NA,0,1,0,1,0
"245",291,"1998_60.1_1",159,1,NA,NA,"1997-11-19",NA,"1997-12-23",1,1,1,23,90,"CN",1998,1,1,"1997-11-19",1997,"1997-2010",862,632,1,0,2,1,1,1,1,1,1,1
"246",292,"1998_60.1_2",247,2,NA,"1998-08-26","1998-08-26",NA,NA,1,1,0,25,90,"CN",1998,0,0,"1998-08-26",1998,"1997-2010",862,632,0,0,3,0,NA,0,1,0,1,0
"247",294,"1998_60_1",158,1,NA,NA,"1997-11-15",NA,"1997-12-19",2,1,1,23,89,"CN",1998,0.5,1,"1997-11-15",1997,"1997-2010",168,884,2,1,4,0,NA,1,2,0.5,1,1
"248",294,"1998_60_1",158,1,NA,NA,"1997-11-15",NA,"1997-12-19",2,1,1,23,89,"CN",1998,0.5,1,"1997-11-15",1997,"1997-2010",168,884,2,1,4,0,NA,1,2,0.5,2,0
"249",295,"1998_60_2",246,2,NA,"1998-07-05","1998-07-05",NA,NA,1,0,0,25,89,"CN",1998,0,0,"1998-07-05",1998,"1997-2010",168,1045,0,0,1,0,NA,0,1,0,1,0
"250",296,"1998_60_3",246,3,NA,"1998-07-24","1998-07-24",NA,NA,1,0,0,25,89,"CN",1998,0,0,"1998-07-24",1998,"1997-2010",168,1045,0,0,1,0,NA,0,1,0,1,0
"251",297,"1998_60_4",246,4,NA,"1998-08-21","1998-08-21",NA,NA,1,0,0,25,89,"CN",1998,0,0,"1998-08-21",1998,"1997-2010",168,1045,0,0,1,0,NA,0,1,0,1,0
"252",299,"1998_63_1",160,1,NA,NA,"1997-11-15",NA,"1997-12-19",1,1,1,23,94,"CN",1998,1,1,"1997-11-15",1997,"1997-2010",1195,1243,1,0,0,0,NA,1,1,1,1,1
"253",300,"1998_63_2",249,2,NA,"1998-08-15","1998-09-02",NA,NA,1,0,0,25,94,"CN",1998,0,0,"1998-08-24",1998,"1997-2010",1195,1243,0,0,0,0,NA,0,1,0,1,0
"254",301,"1998_64_1",161,1,NA,NA,"1997-11-19",NA,"1997-12-23",1,1,1,23,95,"CN",1998,1,1,"1997-11-19",1997,"1997-2010",505,917,1,0,2,0,NA,1,1,1,1,1
"255",302,"1998_64_2",250,2,NA,"1998-08-18","1998-08-18",NA,NA,1,0,0,25,95,"CN",1998,0,0,"1998-08-18",1998,"1997-2010",1170,917,0,0,1,0,NA,0,1,0,1,0
"256",303,"1998_67_1",251,1,NA,"1998-07-29","1998-08-01",NA,NA,1,1,0,25,99,"CN",1998,0,0,"1998-07-30",1998,"1997-2010",1161,525,0,0,2,0,NA,0,1,0,1,0
"257",305,"1998_69_1",162,1,NA,"1998-02-01","1998-02-01","1998-02-22",NA,1,1,1,23,101,"CN",1998,1,1,"1998-02-01",1998,"1997-2010",3376,849,1,0,1,0,NA,1,1,1,1,1
"258",306,"1998_69_2",253,2,NA,"1998-08-09","1998-08-09",NA,NA,1,0,0,25,101,"CN",1998,0,0,"1998-08-09",1998,"1997-2010",1403,849,0,0,1,0,NA,0,1,0,1,0
"259",307,"1998_69_3",253,3,NA,"1998-08-25","1998-08-25",NA,NA,1,1,0,25,101,"CN",1998,0,0,"1998-08-25",1998,"1997-2010",1403,849,0,0,1,1,0,0,1,0,1,0
"260",308,"1998_7_1",195,1,1,"1998-06-27","1998-07-02",NA,NA,1,1,0,25,12,"CN",1998,0,0,"1998-06-29",1998,"1997-2010",833,200,0,0,1,0,NA,0,1,0,1,0
"261",309,"1998_7_2",195,2,2,"1998-08-02","1998-08-03",NA,NA,1,1,0,25,12,"CN",1998,0,0,"1998-08-02",1998,"1997-2010",833,200,0,0,1,1,1,1,1,1,1,1
"262",310,"1998_70_1",163,1,NA,"1998-01-01","1998-01-13","1998-02-17","1998-02-17",1,1,1,23,102,"CN",1998,1,1,"1998-01-07",1998,"1997-2010",635,636,1,0,1,1,1,1,1,1,1,1
"263",311,"1998_71_1",164,1,NA,NA,"1997-11-20",NA,"1997-12-24",1,1,1,23,103,"CN",1998,1,1,"1997-11-20",1997,"1997-2010",64,178,1,1,0,1,1,1,1,1,1,1
"264",312,"1998_72_1",165,1,NA,NA,"1997-11-20",NA,"1997-12-24",1,1,1,23,104,"CN",1998,1,1,"1997-11-20",1997,"1997-2010",530,637,1,0,3,1,1,1,1,1,1,1
"265",313,"1998_73_1",166,1,NA,NA,"1997-11-20",NA,"1997-12-24",1,1,1,23,105,"CN",1998,1,1,"1997-11-20",1997,"1997-2010",670,1211,1,0,1,1,1,1,1,1,1,1
"266",314,"1998_73_2",254,2,NA,"1998-09-01","1998-09-01",NA,NA,2,0,0,25,105,"CN",1998,0,0,"1998-09-01",1998,"1997-2010",670,1211,0,0,0,0,NA,0,2,0,1,0
"267",314,"1998_73_2",254,2,NA,"1998-09-01","1998-09-01",NA,NA,2,0,0,25,105,"CN",1998,0,0,"1998-09-01",1998,"1997-2010",670,1211,0,0,0,0,NA,0,2,0,2,0
"268",315,"1998_74_1",167,1,NA,NA,"1997-11-20",NA,"1997-12-24",1,1,1,23,106,"CN",1998,1,1,"1997-11-20",1997,"1997-2010",1206,1176,1,0,0,1,1,1,1,1,1,1
"269",316,"1998_75_1",255,1,NA,"1998-08-19","1998-08-19",NA,NA,1,0,0,25,108,"CN",1998,0,0,"1998-08-19",1998,"1997-2010",1022,1199,0,0,0,0,NA,0,1,0,1,0
"270",318,"1998_76_1",168,1,NA,"1998-01-02","1998-01-02","1998-02-07","1998-02-07",1,1,0,23,109,"CN",1998,0,0,"1998-01-02",1998,"1997-2010",914,1040,0,0,2,1,1,1,1,1,1,1
"271",319,"1998_76_2",256,2,NA,"1998-08-28","1998-08-28",NA,NA,1,0,0,25,109,"CN",1998,0,0,"1998-08-28",1998,"1997-2010",914,1040,0,0,0,0,NA,0,1,0,1,0
"272",320,"1998_76_3",256,3,NA,"1998-09-25","1998-09-25",NA,NA,1,0,0,25,109,"CN",1998,0,0,"1998-09-25",1998,"1997-2010",914,1040,0,0,0,0,NA,0,1,0,1,0
"273",321,"1998_77_1",257,1,NA,"1998-08-02","1998-08-07","1998-08-30","1998-09-10",1,1,1,25,110,"CN",1998,1,1,"1998-08-04",1998,"1997-2010",1017,1018,1,0,1,0,NA,1,1,1,1,1
"274",322,"1998_77_2",257,2,NA,"1998-07-11","1998-07-11",NA,NA,1,0,0,25,110,"CN",1998,0,0,"1998-07-11",1998,"1997-2010",1017,1018,1,0,1,0,NA,0,1,0,1,0
"275",323,"1998_77_3",257,3,NA,"1998-07-27","1998-07-27",NA,NA,1,0,0,25,110,"CN",1998,0,0,"1998-07-27",1998,"1997-2010",1017,1018,1,0,1,0,NA,0,1,0,1,0
"276",324,"1998_77_4",257,4,NA,"1998-08-09","1998-08-09","1998-09-15","1998-09-15",1,1,0,25,110,"CN",1998,0,0,"1998-08-09",1998,"1997-2010",1017,1018,1,0,1,1,1,1,1,1,1,1
"277",326,"1998_78_2",258,2,NA,"1998-08-15","1998-08-15","1998-09-16","1998-09-20",1,1,1,25,112,"CN",1998,1,1,"1998-08-15",1998,"1997-2010",1160,1047,1,0,0,0,NA,1,1,1,1,1
"278",327,"1998_8_1",124,1,NA,NA,"1997-11-17",NA,"1997-12-21",1,1,1,23,13,"CN",1998,1,1,"1997-11-17",1997,"1997-2010",823,562,1,0,1,0,NA,1,1,1,1,1
"279",328,"1998_8_2",196,1,NA,"1998-07-07","1998-07-07",NA,NA,1,1,0,25,13,"CN",1998,0,0,"1998-07-07",1998,"1997-2010",823,562,1,0,1,0,NA,0,1,0,1,0
"280",329,"1998_80_1",169,1,NA,"1997-12-19","1998-01-03","1998-02-07","1998-02-07",1,1,1,23,115,"CN",1998,1,1,"1997-12-26",1997,"1997-2010",297,1862,0,2,0,1,1,1,1,1,1,1
"281",330,"1998_80_2",259,2,NA,"1998-08-10","1998-08-15","1998-09-13","1998-09-13",2,1,1,25,115,"CN",1998,0.5,1,"1998-08-12",1998,"1997-2010",297,1862,0,2,2,0,NA,1,2,0.5,1,1
"282",330,"1998_80_2",259,2,NA,"1998-08-10","1998-08-15","1998-09-13","1998-09-13",2,1,1,25,115,"CN",1998,0.5,1,"1998-08-12",1998,"1997-2010",297,1862,0,2,2,0,NA,1,2,0.5,2,0
"283",331,"1998_81_1",170,1,NA,"1998-02-10","1998-02-10",NA,NA,1,1,0,23,116,"CN",1998,0,0,"1998-02-10",1998,"1997-2010",1049,776,1,0,0,0,NA,0,1,0,1,0
"284",332,"1998_81_2",260,2,NA,"1998-07-26","1998-07-26",NA,NA,1,1,1,25,116,"CN",1998,1,1,"1998-07-26",1998,"1997-2010",1049,776,0,0,1,1,1,1,1,1,1,1
"285",333,"1998_82.1_1",262,1,1,"1998-08-07","1998-08-07",NA,NA,1,0,0,25,118,"CN",1998,0,0,"1998-08-07",1998,"1997-2010",1190,1191,0,0,1,0,NA,0,1,0,1,0
"286",334,"1998_82_1",171,1,NA,"1997-11-24","1997-12-16","1998-01-03","1998-01-03",1,1,1,23,117,"CN",1998,1,1,"1997-12-05",1997,"1997-2010",774,1198,1,0,1,1,1,1,1,1,1,1
"287",335,"1998_82_2",261,2,NA,"1998-08-15","1998-08-15",NA,NA,2,2,0,25,117,"CN",1998,0,0,"1998-08-15",1998,"1997-2010",774,1198,0,0,2,1,1,1,2,0.5,1,1
"288",335,"1998_82_2",261,2,NA,"1998-08-15","1998-08-15",NA,NA,2,2,0,25,117,"CN",1998,0,0,"1998-08-15",1998,"1997-2010",774,1198,0,0,2,1,1,1,2,0.5,2,0
"289",341,"1998_85_2",172,2,NA,"1998-02-01","1998-02-01","1998-03-10","1998-03-10",1,1,1,23,125,"CN",1998,1,1,"1998-02-01",1998,"1997-2010",638,1185,1,1,0,0,NA,1,1,1,1,1
"290",342,"1998_85_3",264,3,NA,"1998-08-07","1998-08-08","1998-09-07","1998-09-13",1,1,1,25,125,"CN",1998,1,1,"1998-08-07",1998,"1997-2010",638,1185,1,1,0,1,1,1,1,1,1,1
"291",345,"1998_87_1",266,1,NA,"1998-08-10","1998-08-10",NA,NA,1,0,0,25,127,"CN",1998,0,0,"1998-08-10",1998,"1997-2010",1024,676,0,0,0,0,NA,0,1,0,1,0
"292",347,"1998_9_1",125,1,NA,"1997-12-25","1998-01-06",NA,NA,1,1,0,23,14,"CN",1998,0,0,"1997-12-31",1997,"1997-2010",458,499,0,0,3,0,NA,0,1,0,1,0
"293",348,"1998_9_2",197,1,NA,"1998-07-02","1998-07-02","1998-08-04","1998-08-04",1,1,0,25,14,"CN",1998,0,0,"1998-07-02",1998,"1997-2010",458,499,0,1,3,1,1,1,1,1,1,1
"294",349,"1998_90_1",173,1,NA,NA,"1997-11-22",NA,"1997-12-26",1,1,1,23,132,"CN",1998,1,1,"1997-11-22",1997,"1997-2010",1182,851,1,0,1,0,NA,1,1,1,1,1
"295",350,"1998_92.1_1",174,1,NA,NA,"1997-11-20",NA,"1997-12-24",1,1,1,23,135,"CN",1998,1,1,"1997-11-20",1997,"1997-2010",915,941,1,0,2,0,NA,1,1,1,1,1
"296",351,"1998_93_1",268,1,NA,"1998-08-18","1998-08-18","1998-09-20","1998-09-20",2,2,1,25,137,"CN",1998,0.5,0.5,"1998-08-18",1998,"1997-2010",845,674,1,0,0,1,1,1,2,0.5,1,1
"297",351,"1998_93_1",268,1,NA,"1998-08-18","1998-08-18","1998-09-20","1998-09-20",2,2,1,25,137,"CN",1998,0.5,0.5,"1998-08-18",1998,"1997-2010",845,674,1,0,0,1,1,1,2,0.5,2,0
"298",352,"1998_94.1_1",176,1,NA,NA,"1997-12-05",NA,"1998-01-08",1,1,1,23,139,"CN",1998,1,1,"1997-12-05",1997,"1997-2010",1172,1171,1,0,0,0,NA,1,1,1,1,1
"299",353,"1998_94_1",175,1,NA,NA,"1997-11-20",NA,"1997-12-24",1,1,1,23,138,"CN",1998,1,1,"1997-11-20",1997,"1997-2010",3365,847,1,0,1,0,NA,1,1,1,1,1
"300",354,"1998_94_2",269,1,NA,"1998-08-18","1998-08-26",NA,NA,1,1,0,25,138,"CN",1998,0,0,"1998-08-22",1998,"1997-2010",1382,847,0,1,0,0,NA,0,1,0,1,0
"301",356,"1998_95_1",177,1,NA,NA,"1997-12-05",NA,"1998-01-08",1,1,1,23,141,"CN",1998,1,1,"1997-12-05",1997,"1997-2010",677,550,1,0,3,0,NA,1,1,1,1,1
"302",357,"1998_95_2",270,2,NA,"1998-08-14","1998-08-14",NA,NA,1,0,0,25,141,"CN",1998,0,0,"1998-08-14",1998,"1997-2010",677,1168,1,1,0,0,NA,0,1,0,1,0
"303",358,"1998_97.1_1",271,1,NA,"1998-08-23","1998-08-23",NA,NA,1,0,0,25,147,"CN",1998,0,0,"1998-08-23",1998,"1997-2010",1304,668,0,0,0,0,NA,0,1,0,1,0
"304",359,"1998_98_1",178,1,NA,NA,"1997-11-20",NA,"1997-12-24",1,1,1,23,148,"CN",1998,1,1,"1997-11-20",1997,"1997-2010",554,498,1,0,0,0,NA,1,1,1,1,1
"305",360,"1998_98_2",178,2,NA,"1998-02-16","1998-02-16",NA,NA,1,0,0,23,148,"CN",1998,0,0,"1998-02-16",1998,"1997-2010",554,498,1,0,0,0,NA,0,1,0,1,0
"306",361,"1999_1.1_1",316,1,NA,"1999-03-02","1999-03-24","1999-04-28","1999-04-28",1,1,1,27,2,"CN",1999,1,1,"1999-03-13",1999,"1997-2010",927,501,1,0,1,1,1,1,1,1,1,1
"307",362,"1999_1.1_3",350,3,NA,"1999-07-19","1999-07-19",NA,NA,1,1,0,28,2,"CN",1999,0,0,"1999-07-19",1999,"1997-2010",927,501,1,0,1,0,NA,0,1,0,1,0
"308",363,"1999_1_1",315,1,NA,"1999-03-04","1999-03-26","1999-04-12","1999-05-02",2,2,2,27,1,"CN",1999,1,1,"1999-03-15",1999,"1997-2010",912,922,2,0,1,2,2,2,2,1,1,1
"309",363,"1999_1_1",315,1,NA,"1999-03-04","1999-03-26","1999-04-12","1999-05-02",2,2,2,27,1,"CN",1999,1,1,"1999-03-15",1999,"1997-2010",912,922,2,0,1,2,2,2,2,1,2,1
"310",364,"1999_1_3",349,3,NA,"1999-07-19","1999-07-19",NA,NA,1,0,0,28,1,"CN",1999,0,0,"1999-07-19",1999,"1997-2010",912,922,2,0,2,0,NA,0,1,0,1,0
"311",365,"1999_1_4",349,4,NA,"1999-08-09","1999-08-09","1999-09-11","1999-09-14",2,1,1,28,1,"CN",1999,0.5,1,"1999-08-09",1999,"1997-2010",912,922,2,0,2,1,1,1,2,0.5,1,1
"312",365,"1999_1_4",349,4,NA,"1999-08-09","1999-08-09","1999-09-11","1999-09-14",2,1,1,28,1,"CN",1999,0.5,1,"1999-08-09",1999,"1997-2010",912,922,2,0,2,1,1,1,2,0.5,2,0
"313",367,"1999_101.1_1",434,1,1,"1999-06-20","1999-07-08",NA,NA,1,1,0,28,155,"CN",1999,0,0,"1999-06-29",1999,"1997-2010",639,1028,0,0,3,0,NA,0,1,0,1,0
"314",368,"1999_101.1_2",434,2,NA,"1999-07-20","1999-07-26",NA,NA,1,1,0,28,155,"CN",1999,0,0,"1999-07-23",1999,"1997-2010",639,1028,0,0,3,0,NA,0,1,0,1,0
"315",369,"1999_102_1",435,1,NA,"1999-07-13","1999-07-13","1999-08-20","1999-08-20",1,1,1,28,157,"CN",1999,1,1,"1999-07-13",1999,"1997-2010",666,1151,1,0,1,1,1,1,1,1,1,1
"316",370,"1999_103.1_1",313,1,NA,"1999-01-22","1999-01-22",NA,NA,1,1,0,26,159,"CN",1999,0,0,"1999-01-22",1999,"1997-2010",542,544,0,0,0,0,NA,0,1,0,1,0
"317",371,"1999_103.1_2",348,2,NA,NA,"1999-03-16",NA,"1999-04-19",1,1,1,27,159,"CN",1999,1,1,"1999-03-16",1999,"1997-2010",NA,544,0,0,1,0,NA,1,1,1,1,1
"318",372,"1999_103.1_3",436,3,NA,"1999-07-18","1999-07-18",NA,NA,1,0,0,28,159,"CN",1999,0,0,"1999-07-18",1999,"1997-2010",1517,544,1,0,1,0,NA,0,1,0,1,0
"319",373,"1999_103.1_4",436,4,NA,"1999-08-07","1999-08-07","1999-09-09","1999-09-09",1,1,1,28,159,"CN",1999,1,1,"1999-08-07",1999,"1997-2010",1517,544,1,0,1,1,1,1,1,1,1,1
"320",374,"1999_104_1",437,1,NA,"1999-07-04","1999-07-05",NA,NA,1,1,0,28,160,"CN",1999,0,0,"1999-07-04",1999,"1997-2010",563,1430,0,0,0,0,NA,0,1,0,1,0
"321",375,"1999_108_1",438,1,NA,"1999-07-03","1999-07-03",NA,NA,1,0,0,28,165,"CN",1999,0,0,"1999-07-03",1999,"1997-2010",1043,1306,1,0,1,0,NA,0,1,0,1,0
"322",376,"1999_108_2",438,2,NA,"1999-07-20","1999-08-03","1999-08-23","1999-08-23",1,1,1,28,165,"CN",1999,1,1,"1999-07-27",1999,"1997-2010",1043,1306,1,0,1,0,NA,1,1,1,1,1
"323",377,"1999_109_1",439,1,NA,"1999-07-01","1999-07-01","1999-08-07","1999-08-07",1,1,1,28,166,"CN",1999,1,1,"1999-07-01",1999,"1997-2010",1177,1395,0,0,1,1,1,1,1,1,1,1
"324",378,"1999_11_1",360,1,NA,"1999-08-14","1999-08-14",NA,NA,1,1,0,28,16,"CN",1999,0,0,"1999-08-14",1999,"1997-2010",1409,1209,0,0,0,0,NA,0,1,0,1,0
"325",379,"1999_111_1",440,1,NA,NA,"1999-05-30",NA,"1999-07-03",1,1,1,28,168,"CN",1999,1,1,"1999-05-30",1999,"1997-2010",1271,1416,2,1,0,1,1,1,1,1,1,1
"326",380,"1999_111_2",440,2,NA,"1999-08-17","1999-08-17","1999-09-22","1999-09-22",1,1,1,28,168,"CN",1999,1,1,"1999-08-17",1999,"1997-2010",1271,1416,2,1,0,0,NA,1,1,1,1,1
"327",381,"1999_112_1",441,1,NA,"1999-06-06","1999-06-14","1999-07-21","1999-07-21",1,1,1,28,169,"CN",1999,1,1,"1999-06-10",1999,"1997-2010",1155,1154,0,0,1,1,1,1,1,1,1,1
"328",382,"1999_114_1",314,1,NA,"1998-12-24","1999-01-11",NA,NA,1,1,1,26,171,"CN",1999,1,1,"1999-01-02",1999,"1997-2010",524,634,0,0,1,1,1,1,1,1,1,1
"329",383,"1999_114_2",442,2,NA,"1999-06-11","1999-06-15","1999-07-16","1999-07-16",1,1,1,28,171,"CN",1999,1,1,"1999-06-13",1999,"1997-2010",524,634,0,2,1,1,1,1,1,1,1,1
"330",385,"1999_116_1",443,1,NA,"1999-07-11","1999-07-11",NA,NA,1,1,0,28,173,"CN",1999,0,0,"1999-07-11",1999,"1997-2010",601,506,0,0,1,1,1,1,1,1,1,1
"331",388,"1999_15_3",362,3,NA,"1999-07-29","1999-07-29","1999-09-02","1999-09-02",1,1,1,28,20,"CN",1999,1,1,"1999-07-29",1999,"1997-2010",840,597,0,1,2,1,1,1,1,1,1,1
"332",390,"1999_16_2",322,2,NA,NA,"1999-03-08",NA,"1999-04-11",1,1,1,27,22,"CN",1999,1,1,"1999-03-08",1999,"1997-2010",1345,1164,1,0,0,1,1,1,1,1,1,1
"333",392,"1999_16_4",363,4,NA,"1999-07-21","1999-07-21",NA,NA,1,1,0,28,22,"CN",1999,0,0,"1999-07-21",1999,"1997-2010",1345,1164,0,1,0,0,NA,0,1,0,1,0
"334",393,"1999_16_5",363,5,NA,"1999-08-13","1999-08-13",NA,NA,1,0,0,28,22,"CN",1999,0,0,"1999-08-13",1999,"1997-2010",1345,1164,0,1,0,0,NA,0,1,0,1,0
"335",396,"1999_18_2",365,2,NA,"1999-05-27","1999-06-16",NA,NA,1,1,1,28,24,"CN",1999,1,1,"1999-06-06",1999,"1997-2010",1059,1167,1,0,0,1,1,1,1,1,1,1
"336",398,"1999_19_2",323,2,NA,NA,"1999-03-29",NA,"1999-05-02",1,1,1,27,25,"CN",1999,1,1,"1999-03-29",1999,"1997-2010",502,215,0,0,2,0,NA,1,1,1,1,1
"337",399,"1999_19_3",366,3,NA,"1999-07-06","1999-07-06",NA,NA,1,0,0,28,25,"CN",1999,0,0,"1999-07-06",1999,"1997-2010",502,215,0,0,2,0,NA,0,1,0,1,0
"338",400,"1999_19_4",366,4,NA,"1999-07-26","1999-07-26",NA,NA,1,0,0,28,25,"CN",1999,0,0,"1999-07-26",1999,"1997-2010",502,215,0,0,2,0,NA,0,1,0,1,0
"339",401,"1999_19_5",366,5,NA,"1999-08-11","1999-08-11","1999-09-14","1999-09-14",1,1,0,28,25,"CN",1999,0,0,"1999-08-11",1999,"1997-2010",502,215,0,0,2,1,1,1,1,1,1,1
"340",402,"1999_2_1",317,1,NA,NA,"1999-03-09",NA,"1999-04-12",1,1,1,27,3,"CN",1999,1,1,"1999-03-09",1999,"1997-2010",925,1287,1,0,0,1,1,1,1,1,1,1
"341",404,"1999_2_3",351,3,NA,"1999-09-02","1999-09-02",NA,NA,2,1,0,28,3,"CN",1999,0,0,"1999-09-02",1999,"1997-2010",925,1287,1,0,0,0,NA,0,2,0,1,0
"342",404,"1999_2_3",351,3,NA,"1999-09-02","1999-09-02",NA,NA,2,1,0,28,3,"CN",1999,0,0,"1999-09-02",1999,"1997-2010",925,1287,1,0,0,0,NA,0,2,0,2,0
"343",406,"1999_20_2",367,2,NA,"1999-07-12","1999-07-12","1999-08-12","1999-08-15",1,1,1,28,26,"CN",1999,1,1,"1999-07-12",1999,"1997-2010",924,220,0,0,2,1,1,1,1,1,1,1
"344",409,"1999_21_3",368,3,NA,"1999-08-05","1999-08-05","1999-09-11","1999-09-11",1,1,0,28,27,"CN",1999,0,0,"1999-08-05",1999,"1997-2010",1346,1039,0,0,1,0,NA,0,1,0,1,0
"345",410,"1999_22_1",286,1,NA,"1998-12-19","1999-01-10",NA,NA,1,1,0,26,28,"CN",1999,0,0,"1998-12-30",1998,"1997-2010",169,890,0,0,1,0,NA,0,1,0,1,0
"346",411,"1999_22_2",369,2,NA,"1999-07-07","1999-07-09","1999-08-16","1999-08-20",1,1,1,28,28,"CN",1999,1,1,"1999-07-08",1999,"1997-2010",169,890,0,0,1,1,1,1,1,1,1,1
"347",413,"1999_23_2",370,2,NA,"1999-07-10","1999-07-10","1999-08-09","1999-08-12",1,1,1,28,30,"CN",1999,1,1,"1999-07-10",1999,"1997-2010",1246,507,0,1,2,1,1,1,1,1,1,1
"348",414,"1999_24_1",371,1,1,"1999-07-02","1999-07-02",NA,NA,1,0,0,28,32,"CN",1999,0,0,"1999-07-02",1999,"1997-2010",825,1286,1,0,0,0,NA,0,1,0,1,0
"349",415,"1999_24_2",371,2,2,"1999-07-29","1999-07-29",NA,NA,1,0,0,28,32,"CN",1999,0,0,"1999-07-29",1999,"1997-2010",825,1286,1,0,0,0,NA,0,1,0,1,0
"350",418,"1999_25_2",372,2,NA,"1999-07-29","1999-07-29",NA,NA,1,0,0,28,33,"CN",1999,0,0,"1999-07-29",1999,"1997-2010",503,1214,2,0,0,0,NA,0,1,0,1,0
"351",419,"1999_25_3",372,3,NA,"1999-08-15","1999-08-15","1999-09-18","1999-09-18",1,1,1,28,33,"CN",1999,1,1,"1999-08-15",1999,"1997-2010",503,1214,2,0,0,0,NA,1,1,1,1,1
"352",420,"CN_1999_26.1_1",2543,1,NA,NA,"1999-06-02",NA,"1999-07-06",1,1,1,28,35,"CN",1999,1,1,"1999-06-02",1999,"1997-2010",444,1166,1,0,0,1,1,1,1,1,1,1
"353",421,"1999_27_1",288,1,NA,"1999-01-11","1999-01-11",NA,NA,1,1,0,26,37,"CN",1999,0,0,"1999-01-11",1999,"1997-2010",1218,886,0,0,0,0,NA,0,1,0,1,0
"354",422,"1999_27_2",373,2,NA,"1999-07-12","1999-07-12",NA,NA,1,0,0,28,37,"CN",1999,0,0,"1999-07-12",1999,"1997-2010",1218,886,0,0,0,0,NA,0,1,0,1,0
"355",423,"1999_28_1",289,1,NA,"1999-01-11","1999-01-11",NA,NA,1,1,1,26,38,"CN",1999,1,1,"1999-01-11",1999,"1997-2010",441,1165,1,0,0,0,NA,1,1,1,1,1
"356",424,"1999_28_2",374,2,NA,"1999-07-16","1999-07-21","1999-08-25","1999-08-25",1,1,0,28,38,"CN",1999,0,0,"1999-07-18",1999,"1997-2010",441,1165,2,1,0,0,NA,0,1,0,1,0
"357",426,"1999_29_2",324,2,NA,NA,"1999-03-07",NA,"1999-04-10",1,1,1,27,40,"CN",1999,1,1,"1999-03-07",1999,"1997-2010",NA,494,1,0,1,1,1,1,1,1,1,1
"358",427,"1999_29_3",375,3,NA,"1999-07-26","1999-07-26",NA,NA,1,0,0,28,40,"CN",1999,0,0,"1999-07-26",1999,"1997-2010",1222,494,0,0,0,0,NA,0,1,0,1,0
"359",428,"1999_29_4",375,4,NA,"1999-08-17","1999-08-17",NA,NA,1,0,0,28,40,"CN",1999,0,0,"1999-08-17",1999,"1997-2010",1222,494,0,0,0,0,NA,0,1,0,1,0
"360",430,"1999_3.1_2",353,2,NA,"1999-08-15","1999-08-15","1999-09-18","1999-09-18",2,2,2,28,5,"CN",1999,1,1,"1999-08-15",1999,"1997-2010",504,1187,3,1,0,2,2,2,2,1,1,1
"361",430,"1999_3.1_2",353,2,NA,"1999-08-15","1999-08-15","1999-09-18","1999-09-18",2,2,2,28,5,"CN",1999,1,1,"1999-08-15",1999,"1997-2010",504,1187,3,1,0,2,2,2,2,1,2,1
"362",432,"1999_30.1_1",376,1,NA,NA,"1999-05-29",NA,"1999-07-02",2,2,2,28,42,"CN",1999,1,1,"1999-05-29",1999,"1997-2010",199,609,1,1,5,0,NA,2,2,1,1,1
"363",432,"1999_30.1_1",376,1,NA,NA,"1999-05-29",NA,"1999-07-02",2,2,2,28,42,"CN",1999,1,1,"1999-05-29",1999,"1997-2010",199,609,1,1,5,0,NA,2,2,1,2,1
"364",433,"1999_30.1_2",376,2,NA,"1999-08-06","1999-08-06","1999-09-11","1999-09-11",1,1,1,28,42,"CN",1999,1,1,"1999-08-06",1999,"1997-2010",199,609,1,1,5,0,NA,1,1,1,1,1
"365",436,"1999_32_1",291,1,NA,"1999-01-26","1999-01-26",NA,NA,1,0,0,26,45,"CN",1999,0,0,"1999-01-26",1999,"1997-2010",454,221,0,1,1,0,NA,0,1,0,1,0
"366",438,"1999_33.1_1",326,1,NA,NA,"1999-03-11",NA,"1999-04-14",1,1,1,27,48,"CN",1999,1,1,"1999-03-11",1999,"1997-2010",826,1212,1,0,1,0,NA,1,1,1,1,1
"367",439,"1999_33.1_2",380,2,NA,"1999-08-06","1999-08-06","1999-09-10","1999-09-10",1,1,1,28,48,"CN",1999,1,1,"1999-08-06",1999,"1997-2010",826,1212,0,2,1,1,1,1,1,1,1,1
"368",440,"1999_33_1",292,1,NA,"1999-01-25","1999-01-25",NA,NA,1,0,0,26,47,"CN",1999,0,0,"1999-01-25",1999,"1997-2010",604,921,0,0,2,0,NA,0,1,0,1,0
"369",441,"1999_33_2",325,2,NA,NA,"1999-03-10",NA,"1999-04-13",1,1,1,27,47,"CN",1999,1,1,"1999-03-10",1999,"1997-2010",604,921,1,0,2,0,NA,1,1,1,1,1
"370",442,"1999_33_3",379,3,NA,"1999-06-16","1999-06-23","1999-07-25","1999-07-27",1,1,1,28,47,"CN",1999,1,1,"1999-06-19",1999,"1997-2010",604,921,2,1,0,0,NA,1,1,1,1,1
"371",443,"1999_34_1",381,1,NA,"1999-08-18","1999-08-18","1999-09-22","1999-09-22",1,1,1,28,49,"CN",1999,1,1,"1999-08-18",1999,"1997-2010",1386,1274,1,0,1,0,NA,1,1,1,1,1
"372",444,"1999_35_1",382,1,NA,"1999-06-24","1999-07-07",NA,NA,2,1,0,28,51,"CN",1999,0,0,"1999-06-30",1999,"1997-2010",466,51,1,0,0,0,NA,0,2,0,1,0
"373",444,"1999_35_1",382,1,NA,"1999-06-24","1999-07-07",NA,NA,2,1,0,28,51,"CN",1999,0,0,"1999-06-30",1999,"1997-2010",466,51,1,0,0,0,NA,0,2,0,2,0
"374",445,"1999_35_2",382,2,NA,"1999-08-04","1999-08-15",NA,NA,1,1,1,28,51,"CN",1999,1,1,"1999-08-09",1999,"1997-2010",466,51,1,0,0,0,NA,1,1,1,1,1
"375",446,"1999_36_1",383,1,NA,"1999-07-12","1999-07-12",NA,NA,1,0,0,28,52,"CN",1999,0,0,"1999-07-12",1999,"1997-2010",449,1215,0,1,3,0,NA,0,1,0,1,0
"376",447,"1999_36_2",383,2,NA,"1999-08-02","1999-08-02",NA,NA,1,1,0,28,52,"CN",1999,0,0,"1999-08-02",1999,"1997-2010",449,1215,0,1,3,0,NA,0,1,0,1,0
"377",448,"1999_37_1",293,1,NA,NA,"1998-12-11",NA,"1999-01-14",2,2,2,26,53,"CN",1999,1,1,"1998-12-11",1998,"1997-2010",308,216,0,1,3,0,NA,2,2,1,1,1
"378",448,"1999_37_1",293,1,NA,NA,"1998-12-11",NA,"1999-01-14",2,2,2,26,53,"CN",1999,1,1,"1998-12-11",1998,"1997-2010",308,216,0,1,3,0,NA,2,2,1,2,1
"379",449,"1999_37_2",327,2,NA,NA,"1999-03-12",NA,"1999-04-15",1,1,1,27,53,"CN",1999,1,1,"1999-03-12",1999,"1997-2010",308,216,2,0,4,0,NA,1,1,1,1,1
"380",450,"1999_37_3",384,3,NA,"1999-06-13","1999-06-24","1999-07-27","1999-07-27",1,1,1,28,53,"CN",1999,1,1,"1999-06-18",1999,"1997-2010",308,216,3,1,3,0,NA,1,1,1,1,1
"381",451,"1999_38_1",328,1,NA,"1999-03-05","1999-03-27",NA,NA,1,1,0,27,54,"CN",1999,0,0,"1999-03-16",1999,"1997-2010",447,1203,1,0,0,1,1,1,1,1,1,1
"382",452,"1999_38_2",385,2,NA,"1999-06-21","1999-06-26","1999-07-30","1999-08-01",1,1,1,28,54,"CN",1999,1,1,"1999-06-23",1999,"1997-2010",447,1203,0,0,1,1,1,1,1,1,1,1
"383",453,"1999_39_1",386,1,NA,"1999-06-09","1999-06-19","1999-07-22","1999-07-22",1,1,1,28,55,"CN",1999,1,1,"1999-06-14",1999,"1997-2010",459,1290,1,0,1,0,NA,1,1,1,1,1
"384",454,"1999_41_1",387,1,NA,NA,"1999-05-30",NA,"1999-07-03",1,1,1,28,57,"CN",1999,1,1,"1999-05-30",1999,"1997-2010",949,557,1,0,1,1,1,1,1,1,1,1
"385",455,"1999_41_2",387,2,NA,"1999-08-03","1999-08-03","1999-09-08","1999-09-08",1,1,1,28,57,"CN",1999,1,1,"1999-08-03",1999,"1997-2010",949,557,1,0,1,1,1,1,1,1,1,1
"386",456,"1999_43_1",388,1,NA,"1999-06-10","1999-06-26","1999-07-24","1999-07-24",1,1,1,28,60,"CN",1999,1,1,"1999-06-18",1999,"1997-2010",1369,1032,1,0,0,0,NA,1,1,1,1,1
"387",457,"1999_44_1",389,1,NA,"1999-08-03","1999-08-10",NA,NA,1,1,0,28,61,"CN",1999,0,0,"1999-08-06",1999,"1997-2010",78,607,0,0,0,0,NA,0,1,0,1,0
"388",460,"1999_45_2",390,2,NA,NA,"1999-08-23","1999-09-25","1999-09-25",1,1,1,28,62,"CN",1999,1,1,"1999-08-23",1999,"1997-2010",469,607,1,0,1,0,NA,1,1,1,1,1
"389",461,"1999_46.2_1",2501,1,NA,"1999-04-01","1999-04-19",NA,NA,1,1,1,27,65,"CN",1999,1,1,"1999-04-10",1999,"1997-2010",869,453,0,0,1,0,NA,1,1,1,1,1
"390",462,"1999_46_1",330,1,NA,"1999-03-23","1999-04-10",NA,NA,1,1,1,27,63,"CN",1999,1,1,"1999-04-01",1999,"1997-2010",1042,176,0,0,0,0,NA,1,1,1,1,1
"391",463,"1999_46_3",391,3,NA,"1999-07-10","1999-07-13","1999-08-16","1999-08-19",1,1,1,28,63,"CN",1999,1,1,"1999-07-11",1999,"1997-2010",1042,176,0,1,1,1,1,1,1,1,1,1
"392",464,"1999_47.1_1",393,1,NA,"1999-07-20","1999-07-20","1999-08-28","1999-08-28",2,2,2,28,68,"CN",1999,1,1,"1999-07-20",1999,"1997-2010",1200,1156,2,0,0,2,2,2,2,1,1,1
"393",464,"1999_47.1_1",393,1,NA,"1999-07-20","1999-07-20","1999-08-28","1999-08-28",2,2,2,28,68,"CN",1999,1,1,"1999-07-20",1999,"1997-2010",1200,1156,2,0,0,2,2,2,2,1,2,1
"394",466,"1999_47_1",294,1,NA,"1998-12-15","1999-01-06",NA,NA,1,1,1,26,67,"CN",1999,1,1,"1998-12-26",1998,"1997-2010",561,467,1,0,1,1,1,1,1,1,1,1
"395",467,"1999_47_2",392,2,NA,"1999-08-16","1999-08-16",NA,NA,1,0,0,28,67,"CN",1999,0,0,"1999-08-16",1999,"1997-2010",1305,467,0,0,1,0,NA,0,1,0,1,0
"396",471,"1999_5_2",318,2,NA,NA,"1999-03-10",NA,"1999-04-13",1,1,1,27,8,"CN",1999,1,1,"1999-03-10",1999,"1997-2010",596,497,1,0,2,0,NA,1,1,1,1,1
"397",473,"1999_5_4",354,4,NA,"1999-08-06","1999-08-06","1999-09-14","1999-09-14",1,1,0,28,8,"CN",1999,0,0,"1999-08-06",1999,"1997-2010",596,497,1,0,1,1,1,1,1,1,1,1
"398",475,"1999_50.1_1",395,1,NA,NA,"1999-05-29",NA,"1999-07-02",1,1,1,28,72,"CN",1999,1,1,"1999-05-29",1999,"1997-2010",1186,1184,1,0,1,0,NA,1,1,1,1,1
"399",476,"1999_50.1_2",395,2,NA,"1999-07-19","1999-07-19",NA,NA,1,0,0,28,72,"CN",1999,0,0,"1999-07-19",1999,"1997-2010",1186,1184,1,0,1,0,NA,0,1,0,1,0
"400",477,"1999_50.1_3",395,3,NA,"1999-08-03","1999-08-03","1999-09-06","1999-09-06",1,1,1,28,72,"CN",1999,1,1,"1999-08-03",1999,"1997-2010",1186,1184,1,0,1,0,NA,1,1,1,1,1
"401",478,"1999_50_1",394,1,NA,"1999-07-11","1999-07-26","1999-08-23","1999-08-23",1,1,1,28,71,"CN",1999,1,1,"1999-07-18",1999,"1997-2010",1244,1188,1,0,1,1,1,1,1,1,1,1
"402",480,"1999_51.1_2",333,2,NA,NA,"1999-03-13",NA,"1999-04-16",1,1,1,27,74,"CN",1999,1,1,"1999-03-13",1999,"1997-2010",835,1031,1,0,0,0,NA,1,1,1,1,1
"403",481,"1999_51.1_3",397,3,NA,"1999-07-09","1999-07-09","1999-08-15","1999-08-15",2,2,1,28,74,"CN",1999,0.5,0.5,"1999-07-09",1999,"1997-2010",835,1031,0,0,3,1,1,1,2,0.5,1,1
"404",481,"1999_51.1_3",397,3,NA,"1999-07-09","1999-07-09","1999-08-15","1999-08-15",2,2,1,28,74,"CN",1999,0.5,0.5,"1999-07-09",1999,"1997-2010",835,1031,0,0,3,1,1,1,2,0.5,2,0
"405",482,"1999_51_1",332,1,NA,NA,"1999-03-28",NA,"1999-05-01",1,1,1,27,73,"CN",1999,1,1,"1999-03-28",1999,"1997-2010",1410,436,1,0,0,1,1,1,1,1,1,1
"406",483,"1999_51_2",396,2,NA,"1999-08-04","1999-08-04","1999-09-08","1999-09-08",1,1,1,28,73,"CN",1999,1,1,"1999-08-04",1999,"1997-2010",1410,436,1,0,1,1,1,1,1,1,1,1
"407",486,"1999_52.1_3",399,3,NA,"1999-07-10","1999-07-10",NA,NA,1,0,0,28,77,"CN",1999,0,0,"1999-07-10",1999,"1997-2010",1158,1159,0,0,2,0,NA,0,1,0,1,0
"408",488,"1999_52.1_5",399,5,NA,"1999-08-04","1999-08-04",NA,NA,1,0,0,28,77,"CN",1999,0,0,"1999-08-04",1999,"1997-2010",1158,1159,0,0,2,0,NA,0,1,0,1,0
"409",489,"CN_1999_52.2_2",2546,1,NA,NA,"1999-06-01",NA,"1999-07-05",1,1,1,28,78,"CN",1999,1,1,"1999-06-01",1999,"1997-2010",1227,NA,0,0,2,1,1,1,1,1,1,1
"410",491,"1999_52_2",398,2,NA,"1999-06-30","1999-07-03","1999-08-08","1999-08-08",1,1,1,28,76,"CN",1999,1,1,"1999-07-01",1999,"1997-2010",628,1037,0,0,2,0,NA,1,1,1,1,1
"411",493,"1999_53_1",400,1,NA,"1999-08-21","1999-08-21",NA,NA,1,0,0,28,79,"CN",1999,0,0,"1999-08-21",1999,"1997-2010",1355,1357,0,0,0,0,NA,0,1,0,1,0
"412",495,"1999_54_1",401,1,NA,"1999-05-25","1999-05-31","1999-07-04","1999-07-04",1,1,1,28,81,"CN",1999,1,1,"1999-05-28",1999,"1997-2010",853,865,1,0,1,1,1,1,1,1,1,1
"413",496,"1999_54_2",401,2,NA,"1999-09-05","1999-09-05",NA,NA,1,0,0,28,81,"CN",1999,0,0,"1999-09-05",1999,"1997-2010",853,865,1,0,1,0,NA,0,1,0,1,0
"414",497,"1999_55_1",402,1,NA,"1999-07-01","1999-07-01",NA,NA,1,0,0,28,82,"CN",1999,0,0,"1999-07-01",1999,"1997-2010",1130,1356,0,0,0,0,NA,0,1,0,1,0
"415",498,"1999_55_2",402,2,NA,"1999-08-19","1999-09-05",NA,NA,1,1,0,28,82,"CN",1999,0,0,"1999-08-27",1999,"1997-2010",1130,1356,0,0,0,0,NA,0,1,0,1,0
"416",499,"1999_56_1",403,1,NA,"1999-08-26","1999-08-26",NA,NA,1,1,0,28,83,"CN",1999,0,0,"1999-08-26",1999,"1997-2010",832,523,0,0,1,0,NA,0,1,0,1,0
"417",500,"1999_57_1",334,1,NA,NA,"1999-03-11",NA,"1999-04-14",1,1,1,27,84,"CN",1999,1,1,"1999-03-11",1999,"1997-2010",450,629,1,0,0,0,NA,1,1,1,1,1
"418",502,"1999_58_1",335,1,NA,NA,"1999-03-08",NA,"1999-04-11",1,1,1,27,86,"CN",1999,1,1,"1999-03-08",1999,"1997-2010",522,1360,1,0,0,1,1,1,1,1,1,1
"419",505,"1999_58_4",405,4,NA,"1999-09-04","1999-09-04",NA,NA,2,2,1,28,86,"CN",1999,0.5,0.5,"1999-09-04",1999,"1997-2010",522,1360,2,0,1,2,1,1,2,0.5,1,1
"420",505,"1999_58_4",405,4,NA,"1999-09-04","1999-09-04",NA,NA,2,2,1,28,86,"CN",1999,0.5,0.5,"1999-09-04",1999,"1997-2010",522,1360,2,0,1,2,1,1,2,0.5,2,0
"421",506,"1999_59.1_1",299,1,NA,"1998-12-27","1999-01-14",NA,NA,1,1,0,26,88,"CN",1999,0,0,"1999-01-05",1999,"1997-2010",951,1196,0,0,0,0,NA,0,1,0,1,0
"422",508,"1999_59.1_3",407,3,NA,"1999-07-18","1999-07-18","1999-08-23","1999-08-23",1,1,1,28,88,"CN",1999,1,1,"1999-07-18",1999,"1997-2010",951,1196,1,0,0,1,1,1,1,1,1,1
"423",509,"1999_59_3",406,3,NA,"1999-07-26","1999-07-30","1999-09-01","1999-09-05",1,1,1,28,87,"CN",1999,1,1,"1999-07-28",1999,"1997-2010",1437,1279,1,0,0,0,NA,1,1,1,1,1
"424",511,"1999_59_2",406,2,NA,"1999-07-29","1999-07-29","1999-09-06","1999-09-06",1,1,1,28,87,"CN",1999,1,1,"1999-07-29",1999,"1997-2010",1437,1279,1,0,0,1,1,1,1,1,1,1
"425",512,"1999_6_1",319,1,NA,NA,"1999-03-29",NA,"1999-05-02",1,1,1,27,9,"CN",1999,1,1,"1999-03-29",1999,"1997-2010",595,495,1,0,0,0,NA,1,1,1,1,1
"426",513,"1999_6_2",355,2,NA,"1999-07-24","1999-07-24",NA,NA,1,1,0,28,9,"CN",1999,0,0,"1999-07-24",1999,"1997-2010",595,495,1,0,0,0,NA,0,1,0,1,0
"427",515,"1999_60.1_2",337,2,NA,NA,"1999-03-14",NA,"1999-04-17",1,1,0,27,90,"CN",1999,0,0,"1999-03-14",1999,"1997-2010",862,632,1,0,0,1,1,1,1,1,1,1
"428",517,"1999_60.1_4",409,4,NA,"1999-08-29","1999-08-29",NA,NA,1,0,0,28,90,"CN",1999,0,0,"1999-08-29",1999,"1997-2010",862,632,1,0,0,0,NA,0,1,0,1,0
"429",519,"1999_60_1",336,1,NA,NA,"1999-03-09",NA,"1999-04-12",1,1,1,27,89,"CN",1999,1,1,"1999-03-09",1999,"1997-2010",168,1045,1,0,0,1,1,1,1,1,1,1
"430",520,"1999_60_2",408,2,NA,"1999-07-14","1999-07-14","1999-08-20","1999-08-20",1,1,1,28,89,"CN",1999,1,1,"1999-07-14",1999,"1997-2010",168,1045,2,0,0,1,1,1,1,1,1,1
"431",521,"1999_63_1",301,1,NA,"1998-12-11","1999-01-02",NA,NA,1,1,0,26,94,"CN",1999,0,0,"1998-12-22",1998,"1997-2010",1195,1243,0,0,0,0,NA,0,1,0,1,0
"432",522,"1999_63_2",410,2,NA,"1999-07-06","1999-07-09","1999-08-12","1999-08-12",1,1,1,28,94,"CN",1999,1,1,"1999-07-07",1999,"1997-2010",1195,1243,1,0,0,0,NA,1,1,1,1,1
"433",523,"1999_64_1",338,1,NA,NA,"1999-03-16",NA,"1999-04-19",1,1,1,27,95,"CN",1999,1,1,"1999-03-16",1999,"1997-2010",1170,917,1,0,0,0,NA,1,1,1,1,1
"434",524,"1999_64_2",411,2,NA,"1999-06-28","1999-07-03",NA,NA,1,1,0,28,95,"CN",1999,0,0,"1999-06-30",1999,"1997-2010",1170,917,0,0,0,0,NA,0,1,0,1,0
"435",525,"1999_64_3",411,3,NA,"1999-08-17","1999-08-17",NA,NA,1,1,0,28,95,"CN",1999,0,0,"1999-08-17",1999,"1997-2010",1170,917,0,0,0,0,NA,0,1,0,1,0
"436",526,"1999_67_1",302,1,NA,"1999-01-05","1999-01-23",NA,NA,1,1,0,26,99,"CN",1999,0,0,"1999-01-14",1999,"1997-2010",1161,525,0,0,2,0,NA,0,1,0,1,0
"437",527,"1999_67_2",339,2,NA,"1999-01-22","1999-01-22","1999-02-26","1999-02-26",1,1,1,27,99,"CN",1999,1,1,"1999-01-22",1999,"1997-2010",1161,525,0,0,1,0,NA,1,1,1,1,1
"438",528,"1999_67_3",412,3,NA,NA,"1999-05-30","1999-07-03","1999-07-03",1,1,1,28,99,"CN",1999,1,1,"1999-05-30",1999,"1997-2010",1161,525,1,0,0,0,NA,1,1,1,1,1
"439",529,"1999_67_4",412,4,NA,"1999-09-08","1999-09-08",NA,NA,1,0,0,28,99,"CN",1999,0,0,"1999-09-08",1999,"1997-2010",1161,525,1,0,0,0,NA,0,1,0,1,0
"440",532,"1999_69_2",340,2,NA,NA,"1999-03-11",NA,NA,1,1,1,27,101,"CN",1999,1,1,"1999-03-11",1999,"1997-2010",1403,849,1,0,0,1,1,1,1,1,1,1
"441",533,"1999_69_3",414,3,NA,"1999-07-19","1999-07-19",NA,NA,1,0,0,28,101,"CN",1999,0,0,"1999-07-19",1999,"1997-2010",1403,849,1,1,1,0,NA,0,1,0,1,0
"442",534,"1999_69_4",414,4,NA,"1999-08-17","1999-08-17",NA,NA,2,2,1,28,101,"CN",1999,0.5,0.5,"1999-08-17",1999,"1997-2010",1403,849,1,1,1,1,1,1,2,0.5,1,1
"443",534,"1999_69_4",414,4,NA,"1999-08-17","1999-08-17",NA,NA,2,2,1,28,101,"CN",1999,0.5,0.5,"1999-08-17",1999,"1997-2010",1403,849,1,1,1,1,1,1,2,0.5,2,0
"444",535,"1999_7_1",320,1,NA,"1999-03-05","1999-03-27",NA,NA,1,1,0,27,12,"CN",1999,0,0,"1999-03-16",1999,"1997-2010",833,200,0,0,0,0,NA,0,1,0,1,0
"445",536,"1999_7_2",356,2,1,"1999-07-10","1999-07-10",NA,NA,1,1,0,28,12,"CN",1999,0,0,"1999-07-10",1999,"1997-2010",833,200,0,0,1,0,NA,0,1,0,1,0
"446",537,"1999_7_3",356,2,2,"1999-08-05","1999-08-05","1999-09-08","1999-09-09",1,1,1,28,12,"CN",1999,1,1,"1999-08-05",1999,"1997-2010",833,200,0,0,1,1,1,1,1,1,1,1
"447",538,"1999_73_1",415,1,NA,"1999-07-09","1999-07-09",NA,NA,1,0,0,28,105,"CN",1999,0,0,"1999-07-09",1999,"1997-2010",670,1381,0,0,1,0,NA,0,1,0,1,0
"448",539,"1999_73_2",415,2,NA,"1999-07-27","1999-07-27","1999-09-02","1999-09-02",1,1,0,28,105,"CN",1999,0,0,"1999-07-27",1999,"1997-2010",670,1381,0,0,1,1,1,1,1,1,1,1
"449",542,"1999_75_2",341,2,NA,NA,"1999-03-08",NA,"1999-04-11",1,1,1,27,108,"CN",1999,1,1,"1999-03-08",1999,"1997-2010",1022,1199,1,0,0,0,NA,1,1,1,1,1
"450",543,"1999_75_3",416,3,NA,"1999-08-09","1999-08-09",NA,NA,1,0,0,28,108,"CN",1999,0,0,"1999-08-09",1999,"1997-2010",1022,1199,1,0,0,0,NA,0,1,0,1,0
"451",546,"1999_76_3",417,3,NA,"1999-07-03","1999-07-03","1999-08-08","1999-08-08",1,1,1,28,109,"CN",1999,1,1,"1999-07-03",1999,"1997-2010",914,1040,0,0,1,1,1,1,1,1,1,1
"452",547,"1999_77_1",418,1,NA,NA,"1999-05-30",NA,"1999-07-03",1,1,1,28,110,"CN",1999,1,1,"1999-05-30",1999,"1997-2010",1017,1018,1,0,0,0,NA,1,1,1,1,1
"453",548,"1999_77_2",418,2,NA,"1999-08-07","1999-08-07",NA,NA,1,0,0,28,110,"CN",1999,0,0,"1999-08-07",1999,"1997-2010",1017,1018,1,0,0,0,NA,0,1,0,1,0
"454",549,"1999_77_3",418,3,NA,"1999-08-21","1999-08-21","1999-09-24","1999-09-24",1,1,1,28,110,"CN",1999,1,1,"1999-08-21",1999,"1997-2010",1017,1018,1,0,0,1,1,1,1,1,1,1
"455",550,"1999_78_1",306,1,NA,NA,"1998-12-16",NA,"1999-01-19",1,1,1,26,112,"CN",1999,1,1,"1998-12-16",1998,"1997-2010",1160,1047,1,0,1,0,NA,1,1,1,1,1
"456",551,"1999_78_2",419,2,NA,"1999-07-14","1999-07-14","1999-08-12","1999-08-12",1,1,0,28,112,"CN",1999,0,0,"1999-07-14",1999,"1997-2010",1160,1047,0,0,1,1,1,1,1,1,1,1
"457",552,"1999_8_2",357,2,NA,"1999-08-06","1999-08-06",NA,NA,1,0,0,28,13,"CN",1999,0,0,"1999-08-06",1999,"1997-2010",823,1268,0,0,0,0,NA,0,1,0,1,0
"458",553,"1999_8_3",357,3,NA,"1999-09-05","1999-09-05",NA,NA,1,1,0,28,13,"CN",1999,0,0,"1999-09-05",1999,"1997-2010",823,1268,0,0,0,0,NA,0,1,0,1,0
"459",554,"1999_80_1",420,1,NA,"1999-07-09","1999-07-09",NA,NA,1,0,0,28,115,"CN",1999,0,0,"1999-07-09",1999,"1997-2010",297,1862,0,1,2,0,NA,0,1,0,1,0
"460",555,"1999_80_2",420,2,NA,"1999-09-16","1999-09-16",NA,NA,1,0,0,28,115,"CN",1999,0,0,"1999-09-16",1999,"1997-2010",297,1862,0,1,2,0,NA,0,1,0,1,0
"461",557,"1999_81_2",342,2,NA,NA,"1999-03-10",NA,"1999-04-13",1,1,1,27,116,"CN",1999,1,1,"1999-03-10",1999,"1997-2010",1049,776,1,0,0,1,1,1,1,1,1,1
"462",558,"1999_81_3",421,2,NA,"1999-07-27","1999-07-27",NA,NA,1,0,0,28,116,"CN",1999,0,0,"1999-07-27",1999,"1997-2010",1049,776,1,0,0,0,NA,0,1,0,1,0
"463",559,"1999_81_4",421,3,NA,"1999-07-23","1999-07-27",NA,NA,1,0,0,28,116,"CN",1999,0,0,"1999-07-25",1999,"1997-2010",1049,776,1,0,0,0,NA,0,1,0,1,0
"464",560,"1999_82.1_1",344,1,NA,NA,"1999-03-11",NA,"1999-04-14",1,1,1,27,118,"CN",1999,1,1,"1999-03-11",1999,"1997-2010",1190,1191,1,0,1,0,NA,1,1,1,1,1
"465",561,"1999_82_1",308,1,NA,"1999-01-23","1999-01-23",NA,NA,1,0,0,26,117,"CN",1999,0,0,"1999-01-23",1999,"1997-2010",774,1198,0,0,1,0,NA,0,1,0,1,0
"466",562,"1999_82_2",343,2,NA,NA,"1999-03-10",NA,"1999-04-13",1,1,1,27,117,"CN",1999,1,1,"1999-03-10",1999,"1997-2010",774,1198,1,0,1,1,1,1,1,1,1,1
"467",563,"1999_84_1",422,1,NA,NA,"1999-06-02",NA,"1999-07-06",1,1,1,28,123,"CN",1999,1,1,"1999-06-02",1999,"1997-2010",1380,602,1,0,0,0,NA,1,1,1,1,1
"468",564,"1999_85_1",309,1,NA,"1999-01-06","1999-01-24","1999-01-08",NA,1,1,1,26,125,"CN",1999,1,1,"1999-01-15",1999,"1997-2010",638,1185,0,0,2,0,NA,1,1,1,1,1
"469",565,"1999_85_2",345,2,NA,NA,"1999-03-11",NA,"1999-04-14",1,1,1,27,125,"CN",1999,1,1,"1999-03-11",1999,"1997-2010",638,1185,1,0,1,0,NA,1,1,1,1,1
"470",566,"1999_85_3",423,3,NA,NA,"1999-05-30",NA,"1999-07-03",1,1,1,28,125,"CN",1999,1,1,"1999-05-30",1999,"1997-2010",638,1185,1,1,0,1,1,1,1,1,1,1
"471",567,"1999_85_4",423,4,NA,"1999-08-14","1999-08-14",NA,NA,1,0,0,28,125,"CN",1999,0,0,"1999-08-14",1999,"1997-2010",638,1185,1,1,0,0,NA,0,1,0,1,0
"472",568,"1999_86_1",424,1,NA,"1999-07-04","1999-07-12","1999-07-23","1999-07-23",1,1,1,28,126,"CN",1999,1,1,"1999-07-08",1999,"1997-2010",919,510,1,0,1,0,NA,1,1,1,1,1
"473",569,"1999_87_1",346,1,NA,NA,"1999-03-10",NA,"1999-04-13",1,1,1,27,127,"CN",1999,1,1,"1999-03-10",1999,"1997-2010",1024,676,1,0,0,0,NA,1,1,1,1,1
"474",570,"1999_87_2",425,2,NA,"1999-07-11","1999-07-11",NA,NA,1,0,0,28,127,"CN",1999,0,0,"1999-07-11",1999,"1997-2010",1024,676,1,0,1,0,NA,0,1,0,1,0
"475",571,"1999_87_3",425,3,NA,"1999-08-20","1999-08-20","1999-09-21","1999-09-21",1,1,1,28,127,"CN",1999,1,1,"1999-08-20",1999,"1997-2010",1024,676,1,0,1,0,NA,1,1,1,1,1
"476",572,"1999_88.1_1",427,1,NA,"1999-06-17","1999-06-29","1999-07-28","1999-07-28",1,1,1,28,130,"CN",1999,1,1,"1999-06-23",1999,"1997-2010",663,509,1,0,1,0,NA,1,1,1,1,1
"477",573,"1999_88_1",426,1,NA,"1999-06-19","1999-06-30","1999-08-01","1999-08-01",1,1,0,28,129,"CN",1999,0,0,"1999-06-24",1999,"1997-2010",915,1412,0,0,1,1,1,1,1,1,1,1
"478",574,"1999_88_2",426,2,NA,"1999-08-31","1999-08-31",NA,NA,1,0,0,28,129,"CN",1999,0,0,"1999-08-31",1999,"1997-2010",915,1412,0,0,1,0,NA,0,1,0,1,0
"479",575,"1999_9_1",358,1,NA,"1999-07-13","1999-07-13",NA,NA,1,0,0,28,14,"CN",1999,0,0,"1999-07-13",1999,"1997-2010",458,499,1,0,1,0,NA,0,1,0,1,0
"480",576,"1999_9_2",358,2,NA,"1999-08-06","1999-08-06",NA,NA,1,0,0,28,14,"CN",1999,0,0,"1999-08-06",1999,"1997-2010",458,499,1,0,1,0,NA,0,1,0,1,0
"481",577,"1999_9_3",358,3,NA,"1999-08-11","1999-08-20","1999-09-23","1999-09-23",1,1,0,28,14,"CN",1999,0,0,"1999-08-15",1999,"1997-2010",458,499,1,0,1,0,NA,0,1,0,1,0
"482",578,"1999_92.1_1",310,1,NA,"1998-12-26","1999-01-13",NA,NA,1,1,1,26,135,"CN",1999,1,1,"1999-01-04",1999,"1997-2010",915,847,0,0,0,1,1,1,1,1,1,1
"483",579,"1999_93_1",428,1,NA,"1999-07-02","1999-07-13","1999-08-07","1999-08-20",1,1,0,28,137,"CN",1999,0,0,"1999-07-07",1999,"1997-2010",845,1276,0,0,1,1,1,1,1,1,1,1
"484",583,"1999_94.1_2",430,2,NA,"1999-07-28","1999-07-28",NA,NA,1,0,0,28,139,"CN",1999,0,0,"1999-07-28",1999,"1997-2010",1172,1171,0,0,1,0,NA,0,1,0,1,0
"485",584,"1999_94_1",429,1,NA,"1999-06-25","1999-06-29","1999-08-04","1999-08-04",1,1,1,28,138,"CN",1999,1,1,"1999-06-27",1999,"1997-2010",1382,847,1,0,1,0,NA,1,1,1,1,1
"486",587,"1999_95_4",431,4,NA,"1999-07-21","1999-07-21",NA,NA,1,0,0,28,141,"CN",1999,0,0,"1999-07-21",1999,"1997-2010",677,1168,3,1,0,0,NA,0,1,0,1,0
"487",588,"1999_95_5",431,5,NA,"1999-08-16","1999-08-16","1999-09-20","1999-09-20",3,2,2,28,141,"CN",1999,0.666666666666667,1,"1999-08-16",1999,"1997-2010",677,1168,3,1,0,3,3,3,3,1,1,1
"488",588,"1999_95_5",431,5,NA,"1999-08-16","1999-08-16","1999-09-20","1999-09-20",3,2,2,28,141,"CN",1999,0.666666666666667,1,"1999-08-16",1999,"1997-2010",677,1168,3,1,0,3,3,3,3,1,2,1
"489",588,"1999_95_5",431,5,NA,"1999-08-16","1999-08-16","1999-09-20","1999-09-20",3,2,2,28,141,"CN",1999,0.666666666666667,1,"1999-08-16",1999,"1997-2010",677,1168,3,1,0,3,3,3,3,1,3,1
"490",589,"1999_96_1",432,1,NA,"1999-07-19","1999-07-19",NA,NA,1,0,0,28,144,"CN",1999,0,0,"1999-07-19",1999,"1997-2010",1275,3278,0,0,0,0,NA,0,1,0,1,0
"491",590,"1999_97.1_1",433,1,NA,NA,"1999-06-05",NA,"1999-07-09",1,1,1,28,147,"CN",1999,1,1,"1999-06-05",1999,"1997-2010",1304,668,0,1,2,1,1,1,1,1,1,1
"492",591,"1999_97.1_2",433,2,NA,"1999-08-22","1999-08-22","1999-09-25","1999-09-25",2,1,1,28,147,"CN",1999,0.5,1,"1999-08-22",1999,"1997-2010",1304,668,0,1,2,1,1,1,2,0.5,1,1
"493",591,"1999_97.1_2",433,2,NA,"1999-08-22","1999-08-22","1999-09-25","1999-09-25",2,1,1,28,147,"CN",1999,0.5,1,"1999-08-22",1999,"1997-2010",1304,668,0,1,2,1,1,1,2,0.5,2,0
"494",592,"2002_1.1_1",777,1,1,"2002-07-21","2002-08-06",NA,NA,1,1,0,41,2,"CN",2002,0,0,"2002-07-29",2002,"1997-2010",927,501,0,0,0,0,NA,0,1,0,1,0
"495",593,"2002_1_1",776,1,1,"2002-07-10","2002-07-18",NA,NA,1,1,1,41,1,"CN",2002,1,1,"2002-07-14",2002,"1997-2010",912,1348,0,0,3,1,1,1,1,1,1,1
"496",594,"2002_10_1",787,1,1,"2002-08-05","2002-08-13",NA,NA,1,0,0,41,15,"CN",2002,0,0,"2002-08-09",2002,"1997-2010",1589,929,1,0,1,0,NA,0,1,0,1,0
"497",595,"2002_102_1",849,1,1,"2002-07-24","2002-07-26",NA,NA,1,0,0,41,157,"CN",2002,0,0,"2002-07-25",2002,"1997-2010",666,1425,0,0,2,0,NA,0,1,0,1,0
"498",597,"2002_103.1_1",850,1,1,"2002-07-22","2002-07-22",NA,NA,1,0,0,41,159,"CN",2002,0,0,"2002-07-22",2002,"1997-2010",2993,544,0,0,1,0,NA,0,1,0,1,0
"499",598,"2002_103.1_2",850,2,2,"2002-07-28","2002-08-02",NA,NA,1,1,0,41,159,"CN",2002,0,0,"2002-07-30",2002,"1997-2010",2993,544,0,0,1,0,NA,0,1,0,1,0
"500",599,"2002_104_1",851,1,1,"2002-07-22","2002-07-22",NA,NA,1,0,0,41,160,"CN",2002,0,0,"2002-07-22",2002,"1997-2010",563,1430,0,0,0,0,NA,0,1,0,1,0
"501",600,"2002_108_1",852,1,1,"2002-06-11","2002-07-03","2002-07-20","2002-08-09",1,1,1,41,165,"CN",2002,1,1,"2002-06-22",2002,"1997-2010",1043,1569,1,1,2,1,1,1,1,1,1,1
"502",601,"2002_11_1",788,1,1,"2002-07-26","2002-07-26",NA,NA,1,1,0,41,16,"CN",2002,0,0,"2002-07-26",2002,"1997-2010",1409,1209,0,1,0,0,NA,0,1,0,1,0
"503",602,"2002_114_1",853,1,1,"2002-07-17","2002-07-17",NA,NA,1,0,0,41,171,"CN",2002,0,0,"2002-07-17",2002,"1997-2010",524,634,0,0,3,0,NA,0,1,0,1,0
"504",605,"2002_117_1",3342,1,1,"2002-07-07","2002-07-24",NA,NA,1,0,0,41,174,"CN",2002,0,0,"2002-07-15",2002,"1997-2010",NA,NA,0,0,1,0,NA,0,1,0,1,0
"505",607,"2002_15_1",789,1,1,"2002-07-21","2002-07-21","2002-08-30","2002-08-31",1,1,1,41,20,"CN",2002,1,1,"2002-07-21",2002,"1997-2010",840,1729,0,0,2,1,1,1,1,1,1,1
"506",608,"2002_16_1",790,1,1,"2002-08-04","2002-08-04",NA,NA,1,1,0,41,22,"CN",2002,0,0,"2002-08-04",2002,"1997-2010",1511,1499,1,0,1,0,NA,0,1,0,1,0
"507",609,"2002_17_1",791,1,1,"2002-07-16","2002-07-16","2002-07-17","2002-07-27",1,1,1,41,23,"CN",2002,1,1,"2002-07-16",2002,"1997-2010",1247,1020,1,0,1,1,1,1,1,1,1,1
"508",611,"2002_18_2",792,2,2,"2002-08-18","2002-09-04",NA,NA,1,1,1,41,24,"CN",2002,1,1,"2002-08-26",2002,"1997-2010",1059,1500,0,0,2,0,NA,1,1,1,1,1
"509",612,"2002_19_1",793,1,1,NA,"2002-07-04",NA,"2002-08-10",2,2,2,41,25,"CN",2002,1,1,"2002-07-04",2002,"1997-2010",1506,1359,1,0,4,0,NA,2,2,1,1,1
"510",612,"2002_19_1",793,1,1,NA,"2002-07-04",NA,"2002-08-10",2,2,2,41,25,"CN",2002,1,1,"2002-07-04",2002,"1997-2010",1506,1359,1,0,4,0,NA,2,2,1,2,1
"511",613,"2002_2_1",778,1,1,"2002-07-16","2002-07-16",NA,NA,1,1,0,41,3,"CN",2002,0,0,"2002-07-16",2002,"1997-2010",1431,1287,1,0,2,0,NA,0,1,0,1,0
"512",614,"2002_20_1",794,1,1,"2002-07-23","2002-08-11","2002-08-31","2002-09-17",1,1,1,41,26,"CN",2002,1,1,"2002-08-01",2002,"1997-2010",1550,1166,1,0,2,0,NA,1,1,1,1,1
"513",615,"2002_26_1",795,1,1,"2002-06-27","2002-07-10","2002-08-05","2002-08-13",1,1,1,41,34,"CN",2002,1,1,"2002-07-03",2002,"1997-2010",1218,1542,1,2,1,1,1,1,1,1,1,1
"514",616,"2002_28.1_1",797,1,1,"2002-06-30","2002-07-07","2002-08-05","2002-08-10",1,1,1,41,39,"CN",2002,1,1,"2002-07-03",2002,"1997-2010",1415,1666,1,0,1,1,1,1,1,1,1,1
"515",617,"2002_28_1",796,1,1,"2002-07-16","2002-07-16","2002-07-17","2002-08-06",1,1,1,41,38,"CN",2002,1,1,"2002-07-16",2002,"1997-2010",441,1165,0,0,1,0,NA,1,1,1,1,1
"516",619,"2002_29_1",798,1,1,"2002-09-06","2002-09-06",NA,NA,1,0,0,41,40,"CN",2002,0,0,"2002-09-06",2002,"1997-2010",1222,1684,0,0,3,0,NA,0,1,0,1,0
"517",620,"2002_3.1_1",779,1,1,"2002-07-15","2002-07-15","2002-08-20","2002-08-24",1,1,1,41,5,"CN",2002,1,1,"2002-07-15",2002,"1997-2010",1771,1187,1,0,2,1,1,1,1,1,1,1
"518",621,"2002_30.1_1",799,1,1,"2002-07-29","2002-07-31",NA,NA,1,0,0,41,42,"CN",2002,0,0,"2002-07-30",2002,"1997-2010",199,609,0,0,3,0,NA,0,1,0,1,0
"519",622,"2002_30.2_1",800,1,1,NA,"2002-07-11",NA,"2002-08-14",1,1,1,41,43,"CN",2002,1,1,"2002-07-11",2002,"1997-2010",1674,1029,1,0,1,1,1,1,1,1,1,1
"520",623,"2002_32.5_1",802,1,1,NA,"2002-06-29",NA,"2002-08-02",1,1,1,41,46,"CN",2002,1,1,"2002-06-29",2002,"1997-2010",1390,1695,1,0,0,1,1,1,1,1,1,1
"521",624,"2002_32_1",801,1,1,NA,"2002-07-21",NA,"2002-08-24",1,1,1,41,45,"CN",2002,1,1,"2002-07-21",2002,"1997-2010",454,221,0,0,2,0,NA,1,1,1,1,1
"522",625,"2002_33.1_1",803,1,1,"2002-07-18","2002-07-18","2002-08-06","2002-08-10",1,1,1,41,48,"CN",2002,1,1,"2002-07-18",2002,"1997-2010",826,1590,1,0,1,1,1,1,1,1,1,1
"523",626,"2002_34.5_1",805,1,1,"2002-07-30","2002-07-30",NA,NA,1,1,1,41,50,"CN",2002,1,1,"2002-07-30",2002,"1997-2010",NA,1553,1,0,2,1,1,1,1,1,1,1
"524",627,"2002_34_1",804,1,1,"2002-07-07","2002-07-25","2002-08-15","2002-08-28",1,1,1,41,49,"CN",2002,1,1,"2002-07-16",2002,"1997-2010",1388,1557,1,0,1,0,NA,1,1,1,1,1
"525",628,"2002_35_11",806,11,1,"2002-07-23","2002-07-23","2002-07-26","2002-08-15",1,1,1,41,51,"CN",2002,1,1,"2002-07-23",2002,"1997-2010",1361,51,1,0,1,0,NA,1,1,1,1,1
"526",629,"2002_36_1",807,1,1,"2002-06-28","2002-07-14","2002-08-06","2002-08-20",1,1,1,41,52,"CN",2002,1,1,"2002-07-06",2002,"1997-2010",1384,1370,1,0,1,1,1,1,1,1,1,1
"527",630,"2002_37_1",808,1,1,"2002-06-28","2002-07-09","2002-08-06","2002-08-15",1,1,1,41,53,"CN",2002,1,1,"2002-07-03",2002,"1997-2010",932,1368,1,0,2,1,1,1,1,1,1,1
"528",631,"2002_38_1",809,1,1,NA,"2002-06-12","2002-07-16","2002-07-16",1,1,1,41,54,"CN",2002,1,1,"2002-06-12",2002,"1997-2010",1552,1504,0,0,3,0,NA,1,1,1,1,1
"529",632,"2002_39_1",810,1,1,"2002-07-18","2002-07-18","2002-08-12","2002-08-13",1,1,1,41,55,"CN",2002,1,1,"2002-07-18",2002,"1997-2010",459,1670,1,0,0,0,NA,1,1,1,1,1
"530",633,"2002_4_1",780,1,1,"2002-07-15","2002-07-15","2002-08-14","2002-08-14",1,1,1,41,7,"CN",2002,1,1,"2002-07-15",2002,"1997-2010",1362,1509,1,0,1,1,1,1,1,1,1,1
"531",634,"2002_41.1_1",811,1,1,NA,"2002-06-22","2002-07-24","2002-07-24",1,1,1,41,58,"CN",2002,1,1,"2002-06-22",2002,"1997-2010",1757,1523,1,0,0,1,1,1,1,1,1,1
"532",635,"2002_43_1",812,1,1,NA,"2002-06-12","2002-07-16","2002-07-16",1,1,1,41,60,"CN",2002,1,1,"2002-06-12",2002,"1997-2010",1369,1744,1,0,4,1,1,1,1,1,1,1
"533",636,"2002_46_1",813,1,1,"2002-07-27","2002-08-09",NA,NA,1,0,0,41,63,"CN",2002,0,0,"2002-08-02",2002,"1997-2010",1042,176,0,0,0,0,NA,0,1,0,1,0
"534",637,"2002_48_1",814,1,1,NA,"2002-06-15","2002-07-24","2002-07-24",1,1,1,41,69,"CN",2002,1,1,"2002-06-15",2002,"1997-2010",1193,NA,1,0,6,0,NA,1,1,1,1,1
"535",638,"2002_5_1",781,1,1,"2002-07-17","2002-07-21","2002-08-24","2002-08-30",1,1,1,41,8,"CN",2002,1,1,"2002-07-19",2002,"1997-2010",1605,497,0,0,1,0,NA,1,1,1,1,1
"536",640,"2002_50_1",815,1,1,"2002-07-18","2002-07-18","2002-08-10","2002-08-20",1,1,1,41,71,"CN",2002,1,1,"2002-07-18",2002,"1997-2010",1244,1188,0,0,3,1,1,1,1,1,1,1
"537",641,"2002_51.1_1",817,1,1,"2002-07-10","2002-07-16",NA,NA,1,1,0,41,74,"CN",2002,0,0,"2002-07-13",2002,"1997-2010",1490,1031,0,0,2,0,NA,0,1,0,1,0
"538",642,"2002_51.2_1",818,1,1,"2002-06-12","2002-07-04",NA,NA,1,1,0,41,75,"CN",2002,0,0,"2002-06-23",2002,"1997-2010",1559,1591,1,0,0,1,1,1,1,1,1,1
"539",643,"2002_52.1_1",819,1,1,"2002-07-20","2002-07-20",NA,NA,1,0,0,41,77,"CN",2002,0,0,"2002-07-20",2002,"1997-2010",1158,1435,0,0,2,0,NA,0,1,0,1,0
"540",644,"2002_53.1_1",820,1,1,"2002-07-17","2002-07-17","2002-08-20","2002-08-20",1,1,1,41,80,"CN",2002,1,1,"2002-07-17",2002,"1997-2010",3188,1566,1,0,0,1,1,1,1,1,1,1
"541",645,"2002_56_1",821,1,1,"2002-07-20","2002-07-20",NA,NA,1,0,0,41,83,"CN",2002,0,0,"2002-07-20",2002,"1997-2010",832,NA,0,0,2,0,NA,0,1,0,1,0
"542",646,"2002_59_1",822,1,1,"2002-06-14","2002-07-06",NA,NA,1,1,0,41,87,"CN",2002,0,0,"2002-06-25",2002,"1997-2010",1437,1578,0,0,1,0,NA,0,1,0,1,0
"543",647,"2002_59a_1",823,1,1,"2002-07-20","2002-07-20",NA,NA,1,1,0,41,88,"CN",2002,0,0,"2002-07-20",2002,"1997-2010",951,1196,0,0,0,1,1,1,1,1,1,1
"544",649,"2002_6_1",782,1,1,"2002-07-23","2002-08-04",NA,NA,1,0,0,41,9,"CN",2002,0,0,"2002-07-29",2002,"1997-2010",595,1585,0,0,1,0,NA,0,1,0,1,0
"545",650,"2002_60.1_1",3323,1,NA,"2002-07-28","2002-08-04","2002-09-07","2002-09-07",1,1,1,41,90,"CN",2002,1,1,"2002-07-31",2002,"1997-2010",862,1722,1,0,1,1,1,1,1,1,1,1
"546",651,"2002_61_1",824,1,1,"2002-08-05","2002-08-05",NA,NA,1,0,0,41,91,"CN",2002,0,0,"2002-08-05",2002,"1997-2010",3181,1683,0,0,1,0,NA,0,1,0,1,0
"547",654,"2002_64_1",826,1,1,"2002-07-19","2002-07-19","2002-08-20","2002-08-20",1,1,1,41,95,"CN",2002,1,1,"2002-07-19",2002,"1997-2010",1170,3179,0,0,3,0,NA,1,1,1,1,1
"548",655,"2002_66_1",827,1,1,"2002-07-22","2002-07-22",NA,NA,1,0,0,41,98,"CN",2002,0,0,"2002-07-22",2002,"1997-2010",1438,NA,0,0,1,0,NA,0,1,0,1,0
"549",656,"2002_67_1",828,1,1,"2002-07-16","2002-07-25",NA,NA,1,1,0,41,99,"CN",2002,0,0,"2002-07-20",2002,"1997-2010",1672,1533,0,1,0,1,1,1,1,1,1,1
"550",657,"2002_7_1",784,1,1,NA,"2002-07-08","2002-07-11","2002-07-11",1,1,1,41,12,"CN",2002,1,1,"2002-07-08",2002,"1997-2010",930,1485,1,0,1,0,NA,1,1,1,1,1
"551",658,"2002_73_1",829,1,1,"2002-07-22","2002-07-22","2002-09-04","2002-09-04",1,1,1,41,105,"CN",2002,1,1,"2002-07-22",2002,"1997-2010",670,1381,0,1,0,1,1,1,1,1,1,1
"552",659,"2002_75_1",830,1,1,"2002-07-20","2002-07-20",NA,NA,1,0,0,41,108,"CN",2002,0,0,"2002-07-20",2002,"1997-2010",1612,1199,0,0,1,0,NA,0,1,0,1,0
"553",660,"2002_76_1",831,1,1,"2002-07-17","2002-07-17","2002-08-11","2002-08-26",1,1,1,41,109,"CN",2002,1,1,"2002-07-17",2002,"1997-2010",1580,1040,1,0,0,0,NA,1,1,1,1,1
"554",661,"2002_77.1_1",833,1,1,"2002-07-14","2002-07-17",NA,NA,1,0,0,41,111,"CN",2002,0,0,"2002-07-15",2002,"1997-2010",1576,1512,0,0,0,0,NA,0,1,0,1,0
"555",662,"2002_77_1",832,1,1,"2002-06-28","2002-07-20","2002-08-28","2002-08-28",1,1,1,41,110,"CN",2002,1,1,"2002-07-09",2002,"1997-2010",1017,1018,1,0,0,0,NA,1,1,1,1,1
"556",663,"2002_78_1",834,1,1,"2002-07-05","2002-07-11","2002-08-11","2002-08-17",1,1,1,41,112,"CN",2002,1,1,"2002-07-08",2002,"1997-2010",1510,1396,1,0,0,1,1,1,1,1,1,1
"557",664,"2002_8_1",785,1,1,"2002-07-14","2002-07-14",NA,NA,1,0,0,41,13,"CN",2002,0,0,"2002-07-14",2002,"1997-2010",823,1268,0,0,0,0,NA,0,1,0,1,0
"558",665,"2002_80_1",835,1,1,"2002-06-30","2002-07-18",NA,NA,1,0,0,41,115,"CN",2002,0,0,"2002-07-09",2002,"1997-2010",NA,NA,0,0,1,0,NA,0,1,0,1,0
"559",666,"2002_81_1",836,1,1,"2002-07-22","2002-07-22",NA,NA,1,0,0,41,116,"CN",2002,0,0,"2002-07-22",2002,"1997-2010",1049,1608,0,0,2,0,NA,0,1,0,1,0
"560",667,"2002_82_1",837,1,1,"2002-07-26","2002-08-02","2002-09-05","2002-09-05",1,1,1,41,117,"CN",2002,1,1,"2002-07-29",2002,"1997-2010",774,NA,1,0,2,0,NA,1,1,1,1,1
"561",668,"2002_84_1",838,1,1,NA,"2002-06-20","2002-07-24","2002-07-24",1,1,1,41,123,"CN",2002,1,1,"2002-06-20",2002,"1997-2010",1380,1756,1,0,0,0,NA,1,1,1,1,1
"562",669,"2002_85_1",839,1,1,"2002-06-14","2002-07-06","2002-07-23","2002-08-12",1,1,1,41,125,"CN",2002,1,1,"2002-06-25",2002,"1997-2010",638,1551,0,1,1,0,NA,1,1,1,1,1
"563",670,"2002_86_1",840,1,1,"2002-07-22","2002-07-22",NA,NA,1,0,0,41,126,"CN",2002,0,0,"2002-07-22",2002,"1997-2010",919,510,1,0,1,0,NA,0,1,0,1,0
"564",671,"2002_87.1_1",842,1,1,"2002-07-10","2002-07-22",NA,NA,1,0,0,41,128,"CN",2002,0,0,"2002-07-16",2002,"1997-2010",1387,1427,1,0,0,0,NA,0,1,0,1,0
"565",672,"CN_2002_87.1_2",842,1,1,"2002-08-04","2002-08-22",NA,NA,1,0,0,41,128,"CN",2002,0,0,"2002-08-13",2002,"1997-2010",1387,1427,1,0,0,0,NA,0,1,0,1,0
"566",673,"2002_9_1",786,1,1,NA,"2002-06-11","2002-07-15","2002-07-15",1,1,1,41,14,"CN",2002,1,1,"2002-06-11",2002,"1997-2010",458,499,1,0,0,0,NA,1,1,1,1,1
"567",674,"2002_92_1",843,1,1,"2002-07-22","2002-07-22",NA,NA,1,0,0,41,134,"CN",2002,0,0,"2002-07-22",2002,"1997-2010",1429,1751,0,0,0,0,NA,0,1,0,1,0
"568",675,"2002_92a_1",844,1,1,"2002-06-25","2002-07-04","2002-08-03","2002-08-10",2,2,1,41,135,"CN",2002,0.5,0.5,"2002-06-29",2002,"1997-2010",1588,1581,0,0,1,2,2,2,2,1,1,1
"569",675,"2002_92a_1",844,1,1,"2002-06-25","2002-07-04","2002-08-03","2002-08-10",2,2,1,41,135,"CN",2002,0.5,0.5,"2002-06-29",2002,"1997-2010",1588,1581,0,0,1,2,2,2,2,1,2,1
"570",676,"2002_93_1",845,1,1,"2002-06-25","2002-07-02",NA,NA,1,1,0,41,137,"CN",2002,0,0,"2002-06-28",2002,"1997-2010",845,1276,0,0,1,1,1,1,1,1,1,1
"571",677,"2002_94.2_1",846,1,1,NA,"2002-06-19","2002-07-23","2002-07-23",1,1,1,41,140,"CN",2002,1,1,"2002-06-19",2002,"1997-2010",1617,1494,1,0,0,0,NA,1,1,1,1,1
"572",678,"2002_96_1",847,1,1,"2002-07-22","2002-07-22","2002-08-05","2002-08-25",1,1,1,41,144,"CN",2002,1,1,"2002-07-22",2002,"1997-2010",1275,1587,1,0,0,0,NA,1,1,1,1,1
"573",679,"2002_97.1_1",848,1,1,"2002-08-11","2002-08-11",NA,NA,1,0,0,41,147,"CN",2002,0,0,"2002-08-11",2002,"1997-2010",1436,668,0,0,1,0,NA,0,1,0,1,0
"574",680,"2003_1.1_1",445,1,1,"2003-07-07","2003-07-17",NA,NA,1,0,0,30,2,"CN",2003,0,0,"2003-07-12",2003,"1997-2010",927,501,0,0,2,0,NA,0,1,0,1,0
"575",681,"2003_1.1_2",445,2,2,NA,"2003-07-26",NA,NA,1,0,0,30,2,"CN",2003,0,0,"2003-07-26",2003,"1997-2010",927,501,0,0,2,0,NA,0,1,0,1,0
"576",682,"2003_1.1_3",445,3,1,"2003-08-23","2003-08-29",NA,NA,1,1,1,30,2,"CN",2003,1,1,"2003-08-26",2003,"1997-2010",927,501,0,0,2,1,1,1,1,1,1,1
"577",684,"2003_1_2",444,2,1,NA,"2003-07-29","2003-09-03","2003-09-07",2,0,0,30,1,"CN",2003,0,0,"2003-07-29",2003,"1997-2010",912,1348,0,1,1,0,NA,0,2,0,1,0
"578",684,"2003_1_2",444,2,1,NA,"2003-07-29","2003-09-03","2003-09-07",2,0,0,30,1,"CN",2003,0,0,"2003-07-29",2003,"1997-2010",912,1348,0,1,1,0,NA,0,2,0,2,0
"579",685,"2003_1_3",444,3,2,"2003-08-04","2003-08-09","2003-08-21","2003-09-10",1,1,1,30,1,"CN",2003,1,1,"2003-08-06",2003,"1997-2010",912,1348,0,1,1,1,1,1,1,1,1,1
"580",686,"2003_10_1",456,1,1,"2003-07-30","2003-07-30",NA,NA,1,0,0,30,15,"CN",2003,0,0,"2003-07-30",2003,"1997-2010",1589,929,0,0,2,0,NA,0,1,0,1,0
"581",687,"2003_101.1_1",541,1,1,"2003-07-31","2003-08-06",NA,NA,1,0,0,30,155,"CN",2003,0,0,"2003-08-03",2003,"1997-2010",1725,1610,0,0,2,0,NA,0,1,0,1,0
"582",688,"2003_101_1",540,1,1,"2003-08-09","2003-08-09",NA,NA,1,1,0,30,154,"CN",2003,0,0,"2003-08-09",2003,"1997-2010",1789,1728,1,0,0,0,NA,0,1,0,1,0
"583",692,"2003_103.1_2",543,2,2,"2003-07-22","2003-08-09",NA,NA,1,0,0,30,159,"CN",2003,0,0,"2003-07-31",2003,"1997-2010",2993,544,0,0,0,0,NA,0,1,0,1,0
"584",694,"2003_104_2",544,2,2,"2003-08-07","2003-08-07",NA,NA,1,0,0,30,160,"CN",2003,0,0,"2003-08-07",2003,"1997-2010",563,1677,0,0,0,0,NA,0,1,0,1,0
"585",695,"2003_108_1",545,1,1,"2003-06-17","2003-07-04",NA,NA,1,0,0,30,165,"CN",2003,0,0,"2003-06-25",2003,"1997-2010",1043,1682,0,0,3,0,NA,0,1,0,1,0
"586",696,"2003_108_2",545,2,2,"2003-08-10","2003-08-10",NA,NA,1,0,0,30,165,"CN",2003,0,0,"2003-08-10",2003,"1997-2010",1043,1682,0,0,3,0,NA,0,1,0,1,0
"587",698,"2003_109_2",546,2,2,"2003-07-18","2003-07-26",NA,NA,1,0,0,30,166,"CN",2003,0,0,"2003-07-22",2003,"1997-2010",1603,1395,0,0,0,0,NA,0,1,0,1,0
"588",699,"2003_11_1",457,1,NA,"2003-07-17","2003-07-20","2003-08-23","2003-08-23",1,1,1,30,16,"CN",2003,1,1,"2003-07-18",2003,"1997-2010",1409,1209,1,1,0,1,1,1,1,1,1,1
"589",700,"2003_111_1",547,1,1,"2003-07-22","2003-07-24","2003-08-25","2003-08-27",2,1,1,30,168,"CN",2003,0.5,1,"2003-07-23",2003,"1997-2010",1272,1593,1,2,0,1,1,1,2,0.5,1,1
"590",700,"2003_111_1",547,1,1,"2003-07-22","2003-07-24","2003-08-25","2003-08-27",2,1,1,30,168,"CN",2003,0.5,1,"2003-07-23",2003,"1997-2010",1272,1593,1,2,0,1,1,1,2,0.5,2,0
"591",701,"2003_112_1",548,1,1,"2003-07-23","2003-07-25","2003-08-26","2003-08-27",1,1,1,30,169,"CN",2003,1,1,"2003-07-24",2003,"1997-2010",1155,1570,0,0,1,0,NA,1,1,1,1,1
"592",702,"2003_112_2",548,2,2,"2003-07-16","2003-08-03","2003-09-02","2003-09-12",1,1,1,30,169,"CN",2003,1,1,"2003-07-25",2003,"1997-2010",1155,1570,0,0,1,1,1,1,1,1,1,1
"593",703,"2003_114_1",549,1,1,"2003-07-24",NA,NA,NA,1,0,0,30,171,"CN",2003,0,0,"2003-07-24",2003,"1997-2010",524,634,0,0,1,0,NA,0,1,0,1,0
"594",704,"2003_114_2",549,2,2,"2003-07-30","2003-08-03",NA,NA,1,0,0,30,171,"CN",2003,0,0,"2003-08-01",2003,"1997-2010",524,634,0,0,1,0,NA,0,1,0,1,0
"595",705,"2003_116_1",550,1,1,"2003-07-11","2003-07-13",NA,NA,1,0,0,30,173,"CN",2003,0,0,"2003-07-12",2003,"1997-2010",601,506,0,0,0,0,NA,0,1,0,1,0
"596",706,"2003_116_2",550,2,2,"2003-07-22","2003-07-30","2003-08-30","2003-09-05",2,2,1,30,173,"CN",2003,0.5,0.5,"2003-07-26",2003,"1997-2010",601,506,0,0,0,2,1,1,2,0.5,1,1
"597",706,"2003_116_2",550,2,2,"2003-07-22","2003-07-30","2003-08-30","2003-09-05",2,2,1,30,173,"CN",2003,0.5,0.5,"2003-07-26",2003,"1997-2010",601,506,0,0,0,2,1,1,2,0.5,2,0
"598",707,"2003_117_1",551,1,1,"2003-07-15","2003-07-24","2003-08-29","2003-09-06",1,1,0,30,174,"CN",2003,0,0,"2003-07-19",2003,"1997-2010",3155,1579,0,1,2,0,NA,0,1,0,1,0
"599",708,"2003_117_2",551,2,2,"2003-07-09","2003-07-27",NA,NA,1,0,1,30,174,"CN",2003,1,Inf,"2003-07-18",2003,"1997-2010",3155,1579,0,1,2,0,NA,1,1,1,1,1
"600",710,"2003_12_1",458,1,1,"2003-07-31","2003-08-04","2003-08-31","2003-08-31",2,2,2,30,17,"CN",2003,1,1,"2003-08-02",2003,"1997-2010",1753,1349,0,0,2,2,2,2,2,1,1,1
"601",710,"2003_12_1",458,1,1,"2003-07-31","2003-08-04","2003-08-31","2003-08-31",2,2,2,30,17,"CN",2003,1,1,"2003-08-02",2003,"1997-2010",1753,1349,0,0,2,2,2,2,2,1,2,1
"602",711,"2003_15_1",459,1,NA,"2003-07-24","2003-08-08",NA,NA,1,1,0,30,20,"CN",2003,0,0,"2003-07-31",2003,"1997-2010",1740,1729,0,1,1,0,NA,0,1,0,1,0
"603",712,"2003_15_2",459,2,NA,"2003-08-07","2003-08-09",NA,NA,1,0,0,30,20,"CN",2003,0,0,"2003-08-08",2003,"1997-2010",1740,1729,0,1,1,0,NA,0,1,0,1,0
"604",714,"2003_16_2",460,2,1,"2003-07-21","2003-07-24","2003-08-19","2003-08-27",1,1,1,30,22,"CN",2003,1,1,"2003-07-22",2003,"1997-2010",1419,1795,1,0,0,1,1,1,1,1,1,1
"605",715,"2003_17_1",461,1,1,"2003-07-18","2003-07-18",NA,NA,1,0,0,30,23,"CN",2003,0,0,"2003-07-18",2003,"1997-2010",1247,1714,0,0,2,0,NA,0,1,0,1,0
"606",716,"2003_17_2",461,2,2,"2003-07-31","2003-08-03","2003-08-31","2003-08-31",2,1,1,30,23,"CN",2003,0.5,1,"2003-08-01",2003,"1997-2010",1247,1714,0,0,2,0,NA,1,2,0.5,1,1
"607",716,"2003_17_2",461,2,2,"2003-07-31","2003-08-03","2003-08-31","2003-08-31",2,1,1,30,23,"CN",2003,0.5,1,"2003-08-01",2003,"1997-2010",1247,1714,0,0,2,0,NA,1,2,0.5,2,0
"608",717,"2003_18_1",462,1,1,"2003-07-01",NA,NA,NA,1,0,0,30,24,"CN",2003,0,0,"2003-07-01",2003,"1997-2010",1059,1500,0,0,0,0,NA,0,1,0,1,0
"609",718,"2003_18_2",462,2,1,NA,"2003-07-27","2003-08-30","2003-08-30",1,1,1,30,24,"CN",2003,1,1,"2003-07-27",2003,"1997-2010",1059,1500,0,0,0,1,1,1,1,1,1,1
"610",719,"2003_19_1",463,1,1,"2003-07-26","2003-07-26","2003-08-19","2003-08-27",1,1,1,30,25,"CN",2003,1,1,"2003-07-26",2003,"1997-2010",1506,1359,1,1,2,1,1,1,1,1,1,1
"611",720,"2003_2_1",446,1,1,"2003-07-23","2003-07-31","2003-08-30","2003-08-30",1,1,1,30,3,"CN",2003,1,1,"2003-07-27",2003,"1997-2010",1763,1287,0,0,0,1,1,1,1,1,1,1
"612",721,"2003_20_1",464,1,1,"2003-07-26","2003-07-27",NA,NA,1,0,0,30,26,"CN",2003,0,0,"2003-07-26",2003,"1997-2010",1550,1166,0,0,1,0,NA,0,1,0,1,0
"613",722,"2003_20_2",464,2,NA,NA,"2003-11-18",NA,"2003-12-22",1,1,1,30,26,"CN",2003,1,1,"2003-11-18",2003,"1997-2010",1550,1166,0,0,1,1,1,1,1,1,1,1
"614",723,"2003_21_1",465,1,1,NA,"2003-07-24",NA,NA,1,0,0,30,27,"CN",2003,0,0,"2003-07-24",2003,"1997-2010",1346,1773,1,0,1,0,NA,0,1,0,1,0
"615",724,"2003_22_1",466,1,1,"2003-07-25","2003-07-25",NA,NA,1,0,0,30,28,"CN",2003,0,0,"2003-07-25",2003,"1997-2010",1501,1606,0,0,1,0,NA,0,1,0,1,0
"616",725,"2003_22_2",466,2,NA,"2003-08-28","2003-08-29",NA,NA,1,1,1,30,28,"CN",2003,1,1,"2003-08-28",2003,"1997-2010",1501,1606,0,0,1,1,1,1,1,1,1,1
"617",726,"2003_23_1",467,1,NA,"2003-07-03","2003-07-09","2003-08-06","2003-08-18",1,1,1,30,30,"CN",2003,1,1,"2003-07-06",2003,"1997-2010",1503,507,1,0,0,1,1,1,1,1,1,1
"618",727,"2003_24_1",468,1,1,"2003-07-23","2003-08-02","2003-08-31","2003-08-31",1,1,1,30,32,"CN",2003,1,1,"2003-07-28",2003,"1997-2010",825,1611,0,0,0,1,1,1,1,1,1,1
"619",728,"2003_25_1",469,1,1,"2003-07-18","2003-07-23","2003-08-27","2003-08-27",1,1,1,30,33,"CN",2003,1,1,"2003-07-20",2003,"1997-2010",503,1214,0,0,2,0,NA,1,1,1,1,1
"620",729,"CN_2003_26.5_2",2580,1,1,"2003-07-23","2003-08-03","2003-08-27","2003-08-27",1,1,1,30,36,"CN",2003,1,1,"2003-07-28",2003,"1997-2010",1536,1787,1,0,0,1,1,1,1,1,1,1
"621",730,"2003_26_2",470,2,1,"2003-07-31","2003-07-31",NA,NA,1,0,0,30,34,"CN",2003,0,0,"2003-07-31",2003,"1997-2010",1218,1542,0,0,1,0,NA,0,1,0,1,0
"622",731,"2003_26_3",470,3,1,"2003-08-08","2003-08-10",NA,NA,1,0,0,30,34,"CN",2003,0,0,"2003-08-09",2003,"1997-2010",1218,1542,0,0,1,0,NA,0,1,0,1,0
"623",732,"CN_2003_28.1_2",2581,1,1,NA,"2003-07-20","2003-08-28","2003-08-28",1,1,1,30,39,"CN",2003,1,1,"2003-07-20",2003,"1997-2010",1415,1666,0,1,1,1,1,1,1,1,1,1
"624",734,"2003_28_2",471,2,1,"2003-08-03","2003-08-03",NA,NA,1,0,0,30,38,"CN",2003,0,0,"2003-08-03",2003,"1997-2010",441,1165,0,0,1,0,NA,0,1,0,1,0
"625",735,"2003_28_3",471,3,1,"2003-08-21","2003-08-26",NA,NA,1,0,0,30,38,"CN",2003,0,0,"2003-08-23",2003,"1997-2010",441,1165,0,0,1,0,NA,0,1,0,1,0
"626",737,"2003_29_2",472,2,1,"2003-07-19","2003-07-23",NA,NA,2,0,0,30,40,"CN",2003,0,0,"2003-07-21",2003,"1997-2010",1222,1684,0,0,1,0,NA,0,2,0,1,0
"627",737,"2003_29_2",472,2,1,"2003-07-19","2003-07-23",NA,NA,2,0,0,30,40,"CN",2003,0,0,"2003-07-21",2003,"1997-2010",1222,1684,0,0,1,0,NA,0,2,0,2,0
"628",738,"2003_29_3",472,3,2,"2003-08-08","2003-08-09","2003-09-08","2003-09-16",2,1,1,30,40,"CN",2003,0.5,1,"2003-08-08",2003,"1997-2010",1222,1684,0,0,1,1,1,1,2,0.5,1,1
"629",738,"2003_29_3",472,3,2,"2003-08-08","2003-08-09","2003-09-08","2003-09-16",2,1,1,30,40,"CN",2003,0.5,1,"2003-08-08",2003,"1997-2010",1222,1684,0,0,1,1,1,1,2,0.5,2,0
"630",740,"2003_3.1_2",448,2,1,"2003-07-28","2003-07-29","2003-09-04","2003-09-09",2,2,2,30,5,"CN",2003,1,1,"2003-07-28",2003,"1997-2010",1771,1187,0,0,1,2,1,2,2,1,1,1
"631",740,"2003_3.1_2",448,2,1,"2003-07-28","2003-07-29","2003-09-04","2003-09-09",2,2,2,30,5,"CN",2003,1,1,"2003-07-28",2003,"1997-2010",1771,1187,0,0,1,2,1,2,2,1,2,1
"632",741,"2003_3_1",447,1,1,"2003-07-18","2003-07-18","2003-08-27","2003-08-27",1,1,1,30,4,"CN",2003,1,1,"2003-07-18",2003,"1997-2010",1532,911,1,0,0,1,1,1,1,1,1,1
"633",743,"2003_30.1_2",473,2,1,"2003-08-04","2003-08-06","2003-08-31","2003-08-31",2,1,1,30,42,"CN",2003,0.5,1,"2003-08-05",2003,"1997-2010",199,609,0,2,0,1,0,1,2,0.5,1,1
"634",743,"2003_30.1_2",473,2,1,"2003-08-04","2003-08-06","2003-08-31","2003-08-31",2,1,1,30,42,"CN",2003,0.5,1,"2003-08-05",2003,"1997-2010",199,609,0,2,0,1,0,1,2,0.5,2,0
"635",744,"2003_30.2_1",474,1,NA,"2003-07-25","2003-07-31","2003-08-28","2003-09-09",1,1,1,30,43,"CN",2003,1,1,"2003-07-28",2003,"1997-2010",1674,1029,0,0,1,1,1,1,1,1,1,1
"636",746,"2003_32_1",475,1,NA,"2003-07-13","2003-07-20",NA,NA,1,1,0,30,45,"CN",2003,0,0,"2003-07-16",2003,"1997-2010",454,221,0,0,0,0,NA,0,1,0,1,0
"637",747,"2003_33.1_1",478,1,1,"2003-07-03","2003-07-15","2003-08-11","2003-08-19",1,1,1,30,48,"CN",2003,1,1,"2003-07-09",2003,"1997-2010",1193,1590,1,0,1,1,1,1,1,1,1,1
"638",748,"2003_33_1",477,1,1,"2003-07-09","2003-07-16",NA,NA,1,0,0,30,47,"CN",2003,0,0,"2003-07-12",2003,"1997-2010",1765,921,0,0,1,0,NA,0,1,0,1,0
"639",749,"2003_33_2",477,2,1,"2003-07-31","2003-08-05",NA,NA,1,0,0,30,47,"CN",2003,0,0,"2003-08-02",2003,"1997-2010",1765,921,0,0,1,0,NA,0,1,0,1,0
"640",750,"2003_33_3",477,3,NA,"2003-08-20","2003-08-20",NA,NA,1,1,1,30,47,"CN",2003,1,1,"2003-08-20",2003,"1997-2010",1765,921,0,0,1,0,NA,1,1,1,1,1
"641",751,"2003_34.5_1",480,1,1,"2003-07-28","2003-07-30",NA,NA,1,0,0,30,50,"CN",2003,0,0,"2003-07-29",2003,"1997-2010",1200,1553,0,0,1,0,NA,0,1,0,1,0
"642",752,"2003_34_1",479,1,NA,"2003-07-21","2003-07-21",NA,NA,1,0,0,30,49,"CN",2003,0,0,"2003-07-21",2003,"1997-2010",1388,1557,0,0,0,0,NA,0,1,0,1,0
"643",753,"2003_35_1",481,1,1,"2003-07-13","2003-07-31",NA,NA,1,0,0,30,51,"CN",2003,0,0,"2003-07-22",2003,"1997-2010",1361,51,0,0,1,0,NA,0,1,0,1,0
"644",754,"2003_35_2",481,2,2,"2003-07-30","2003-07-30",NA,NA,1,0,0,30,51,"CN",2003,0,0,"2003-07-30",2003,"1997-2010",1361,51,0,0,1,0,NA,0,1,0,1,0
"645",755,"2003_36_1",482,1,NA,"2003-07-21","2003-07-21",NA,NA,1,1,1,30,52,"CN",2003,1,1,"2003-07-21",2003,"1997-2010",1384,1370,1,0,0,1,1,1,1,1,1,1
"646",756,"2003_37_1",483,1,NA,"2003-07-26","2003-07-29",NA,NA,1,1,1,30,53,"CN",2003,1,1,"2003-07-27",2003,"1997-2010",932,1368,0,0,4,1,1,1,1,1,1,1
"647",758,"2003_38_2",484,2,2,"2003-08-29","2003-08-29",NA,NA,1,0,0,30,54,"CN",2003,0,0,"2003-08-29",2003,"1997-2010",1821,1504,0,0,2,0,NA,0,1,0,1,0
"648",759,"2003_39_1",485,1,NA,"2003-07-23","2003-07-25","2003-09-05","2003-09-05",1,1,0,30,55,"CN",2003,0,0,"2003-07-24",2003,"1997-2010",459,1670,0,1,1,0,NA,0,1,0,1,0
"649",760,"2003_39_2",485,2,NA,"2003-08-14","2003-08-14",NA,NA,1,1,0,30,55,"CN",2003,0,0,"2003-08-14",2003,"1997-2010",459,1670,0,1,1,0,NA,0,1,0,1,0
"650",761,"2003_4_1",449,1,1,"2003-07-23","2003-07-23",NA,NA,1,1,0,30,7,"CN",2003,0,0,"2003-07-23",2003,"1997-2010",1362,1509,1,0,1,0,NA,0,1,0,1,0
"651",762,"2003_40_1",486,1,NA,"2003-07-17","2003-07-17",NA,NA,1,0,0,30,56,"CN",2003,0,0,"2003-07-17",2003,"1997-2010",1563,1572,0,0,1,0,NA,0,1,0,1,0
"652",763,"2003_41.1_1",488,1,1,"2003-07-25","2003-07-25",NA,"2003-08-28",1,1,1,30,58,"CN",2003,1,1,"2003-07-25",2003,"1997-2010",1757,1523,1,1,0,1,1,1,1,1,1,1
"653",764,"2003_41_1",487,1,1,"2003-07-17","2003-07-17",NA,NA,1,1,0,30,57,"CN",2003,0,0,"2003-07-17",2003,"1997-2010",949,1540,0,1,0,0,NA,0,1,0,1,0
"654",765,"2003_43_1",489,1,1,"2003-07-13","2003-07-13","2003-08-12","2003-08-22",1,1,1,30,60,"CN",2003,1,1,"2003-07-13",2003,"1997-2010",1369,1744,1,0,2,0,NA,1,1,1,1,1
"655",766,"2003_44_1",490,1,1,"2003-07-08","2003-07-18","2003-08-16","2003-08-21",1,1,1,30,61,"CN",2003,1,1,"2003-07-13",2003,"1997-2010",1561,1441,1,0,1,0,NA,1,1,1,1,1
"656",767,"2003_45_1",491,1,1,"2003-07-06","2003-07-08","2003-08-09","2003-08-14",1,1,1,30,62,"CN",2003,1,1,"2003-07-07",2003,"1997-2010",1538,1539,1,0,0,0,NA,1,1,1,1,1
"657",768,"2003_46.5_1",493,1,1,"2003-06-27","2003-07-15",NA,NA,1,0,0,30,66,"CN",2003,0,0,"2003-07-06",2003,"1997-2010",1558,1577,0,0,0,0,NA,0,1,0,1,0
"658",769,"2003_46.5_2",493,2,2,"2003-08-11","2003-08-11",NA,NA,1,1,0,30,66,"CN",2003,0,0,"2003-08-11",2003,"1997-2010",1558,1577,0,0,0,0,NA,0,1,0,1,0
"659",770,"2003_46_1",492,1,1,"2003-07-08","2003-07-13",NA,NA,1,1,0,30,63,"CN",2003,0,0,"2003-07-10",2003,"1997-2010",1042,176,0,0,1,0,NA,0,1,0,1,0
"660",771,"2003_47_1",494,1,1,"2003-07-14",NA,NA,NA,1,0,0,30,67,"CN",2003,0,0,"2003-07-14",2003,"1997-2010",1305,1595,0,0,2,0,NA,0,1,0,1,0
"661",773,"2003_47_3",494,3,2,"2003-08-05","2003-08-10",NA,NA,1,0,0,30,67,"CN",2003,0,0,"2003-08-07",2003,"1997-2010",1305,1595,0,0,2,0,NA,0,1,0,1,0
"662",774,"2003_47_4",494,4,3,NA,"2003-08-30",NA,NA,1,1,1,30,67,"CN",2003,1,1,"2003-08-30",2003,"1997-2010",1305,1595,0,0,2,1,1,1,1,1,1,1
"663",775,"2003_47a_1",495,1,1,"2003-07-29","2003-07-29","2003-08-19","2003-08-19",1,1,1,30,68,"CN",2003,1,1,"2003-07-29",2003,"1997-2010",1669,1213,1,0,0,1,1,1,1,1,1,1
"664",776,"2003_48_1",496,1,1,"2003-07-10",NA,NA,NA,1,0,0,30,69,"CN",2003,0,0,"2003-07-10",2003,"1997-2010",869,453,0,0,1,0,NA,0,1,0,1,0
"665",778,"2003_48_3",496,3,2,"2003-08-18","2003-08-18",NA,NA,1,1,0,30,69,"CN",2003,0,0,"2003-08-18",2003,"1997-2010",869,453,0,0,1,1,0,0,1,0,1,0
"666",779,"2003_49_1",497,1,1,"2003-07-07","2003-07-07",NA,NA,1,0,0,30,70,"CN",2003,0,0,"2003-07-07",2003,"1997-2010",1782,1495,0,0,0,0,NA,0,1,0,1,0
"667",780,"2003_49_2",497,2,2,"2003-07-20","2003-08-11",NA,NA,1,1,0,30,70,"CN",2003,0,0,"2003-07-31",2003,"1997-2010",1782,1495,0,0,0,0,NA,0,1,0,1,0
"668",781,"2003_5_1",450,1,1,"2003-07-20","2003-08-04","2003-08-28","2003-08-30",1,1,1,30,8,"CN",2003,1,1,"2003-07-27",2003,"1997-2010",1605,497,1,1,1,0,NA,1,1,1,1,1
"669",782,"2003_50_1",498,1,1,"2003-07-09","2003-07-09",NA,NA,1,0,0,30,71,"CN",2003,0,0,"2003-07-09",2003,"1997-2010",1244,1188,0,0,1,0,NA,0,1,0,1,0
"670",783,"2003_50_2",498,2,2,"2003-07-24","2003-07-28","2003-08-28","2003-08-28",1,1,1,30,71,"CN",2003,1,1,"2003-07-26",2003,"1997-2010",1244,1188,0,0,1,1,0,1,1,1,1,1
"671",784,"2003_50a_1",499,1,1,"2003-07-06","2003-07-18","2003-08-05","2003-08-05",1,1,1,30,72,"CN",2003,1,1,"2003-07-12",2003,"1997-2010",1700,1221,1,0,2,1,1,1,1,1,1,1
"672",785,"2003_51.1_1",500,1,1,"2003-07-06","2003-07-18",NA,NA,1,0,0,30,74,"CN",2003,0,0,"2003-07-12",2003,"1997-2010",1490,1031,0,1,0,0,NA,0,1,0,1,0
"673",786,"2003_51.1_2",500,2,2,"2003-07-30","2003-07-30","2003-08-27","2003-08-27",1,1,1,30,74,"CN",2003,1,1,"2003-07-30",2003,"1997-2010",1490,1031,0,1,0,1,1,1,1,1,1,1
"674",787,"2003_51.2_1",501,1,1,"2003-07-20","2003-08-06","2003-08-23","2003-08-23",1,1,1,30,75,"CN",2003,1,1,"2003-07-28",2003,"1997-2010",1559,1591,0,0,0,1,1,1,1,1,1,1
"675",788,"2003_52_1",502,1,1,"2003-07-28","2003-08-04",NA,NA,1,0,0,30,76,"CN",2003,0,0,"2003-07-31",2003,"1997-2010",628,1358,0,0,0,0,NA,0,1,0,1,0
"676",789,"2003_52_2",502,2,2,"2003-08-23","2003-08-30",NA,NA,1,0,0,30,76,"CN",2003,0,0,"2003-08-26",2003,"1997-2010",628,1358,0,0,0,0,NA,0,1,0,1,0
"677",791,"2003_53.1_1",505,1,1,"2003-06-29","2003-06-30",NA,NA,1,1,0,30,80,"CN",2003,0,0,"2003-06-29",2003,"1997-2010",3143,1566,0,1,1,0,NA,0,1,0,1,0
"678",792,"2003_53.1_2",505,2,2,"2003-07-18","2003-07-18",NA,NA,1,1,0,30,80,"CN",2003,0,0,"2003-07-18",2003,"1997-2010",3143,1566,0,1,1,0,NA,0,1,0,1,0
"679",794,"2003_53_2",504,2,1,"2003-07-25","2003-08-07","2003-08-28","2003-08-28",1,1,1,30,79,"CN",2003,1,1,"2003-07-31",2003,"1997-2010",1355,1802,1,0,0,0,NA,1,1,1,1,1
"680",795,"2003_54_1",506,1,1,"2003-07-25","2003-08-10","2003-08-28","2003-08-28",2,1,1,30,81,"CN",2003,0.5,1,"2003-08-02",2003,"1997-2010",1508,1754,1,0,2,1,1,1,2,0.5,1,1
"681",795,"2003_54_1",506,1,1,"2003-07-25","2003-08-10","2003-08-28","2003-08-28",2,1,1,30,81,"CN",2003,0.5,1,"2003-08-02",2003,"1997-2010",1508,1754,1,0,2,1,1,1,2,0.5,2,0
"682",796,"2003_55_1",507,1,1,"2003-06-30","2003-07-22","2003-08-08","2003-08-28",1,1,1,30,82,"CN",2003,1,1,"2003-07-11",2003,"1997-2010",1892,1356,1,0,0,1,1,1,1,1,1,1
"683",797,"2003_56_1",508,1,1,"2003-07-10","2003-07-20","2003-08-13","2003-08-23",1,1,1,30,83,"CN",2003,1,1,"2003-07-15",2003,"1997-2010",832,1604,1,0,0,1,1,1,1,1,1,1
"684",798,"2003_57a_1",509,1,1,"2003-07-31","2003-07-31",NA,NA,1,1,0,30,85,"CN",2003,0,0,"2003-07-31",2003,"1997-2010",1491,1823,0,0,0,0,NA,0,1,0,1,0
"685",800,"2003_59_2",510,2,2,"2003-08-28",NA,NA,NA,1,0,0,30,87,"CN",2003,0,0,"2003-08-28",2003,"1997-2010",1437,1722,0,0,1,0,NA,0,1,0,1,0
"686",801,"2003_59a_1",511,1,1,"2003-08-08",NA,NA,NA,1,0,0,30,88,"CN",2003,0,0,"2003-08-08",2003,"1997-2010",1779,1196,0,0,2,0,NA,0,1,0,1,0
"687",802,"2003_6.5_1",452,1,1,"2003-08-08",NA,NA,NA,1,0,0,30,11,"CN",2003,0,0,"2003-08-08",2003,"1997-2010",1614,1724,0,0,0,0,NA,0,1,0,1,0
"688",806,"2003_6_4",451,4,NA,"2003-08-14","2003-08-14",NA,NA,1,0,0,30,9,"CN",2003,0,0,"2003-08-14",2003,"1997-2010",595,1499,0,0,0,0,NA,0,1,0,1,0
"689",807,"2003_62_1",512,1,1,"2003-08-17","2003-08-17",NA,NA,1,0,0,30,92,"CN",2003,0,0,"2003-08-17",2003,"1997-2010",1717,1797,0,0,0,0,NA,0,1,0,1,0
"690",808,"2003_63_1",513,1,1,"2003-07-19","2003-07-27",NA,NA,1,0,0,30,94,"CN",2003,0,0,"2003-07-23",2003,"1997-2010",1195,1609,0,1,1,0,NA,0,1,0,1,0
"691",809,"2003_63_2",513,2,2,"2003-07-27","2003-07-27",NA,NA,2,0,0,30,94,"CN",2003,0,0,"2003-07-27",2003,"1997-2010",1195,1609,0,1,1,0,NA,0,2,0,1,0
"692",809,"2003_63_2",513,2,2,"2003-07-27","2003-07-27",NA,NA,2,0,0,30,94,"CN",2003,0,0,"2003-07-27",2003,"1997-2010",1195,1609,0,1,1,0,NA,0,2,0,2,0
"693",810,"2003_63_3",513,3,3,"2003-08-11","2003-08-21",NA,NA,2,0,0,30,94,"CN",2003,0,0,"2003-08-16",2003,"1997-2010",1195,1609,0,1,1,0,NA,0,2,0,1,0
"694",810,"2003_63_3",513,3,3,"2003-08-11","2003-08-21",NA,NA,2,0,0,30,94,"CN",2003,0,0,"2003-08-16",2003,"1997-2010",1195,1609,0,1,1,0,NA,0,2,0,2,0
"695",811,"2003_64_1",514,1,1,"2003-07-15","2003-07-19",NA,NA,1,0,0,30,95,"CN",2003,0,0,"2003-07-17",2003,"1997-2010",1170,1524,0,1,1,0,NA,0,1,0,1,0
"696",812,"2003_64_2",514,2,2,"2003-07-28","2003-07-31",NA,NA,2,1,0,30,95,"CN",2003,0,0,"2003-07-29",2003,"1997-2010",1170,1524,0,1,1,0,NA,0,2,0,1,0
"697",812,"2003_64_2",514,2,2,"2003-07-28","2003-07-31",NA,NA,2,1,0,30,95,"CN",2003,0,0,"2003-07-29",2003,"1997-2010",1170,1524,0,1,1,0,NA,0,2,0,2,0
"698",814,"2003_65_1",515,1,1,"2003-07-22","2003-07-29",NA,NA,1,1,0,30,96,"CN",2003,0,0,"2003-07-25",2003,"1997-2010",1598,1822,0,0,0,0,NA,0,1,0,1,0
"699",816,"2003_66_2",516,2,1,"2003-07-29","2003-07-29",NA,NA,1,1,0,30,98,"CN",2003,0,0,"2003-07-29",2003,"1997-2010",1438,1718,0,1,0,0,NA,0,1,0,1,0
"700",818,"2003_67_2",517,2,1,"2003-08-11","2003-08-11",NA,NA,1,1,0,30,99,"CN",2003,0,0,"2003-08-11",2003,"1997-2010",1672,1533,0,0,1,0,NA,0,1,0,1,0
"701",820,"2003_69_1",519,1,1,"2003-07-07","2003-07-20","2003-08-15","2003-08-26",1,1,1,30,101,"CN",2003,1,1,"2003-07-13",2003,"1997-2010",1403,849,1,0,2,1,1,1,1,1,1,1
"702",821,"2003_7_1",453,1,NA,"2003-07-22","2003-07-22",NA,NA,1,0,0,30,12,"CN",2003,0,0,"2003-07-22",2003,"1997-2010",930,1485,0,0,1,0,NA,0,1,0,1,0
"703",823,"2003_7_3",453,3,NA,"2003-09-26","2003-09-26",NA,NA,1,0,0,30,12,"CN",2003,0,0,"2003-09-26",2003,"1997-2010",930,1485,0,0,1,0,NA,0,1,0,1,0
"704",825,"2003_73_2",520,2,1,"2003-06-29","2003-07-21","2003-08-07","2003-08-27",1,1,1,30,105,"CN",2003,1,1,"2003-07-10",2003,"1997-2010",1735,1381,0,0,0,1,1,1,1,1,1,1
"705",828,"2003_76_1",522,1,1,"2003-07-08","2003-07-19","2003-08-11","2003-08-25",1,1,1,30,109,"CN",2003,1,1,"2003-07-13",2003,"1997-2010",1580,1040,0,1,0,1,1,1,1,1,1,1
"706",830,"2003_77_2",523,2,2,"2003-07-31","2003-07-31",NA,NA,1,0,0,30,110,"CN",2003,0,0,"2003-07-31",2003,"1997-2010",1017,1018,0,0,1,0,NA,0,1,0,1,0
"707",831,"2003_77_3",523,3,3,"2003-08-06","2003-08-15",NA,NA,1,0,0,30,110,"CN",2003,0,0,"2003-08-10",2003,"1997-2010",1017,1018,0,0,1,0,NA,0,1,0,1,0
"708",832,"2003_77_4",523,4,4,"2003-08-09","2003-08-27",NA,NA,1,0,0,30,110,"CN",2003,0,0,"2003-08-18",2003,"1997-2010",1017,1018,0,0,1,0,NA,0,1,0,1,0
"709",833,"2003_77a_1",524,1,1,"2003-06-25","2003-07-13",NA,NA,1,0,0,30,111,"CN",2003,0,0,"2003-07-04",2003,"1997-2010",1576,1512,0,0,0,0,NA,0,1,0,1,0
"710",834,"2003_77a_2",524,2,2,"2003-07-17","2003-08-04",NA,NA,1,0,0,30,111,"CN",2003,0,0,"2003-07-26",2003,"1997-2010",1576,1512,0,0,0,0,NA,0,1,0,1,0
"711",835,"2003_78_1",525,1,1,"2003-07-08",NA,NA,NA,1,0,0,30,112,"CN",2003,0,0,"2003-07-08",2003,"1997-2010",1510,1396,0,0,4,0,NA,0,1,0,1,0
"712",837,"2003_79_1",526,1,1,"2003-07-15","2003-07-29",NA,NA,1,0,0,30,113,"CN",2003,0,0,"2003-07-22",2003,"1997-2010",1665,1623,0,0,0,0,NA,0,1,0,1,0
"713",839,"2003_8_1",454,1,1,"2003-06-29","2003-07-01",NA,NA,1,0,0,30,13,"CN",2003,0,0,"2003-06-30",2003,"1997-2010",823,1268,0,0,0,0,NA,0,1,0,1,0
"714",840,"2003_8_2",454,2,1,"2003-07-21","2003-07-21",NA,NA,1,0,0,30,13,"CN",2003,0,0,"2003-07-21",2003,"1997-2010",823,1268,0,0,0,0,NA,0,1,0,1,0
"715",842,"2003_81_1",527,1,1,"2003-07-23","2003-07-28","2003-08-28","2003-08-28",1,1,1,30,116,"CN",2003,1,1,"2003-07-25",2003,"1997-2010",1685,1608,0,1,1,0,NA,1,1,1,1,1
"716",843,"2003_82a_1",528,1,1,"2003-07-29","2003-08-01","2003-08-23","2003-08-23",1,1,1,30,118,"CN",2003,1,1,"2003-07-30",2003,"1997-2010",1190,1489,1,0,0,1,1,1,1,1,1,1
"717",844,"2003_84_1",529,1,1,"2003-07-18","2003-07-18",NA,NA,1,0,0,30,123,"CN",2003,0,0,"2003-07-18",2003,"1997-2010",1380,1756,0,0,1,0,NA,0,1,0,1,0
"718",846,"2003_85_1",530,1,1,"2003-07-15","2003-07-18",NA,NA,1,1,0,30,125,"CN",2003,0,0,"2003-07-16",2003,"1997-2010",1401,1788,0,0,1,0,NA,0,1,0,1,0
"719",847,"2003_86_1",531,1,1,"2003-08-04","2003-08-10",NA,NA,1,0,0,30,126,"CN",2003,0,0,"2003-08-07",2003,"1997-2010",919,510,0,0,2,0,NA,0,1,0,1,0
"720",848,"2003_87.1_1",533,1,1,"2003-08-10","2003-08-17",NA,NA,1,0,0,30,128,"CN",2003,0,0,"2003-08-13",2003,"1997-2010",1891,1427,0,0,1,0,NA,0,1,0,1,0
"721",850,"2003_87_1",532,1,1,"2003-07-21","2003-07-25",NA,NA,1,0,0,30,127,"CN",2003,0,0,"2003-07-23",2003,"1997-2010",1024,1616,0,0,2,0,NA,0,1,0,1,0
"722",851,"2003_87_2",532,2,2,"2003-07-28","2003-08-01","2003-08-31",NA,2,2,2,30,127,"CN",2003,1,1,"2003-07-30",2003,"1997-2010",1024,1616,0,0,2,1,1,2,2,1,1,1
"723",851,"2003_87_2",532,2,2,"2003-07-28","2003-08-01","2003-08-31",NA,2,2,2,30,127,"CN",2003,1,1,"2003-07-30",2003,"1997-2010",1024,1616,0,0,2,1,1,2,2,1,2,1
"724",852,"2003_88_1",534,1,1,"2003-08-27","2003-08-27",NA,NA,1,0,0,30,129,"CN",2003,0,0,"2003-08-27",2003,"1997-2010",915,1412,0,0,0,0,NA,0,1,0,1,0
"725",853,"2003_9_1",455,1,NA,"2003-07-22","2003-07-22",NA,NA,1,0,0,30,14,"CN",2003,0,0,"2003-07-22",2003,"1997-2010",458,499,0,0,1,0,NA,0,1,0,1,0
"726",854,"2003_9_2",455,2,NA,NA,"2003-08-28",NA,"2003-10-01",1,1,1,30,14,"CN",2003,1,1,"2003-08-28",2003,"1997-2010",458,499,0,0,1,1,1,1,1,1,1,1
"727",855,"2003_92.1_1",535,1,1,"2003-07-02","2003-07-05","2003-07-28","2003-08-11",1,1,1,30,135,"CN",2003,1,1,"2003-07-03",2003,"1997-2010",1588,1581,1,0,1,1,1,1,1,1,1,1
"728",856,"2003_92_1",3318,1,1,"2003-07-22","2003-07-30",NA,NA,1,0,0,30,134,"CN",2003,0,0,"2003-07-26",2003,"1997-2010",1429,1886,0,0,1,0,NA,0,1,0,1,0
"729",857,"2003_92_2",3318,2,2,"2003-08-10","2003-08-17","2003-09-13",NA,1,1,1,30,134,"CN",2003,1,1,"2003-08-13",2003,"1997-2010",1429,1886,0,0,1,1,1,1,1,1,1,1
"730",859,"2003_94.1_2",537,2,2,"2003-08-09","2003-08-09",NA,NA,1,0,0,30,139,"CN",2003,0,0,"2003-08-09",2003,"1997-2010",1172,1171,0,0,0,0,NA,0,1,0,1,0
"731",860,"2003_94.2_1",538,1,1,"2003-07-31","2003-08-04",NA,NA,2,0,0,30,140,"CN",2003,0,0,"2003-08-02",2003,"1997-2010",1617,1494,0,0,0,0,NA,0,2,0,1,0
"732",860,"2003_94.2_1",538,1,1,"2003-07-31","2003-08-04",NA,NA,2,0,0,30,140,"CN",2003,0,0,"2003-08-02",2003,"1997-2010",1617,1494,0,0,0,0,NA,0,2,0,2,0
"733",861,"2003_94.2_2",538,2,2,"2003-08-09","2003-08-19",NA,NA,1,0,0,30,140,"CN",2003,0,0,"2003-08-14",2003,"1997-2010",1617,1494,0,0,0,0,NA,0,1,0,1,0
"734",862,"2003_94_1",536,1,1,"2003-07-10","2003-07-20","2003-08-23","2003-08-23",3,2,1,30,138,"CN",2003,0.333333333333333,0.5,"2003-07-15",2003,"1997-2010",1597,6073,1,1,0,1,1,1,3,0.333333333333333,1,1
"735",862,"2003_94_1",536,1,1,"2003-07-10","2003-07-20","2003-08-23","2003-08-23",3,2,1,30,138,"CN",2003,0.333333333333333,0.5,"2003-07-15",2003,"1997-2010",1597,6073,1,1,0,1,1,1,3,0.333333333333333,2,0
"736",862,"2003_94_1",536,1,1,"2003-07-10","2003-07-20","2003-08-23","2003-08-23",3,2,1,30,138,"CN",2003,0.333333333333333,0.5,"2003-07-15",2003,"1997-2010",1597,6073,1,1,0,1,1,1,3,0.333333333333333,3,0
"737",891,"CN_1995_32_1",1,1,NA,"1995-07-11","1995-07-29",NA,NA,1,1,1,19,45,"CN",1995,1,1,"1995-07-20",1995,"1997-2010",454,221,1,1,1,0,NA,1,1,1,1,1
"738",892,"CN_1995_48_1",2,1,NA,"1995-07-03","1995-07-07","1995-08-11","1995-08-13",1,1,1,19,69,"CN",1995,1,1,"1995-07-05",1995,"1997-2010",2676,2677,0,0,2,0,NA,1,1,1,1,1
"739",893,"CN_1996_20_1",3316,1,NA,"1996-07-10","1996-07-14",NA,NA,1,0,0,21,26,"CN",1996,0,0,"1996-07-12",1996,"1997-2010",924,220,0,0,0,0,NA,0,1,0,1,0
"740",895,"CN_1996_36_1",12,1,NA,"1996-06-22","1996-07-10",NA,NA,1,0,0,21,52,"CN",1996,0,0,"1996-07-01",1996,"1997-2010",464,25,0,0,2,0,NA,0,1,0,1,0
"741",896,"CN_1996_71_1",13,1,NA,"1996-06-30","1996-06-30",NA,NA,1,1,0,21,103,"CN",1996,0,0,"1996-06-30",1996,"1997-2010",64,178,0,1,1,0,NA,0,1,0,1,0
"742",897,"CN_1996_92_1",14,1,NA,"1996-07-18","1996-07-20",NA,NA,1,0,0,21,134,"CN",1996,0,0,"1996-07-19",1996,"1997-2010",543,540,0,0,1,0,NA,0,1,0,1,0
"743",901,"CN_2002_16_2",790,2,2,"2002-09-17","2002-09-17",NA,NA,1,0,0,41,22,"CN",2002,0,0,"2002-09-17",2002,"1997-2010",1511,1499,1,0,1,0,NA,0,1,0,1,0
"744",902,"CN_2002_8_2",785,2,2,"2002-08-04","2002-08-04",NA,NA,1,0,0,41,13,"CN",2002,0,0,"2002-08-04",2002,"1997-2010",823,1268,0,0,0,0,NA,0,1,0,1,0
"745",903,"CN_2002_92_2",843,2,2,"2002-09-28","2002-09-28",NA,NA,1,0,0,41,134,"CN",2002,0,0,"2002-09-28",2002,"1997-2010",1429,1751,0,0,0,0,NA,0,1,0,1,0
"746",905,"CN_2004_1_1",566,1,1,NA,"2004-07-30","2004-09-01","2004-09-06",2,1,1,34,1,"CN",2004,0.5,1,"2004-07-30",2004,"1997-2010",912,1750,0,1,1,1,1,1,2,0.5,1,1
"747",905,"CN_2004_1_1",566,1,1,NA,"2004-07-30","2004-09-01","2004-09-06",2,1,1,34,1,"CN",2004,0.5,1,"2004-07-30",2004,"1997-2010",912,1750,0,1,1,1,1,1,2,0.5,2,0
"748",906,"CN_2004_10_1",575,1,1,"2004-08-07","2004-08-15","2004-09-08","2004-09-21",1,1,1,34,15,"CN",2004,1,1,"2004-08-11",2004,"1997-2010",1589,929,0,0,0,1,1,1,1,1,1,1
"749",907,"CN_2004_102_1",630,1,1,"2004-09-03","2004-09-03",NA,NA,1,0,0,34,157,"CN",2004,0,0,"2004-09-03",2004,"1997-2010",666,1759,0,0,0,0,NA,0,1,0,1,0
"750",908,"CN_2004_108_1",631,1,1,"2004-07-03","2004-07-03",NA,NA,1,0,0,34,165,"CN",2004,0,0,"2004-07-03",2004,"1997-2010",1043,1682,0,0,0,0,NA,0,1,0,1,0
"751",910,"CN_2004_109_1",632,1,1,"2004-08-05","2004-08-05",NA,NA,1,0,0,34,166,"CN",2004,0,0,"2004-08-05",2004,"1997-2010",1603,1395,0,0,0,0,NA,0,1,0,1,0
"752",911,"CN_2004_11_1",576,1,1,"2004-08-09","2004-08-09","2004-09-06","2004-09-17",1,1,1,34,16,"CN",2004,1,1,"2004-08-09",2004,"1997-2010",1753,1775,0,0,2,1,1,1,1,1,1,1
"753",912,"CN_2004_110_1",633,1,NA,"2004-07-14",NA,"2004-08-17",NA,1,1,1,34,167,"CN",2004,1,1,"2004-07-14",2004,"1997-2010",0,1492,0,0,0,1,1,1,1,1,1,1
"754",913,"CN_2004_111_1",634,1,1,"2004-07-17","2004-07-17",NA,NA,1,0,0,34,168,"CN",2004,0,0,"2004-07-17",2004,"1997-2010",1272,1593,0,0,3,0,NA,0,1,0,1,0
"755",914,"CN_2004_112_1",635,1,1,"2004-07-30","2004-07-30",NA,NA,1,0,0,34,169,"CN",2004,0,0,"2004-07-30",2004,"1997-2010",1155,1570,0,0,2,0,NA,0,1,0,1,0
"756",915,"CN_2004_114_1",636,1,1,"2004-07-09","2004-07-09",NA,NA,1,0,0,34,171,"CN",2004,0,0,"2004-07-09",2004,"1997-2010",524,634,0,0,0,0,NA,0,1,0,1,0
"757",916,"CN_2004_114_2",636,2,2,"2004-08-08",NA,NA,NA,1,0,0,34,171,"CN",2004,0,0,"2004-08-08",2004,"1997-2010",524,634,0,0,0,0,NA,0,1,0,1,0
"758",920,"CN_2004_117_2",638,2,1,"2004-07-15","2004-07-15",NA,NA,1,0,0,34,174,"CN",2004,0,0,"2004-07-15",2004,"1997-2010",1781,1579,0,0,1,0,NA,0,1,0,1,0
"759",922,"CN_2004_15_1",577,1,1,"2004-08-02","2004-08-02",NA,NA,2,1,0,34,20,"CN",2004,0,0,"2004-08-02",2004,"1997-2010",1740,1729,0,1,1,0,NA,0,2,0,1,0
"760",922,"CN_2004_15_1",577,1,1,"2004-08-02","2004-08-02",NA,NA,2,1,0,34,20,"CN",2004,0,0,"2004-08-02",2004,"1997-2010",1740,1729,0,1,1,0,NA,0,2,0,2,0
"761",923,"CN_2004_16_1",578,1,1,"2004-08-07","2004-08-07",NA,NA,1,0,0,34,22,"CN",2004,0,0,"2004-08-07",2004,"1997-2010",1419,1795,0,0,1,0,NA,0,1,0,1,0
"762",924,"CN_2004_17_1",579,1,1,"2004-07-31","2004-07-31","2004-09-01","2004-09-02",1,1,1,34,23,"CN",2004,1,1,"2004-07-31",2004,"1997-2010",1247,1702,1,0,0,1,1,1,1,1,1,1
"763",925,"CN_2004_18_1",580,1,1,"2004-08-08","2004-08-10","2004-09-11","2004-09-17",1,1,1,34,24,"CN",2004,1,1,"2004-08-09",2004,"1997-2010",1510,1723,0,0,0,1,1,1,1,1,1,1
"764",926,"CN_2004_19_1",581,1,1,"2004-08-22","2004-08-22",NA,NA,1,0,0,34,25,"CN",2004,0,0,"2004-08-22",2004,"1997-2010",1506,1720,0,0,3,0,NA,0,1,0,1,0
"765",927,"CN_2004_21_1",582,1,1,"2004-08-11","2004-08-15",NA,NA,1,0,0,34,27,"CN",2004,0,0,"2004-08-13",2004,"1997-2010",1346,1773,1,0,0,0,NA,0,1,0,1,0
"766",928,"CN_2004_21_2",582,2,2,"2004-08-04","2004-08-22",NA,NA,1,0,0,34,27,"CN",2004,0,0,"2004-08-13",2004,"1997-2010",1346,1773,1,0,0,0,NA,0,1,0,1,0
"767",929,"CN_2004_22_1",583,1,1,"2004-08-29","2004-08-29",NA,NA,1,0,0,34,28,"CN",2004,0,0,"2004-08-29",2004,"1997-2010",1501,1606,0,0,2,0,NA,0,1,0,1,0
"768",930,"CN_2004_23_1",584,1,1,"2004-08-25","2004-08-25",NA,NA,1,0,0,34,30,"CN",2004,0,0,"2004-08-25",2004,"1997-2010",1503,507,0,0,0,0,NA,0,1,0,1,0
"769",931,"CN_2004_23_2",584,2,1,"2004-08-08","2004-08-08",NA,NA,1,0,0,34,30,"CN",2004,0,0,"2004-08-08",2004,"1997-2010",1503,507,0,0,0,0,NA,0,1,0,1,0
"770",934,"CN_2004_25_1",586,1,1,"2004-08-06","2004-08-09",NA,NA,1,1,0,34,33,"CN",2004,0,0,"2004-08-07",2004,"1997-2010",503,1214,0,0,0,1,0,0,1,0,1,0
"771",935,"CN_2004_26.5_1",587,1,1,"2004-08-25","2004-08-25",NA,NA,1,0,0,34,36,"CN",2004,0,0,"2004-08-25",2004,"1997-2010",1536,1787,0,0,1,0,NA,0,1,0,1,0
"772",936,"CN_2004_28.1_1",589,1,1,"2004-07-30","2004-07-30",NA,NA,1,0,0,34,39,"CN",2004,0,0,"2004-07-30",2004,"1997-2010",1415,1743,0,0,2,0,NA,0,1,0,1,0
"773",937,"CN_2004_28.1_2",589,2,2,"2004-08-23","2004-08-25",NA,NA,1,1,0,34,39,"CN",2004,0,0,"2004-08-24",2004,"1997-2010",1415,1743,0,0,2,0,NA,0,1,0,1,0
"774",938,"CN_2004_28_1",588,1,1,"2004-08-16","2004-08-16",NA,NA,1,0,0,34,38,"CN",2004,0,0,"2004-08-16",2004,"1997-2010",441,1165,0,0,0,0,NA,0,1,0,1,0
"775",939,"CN_2004_29_1",590,1,1,"2004-08-16","2004-08-16",NA,NA,1,0,0,34,40,"CN",2004,0,0,"2004-08-16",2004,"1997-2010",1764,1711,0,0,2,0,NA,0,1,0,1,0
"776",940,"CN_2004_29_2",640,2,NA,"2004-12-06","2004-12-17",NA,NA,1,0,0,35,40,"CN",2005,0,0,"2004-12-11",2004,"1997-2010",1764,1711,0,0,0,0,NA,0,1,0,1,0
"777",941,"CN_2004_3_1",568,1,1,"2004-08-17","2004-08-17",NA,NA,1,0,0,34,4,"CN",2004,0,0,"2004-08-17",2004,"1997-2010",1532,911,0,0,3,0,NA,0,1,0,1,0
"778",942,"CN_2004_30,1_1",641,1,NA,"2004-12-02","2004-12-20",NA,NA,1,0,0,35,42,"CN",2005,0,0,"2004-12-11",2004,"1997-2010",3487,1543,0,0,1,0,NA,0,1,0,1,0
"779",944,"CN_2004_30.2_1",592,1,1,"2004-08-19","2004-08-22",NA,NA,1,0,0,34,43,"CN",2004,0,0,"2004-08-20",2004,"1997-2010",1854,1029,0,1,3,0,NA,0,1,0,1,0
"780",946,"CN_2004_33_1",593,1,1,"2004-08-23","2004-08-25",NA,NA,1,0,0,34,47,"CN",2004,0,0,"2004-08-24",2004,"1997-2010",1765,1752,0,0,2,0,NA,0,1,0,1,0
"781",947,"CN_2004_35_1",595,1,1,"2004-07-17",NA,NA,NA,1,0,0,34,51,"CN",2004,0,0,"2004-07-17",2004,"1997-2010",1361,1698,0,0,1,0,NA,0,1,0,1,0
"782",948,"CN_2004_35_2",595,2,2,"2004-08-29","2004-08-29",NA,NA,1,0,0,34,51,"CN",2004,0,0,"2004-08-29",2004,"1997-2010",1361,1698,0,0,1,0,NA,0,1,0,1,0
"783",951,"CN_2004_38_1",597,1,1,"2004-07-04",NA,NA,NA,1,0,0,34,54,"CN",2004,0,0,"2004-07-04",2004,"1997-2010",1821,1504,0,0,1,0,NA,0,1,0,1,0
"784",953,"CN_2004_38_3",597,3,2,"2004-08-10","2004-08-10",NA,NA,1,0,0,34,54,"CN",2004,0,0,"2004-08-10",2004,"1997-2010",1821,1504,0,0,1,0,NA,0,1,0,1,0
"785",956,"CN_2004_4_1",569,1,NA,"2004-08-31","2004-08-31",NA,NA,1,0,0,34,7,"CN",2004,0,0,"2004-08-31",2004,"1997-2010",1791,1509,0,0,0,0,NA,0,1,0,1,0
"786",957,"CN_2004_40_1",599,1,1,"2004-07-13","2004-07-13",NA,NA,1,0,0,34,56,"CN",2004,0,0,"2004-07-13",2004,"1997-2010",1563,510,0,0,0,0,NA,0,1,0,1,0
"787",958,"CN_2004_41.1_1",600,1,1,"2004-08-11","2004-08-11",NA,NA,1,0,0,34,58,"CN",2004,0,0,"2004-08-11",2004,"1997-2010",1757,1523,0,0,1,0,NA,0,1,0,1,0
"788",959,"CN_2004_42_1",601,1,0,"2004-07-16","2004-07-16",NA,NA,1,0,0,34,59,"CN",2004,0,0,"2004-07-16",2004,"1997-2010",1541,2994,0,0,1,0,NA,0,1,0,1,0
"789",960,"CN_2004_42_2",601,2,1,"2004-07-30","2004-07-30",NA,NA,1,0,0,34,59,"CN",2004,0,0,"2004-07-30",2004,"1997-2010",1541,2994,0,0,1,0,NA,0,1,0,1,0
"790",961,"CN_2004_42_3",601,3,2,"2004-08-30","2004-08-30",NA,NA,1,0,0,34,59,"CN",2004,0,0,"2004-08-30",2004,"1997-2010",1541,2994,0,0,1,0,NA,0,1,0,1,0
"791",962,"CN_2004_43_1",602,1,1,"2004-07-09","2004-07-09","2004-08-13","2004-08-14",1,1,1,34,60,"CN",2004,1,1,"2004-07-09",2004,"1997-2010",1369,1744,0,1,0,0,NA,1,1,1,1,1
"792",963,"CN_2004_45_1",603,1,1,"2004-06-25","2004-07-02","2004-08-03","2004-08-05",1,1,1,34,62,"CN",2004,1,1,"2004-06-28",2004,"1997-2010",1538,1539,0,0,0,0,NA,1,1,1,1,1
"793",964,"CN_2004_46_1",604,1,1,"2004-07-07","2004-07-09",NA,NA,1,0,0,34,63,"CN",2004,0,0,"2004-07-08",2004,"1997-2010",1042,1577,1,0,1,0,NA,0,1,0,1,0
"794",965,"CN_2004_46_2",604,2,2,"2004-08-04","2004-08-06","2004-09-07","2004-09-07",1,1,1,34,63,"CN",2004,1,1,"2004-08-05",2004,"1997-2010",1042,1577,1,0,1,1,1,1,1,1,1,1
"795",967,"CN_2004_49_1",606,1,1,"2004-07-22","2004-07-22",NA,NA,1,0,0,34,70,"CN",2004,0,0,"2004-07-22",2004,"1997-2010",1782,1768,1,0,1,0,NA,0,1,0,1,0
"796",968,"CN_2004_5_1",570,1,1,"2004-07-28","2004-07-31",NA,NA,1,1,0,34,8,"CN",2004,0,0,"2004-07-29",2004,"1997-2010",1605,497,0,1,2,1,0,0,1,0,1,0
"797",969,"CN_2004_50_2",607,2,2,"2004-07-15","2004-07-15",NA,NA,1,0,0,34,71,"CN",2004,0,0,"2004-07-15",2004,"1997-2010",1244,1742,0,0,0,0,NA,0,1,0,1,0
"798",970,"CN_2004_50_3",607,3,NA,"2004-07-27","2004-07-28",NA,NA,1,0,0,34,71,"CN",2004,0,0,"2004-07-27",2004,"1997-2010",1244,1742,0,0,0,0,NA,0,1,0,1,0
"799",971,"CN_2004_50_4",607,4,3,"2004-08-25","2004-08-25",NA,NA,1,0,0,34,71,"CN",2004,0,0,"2004-08-25",2004,"1997-2010",1244,1742,0,0,0,0,NA,0,1,0,1,0
"800",972,"CN_2004_51.2_1",608,1,1,"2004-07-28","2004-07-28",NA,NA,1,0,0,34,75,"CN",2004,0,0,"2004-07-28",2004,"1997-2010",1559,1591,0,0,1,0,NA,0,1,0,1,0
"801",976,"CN_2004_59_1",612,1,1,"2004-07-28","2004-07-28","2004-08-20","2004-08-20",1,1,1,34,87,"CN",2004,1,1,"2004-07-28",2004,"1997-2010",1437,1722,0,0,0,1,1,1,1,1,1,1
"802",977,"CN_2004_6.5_1",572,1,1,"2004-08-17","2004-08-17",NA,NA,1,0,0,34,11,"CN",2004,0,0,"2004-08-17",2004,"1997-2010",1614,1767,0,0,0,0,NA,0,1,0,1,0
"803",978,"CN_2004_6_1",571,1,1,"2004-08-03","2004-08-07",NA,NA,1,1,0,34,9,"CN",2004,0,0,"2004-08-05",2004,"1997-2010",595,1499,0,0,0,1,0,0,1,0,1,0
"804",982,"CN_2004_63_2",614,2,2,"2004-07-26","2004-07-26",NA,NA,1,0,0,34,94,"CN",2004,0,0,"2004-07-26",2004,"1997-2010",1195,1871,0,0,0,0,NA,0,1,0,1,0
"805",983,"CN_2004_64_1",615,1,1,"2004-07-25","2004-07-25",NA,NA,1,1,0,34,95,"CN",2004,0,0,"2004-07-25",2004,"1997-2010",1170,1524,0,1,0,1,1,1,1,1,1,1
"806",985,"CN_2004_76_1",617,1,1,"2004-07-13","2004-07-14","2004-08-12","2004-08-17",1,1,1,34,109,"CN",2004,1,1,"2004-07-13",2004,"1997-2010",1580,1040,0,0,0,0,NA,1,1,1,1,1
"807",986,"CN_2004_77.1_1",618,1,1,"2004-07-27","2004-07-27",NA,NA,1,0,0,34,111,"CN",2004,0,0,"2004-07-27",2004,"1997-2010",1576,1512,0,0,0,0,NA,0,1,0,1,0
"808",987,"CN_2004_78_1",619,1,1,"2004-07-12","2004-07-12",NA,NA,1,0,0,34,112,"CN",2004,0,0,"2004-07-12",2004,"1997-2010",1790,1731,0,0,1,0,NA,0,1,0,1,0
"809",988,"CN_2004_78_2",619,2,2,"2004-08-26","2004-08-26",NA,NA,1,0,0,34,112,"CN",2004,0,0,"2004-08-26",2004,"1997-2010",1790,1731,0,0,1,0,NA,0,1,0,1,0
"810",990,"CN_2004_79_2",620,2,NA,"2004-08-29","2004-08-29",NA,NA,1,0,0,34,113,"CN",2004,0,0,"2004-08-29",2004,"1997-2010",1665,1623,1,0,1,0,NA,0,1,0,1,0
"811",991,"CN_2004_8_1",573,1,1,"2004-08-17","2004-08-18",NA,NA,2,0,0,34,13,"CN",2004,0,0,"2004-08-17",2004,"1997-2010",1778,1607,0,0,1,0,NA,0,2,0,1,0
"812",991,"CN_2004_8_1",573,1,1,"2004-08-17","2004-08-18",NA,NA,2,0,0,34,13,"CN",2004,0,0,"2004-08-17",2004,"1997-2010",1778,1607,0,0,1,0,NA,0,2,0,2,0
"813",993,"CN_2004_85_1",622,1,1,"2004-07-20",NA,NA,NA,1,0,0,34,125,"CN",2004,0,0,"2004-07-20",2004,"1997-2010",1401,1788,0,0,2,0,NA,0,1,0,1,0
"814",994,"CN_2004_85_2",622,2,2,"2004-07-26","2004-07-30","2004-08-29","2004-09-05",1,1,1,34,125,"CN",2004,1,1,"2004-07-28",2004,"1997-2010",1401,1788,0,0,2,1,1,1,1,1,1,1
"815",996,"CN_2004_87.1_1",625,1,1,"2004-08-10","2004-08-17","2004-09-12",NA,1,1,1,34,128,"CN",2004,1,1,"2004-08-13",2004,"1997-2010",1891,1785,0,0,0,1,1,1,1,1,1,1
"816",997,"CN_2004_87_1",624,1,NA,"2004-08-07",NA,NA,NA,1,0,0,34,127,"CN",2004,0,0,"2004-08-07",2004,"1997-2010",1024,1616,0,0,3,0,NA,0,1,0,1,0
"817",998,"CN_2004_87_2",624,2,2,"2004-08-27","2004-08-27",NA,NA,1,0,0,34,127,"CN",2004,0,0,"2004-08-27",2004,"1997-2010",1024,1616,0,0,3,0,NA,0,1,0,1,0
"818",1001,"CN_2004_88_2",626,2,1,"2004-08-29","2004-08-29",NA,NA,1,0,0,34,129,"CN",2004,0,0,"2004-08-29",2004,"1997-2010",1678,1412,0,0,0,0,NA,0,1,0,1,0
"819",1004,"CN_2004_9_2",574,2,1,"2004-08-29","2004-08-29",NA,NA,1,0,0,34,14,"CN",2004,0,0,"2004-08-29",2004,"1997-2010",458,499,0,0,0,0,NA,0,1,0,1,0
"820",1006,"CN_2004_92_1",627,1,1,"2004-08-31","2004-08-31",NA,NA,1,0,0,34,134,"CN",2004,0,0,"2004-08-31",2004,"1997-2010",1429,1886,1,0,0,0,NA,0,1,0,1,0
"821",1007,"CN_2004_93_1",629,1,1,"2004-07-10","2004-07-10",NA,NA,1,1,0,34,137,"CN",2004,0,0,"2004-07-10",2004,"1997-2010",845,1276,0,0,0,0,NA,0,1,0,1,0
"822",1008,"CN_2005_1.1_1",647,1,NA,"2005-08-08","2005-08-08",NA,NA,1,1,0,37,2,"CN",2005,0,0,"2005-08-08",2005,"1997-2010",2984,2960,0,0,1,1,1,1,1,1,1,1
"823",1009,"CN_2005_1_1",646,1,1,"2005-06-03","2005-06-03","2005-06-28","2005-07-02",2,1,1,37,1,"CN",2005,0.5,1,"2005-06-03",2005,"1997-2010",912,1750,2,1,0,1,1,1,2,0.5,1,1
"824",1009,"CN_2005_1_1",646,1,1,"2005-06-03","2005-06-03","2005-06-28","2005-07-02",2,1,1,37,1,"CN",2005,0.5,1,"2005-06-03",2005,"1997-2010",912,1750,2,1,0,1,1,1,2,0.5,2,0
"825",1010,"CN_2005_1_2",646,2,NA,"2005-08-22","2005-08-22","2005-09-10","2005-09-20",2,1,1,37,1,"CN",2005,0.5,1,"2005-08-22",2005,"1997-2010",912,1750,2,1,0,1,1,1,2,0.5,1,1
"826",1010,"CN_2005_1_2",646,2,NA,"2005-08-22","2005-08-22","2005-09-10","2005-09-20",2,1,1,37,1,"CN",2005,0.5,1,"2005-08-22",2005,"1997-2010",912,1750,2,1,0,1,1,1,2,0.5,2,0
"827",1011,"CN_2005_10_1",658,1,NA,"2005-07-24","2005-07-31","2005-08-27","2005-09-06",1,1,1,37,15,"CN",2005,1,1,"2005-07-27",2005,"1997-2010",1589,929,0,0,0,0,NA,1,1,1,1,1
"828",1012,"CN_2005_101.1_1",744,1,NA,"2005-08-08","2005-08-13",NA,NA,1,1,0,37,155,"CN",2005,0,0,"2005-08-10",2005,"1997-2010",1725,1610,0,0,1,1,1,1,1,1,1,1
"829",1013,"CN_2005_101_1",743,1,NA,"2005-07-25","2005-08-06",NA,NA,1,0,0,37,154,"CN",2005,0,0,"2005-07-31",2005,"1997-2010",1789,1869,1,0,1,0,NA,0,1,0,1,0
"830",1014,"CN_2005_102_1",3341,1,NA,"2005-07-18","2005-08-02",NA,NA,1,0,0,37,157,"CN",2005,0,0,"2005-07-25",2005,"1997-2010",2977,1759,0,0,0,0,NA,0,1,0,1,0
"831",1015,"CN_2005_103,1_1",745,1,NA,"2005-07-29","2005-08-02",NA,NA,1,1,0,37,159,"CN",2005,0,0,"2005-07-31",2005,"1997-2010",2993,1759,0,0,1,0,NA,0,1,0,1,0
"832",1016,"CN_2005_104_1",746,1,NA,"2005-07-31","2005-08-08",NA,NA,1,0,0,37,160,"CN",2005,0,0,"2005-08-04",2005,"1997-2010",563,1890,0,0,0,0,NA,0,1,0,1,0
"833",1018,"CN_2005_11_2",659,2,NA,"2005-07-25","2005-07-25","2005-08-23","2005-09-02",1,1,1,37,16,"CN",2005,1,1,"2005-07-25",2005,"1997-2010",1753,1775,0,1,2,0,NA,1,1,1,1,1
"834",1019,"CN_2005_110_1",747,1,NA,"2005-07-18","2005-08-09","2005-08-26","2005-09-15",1,1,1,37,167,"CN",2005,1,1,"2005-07-29",2005,"1997-2010",3022,NA,0,0,0,1,1,1,1,1,1,1
"835",1024,"CN_2005_112_2",749,2,NA,"2005-08-25","2005-08-25",NA,NA,1,0,0,37,169,"CN",2005,0,0,"2005-08-25",2005,"1997-2010",1155,1808,0,0,0,0,NA,0,1,0,1,0
"836",1026,"CN_2005_114_2",750,2,NA,"2005-08-10","2005-08-13",NA,NA,1,0,0,37,171,"CN",2005,0,0,"2005-08-11",2005,"1997-2010",1872,1777,0,0,1,0,NA,0,1,0,1,0
"837",1028,"CN_2005_117_1",752,1,NA,"2005-07-23","2005-07-23",NA,NA,1,1,0,37,174,"CN",2005,0,0,"2005-07-23",2005,"1997-2010",1781,1579,1,0,0,0,NA,0,1,0,1,0
"838",1030,"CN_2005_120_1",753,1,NA,"2005-08-08","2005-08-26",NA,NA,1,0,0,37,177,"CN",2005,0,0,"2005-08-17",2005,"1997-2010",2982,1780,0,0,0,0,NA,0,1,0,1,0
"839",1031,"CN_2005_121_1",754,1,NA,"2005-08-06","2005-08-13",NA,NA,1,0,0,37,178,"CN",2005,0,0,"2005-08-09",2005,"1997-2010",1798,2974,0,0,0,0,NA,0,1,0,1,0
"840",1033,"CN_2005_122_1",755,1,NA,"2005-07-30","2005-08-08","2005-09-05","2005-09-11",1,1,1,37,179,"CN",2005,1,1,"2005-08-03",2005,"1997-2010",3003,2991,0,0,0,1,1,1,1,1,1,1
"841",1034,"CN_2005_15_1",660,1,NA,"2005-07-23","2005-07-25",NA,NA,1,0,0,37,20,"CN",2005,0,0,"2005-07-24",2005,"1997-2010",1772,1729,0,0,1,0,NA,0,1,0,1,0
"842",1035,"CN_2005_15_2",660,2,NA,"2005-08-10","2005-08-14","2005-09-15","2005-09-21",1,1,1,37,20,"CN",2005,1,1,"2005-08-12",2005,"1997-2010",1772,1729,0,0,1,1,1,1,1,1,1,1
"843",1036,"CN_2005_16_1",661,1,NA,"2005-07-19","2005-07-22","2005-08-23","2005-08-29",1,1,1,37,22,"CN",2005,1,1,"2005-07-20",2005,"1997-2010",1419,1795,0,1,0,1,1,1,1,1,1,1
"844",1037,"CN_2005_17_1",662,1,NA,"2005-07-10","2005-07-28",NA,NA,1,0,0,37,23,"CN",2005,0,0,"2005-07-19",2005,"1997-2010",1559,1702,0,0,0,0,NA,0,1,0,1,0
"845",1038,"CN_2005_17_2",662,2,NA,"2005-08-13","2005-08-13","2005-09-05","2005-09-20",1,1,1,37,23,"CN",2005,1,1,"2005-08-13",2005,"1997-2010",1559,1702,0,0,0,1,1,1,1,1,1,1
"846",1039,"CN_2005_18_1",663,1,NA,"2005-07-19","2005-07-24",NA,NA,1,0,0,37,24,"CN",2005,0,0,"2005-07-21",2005,"1997-2010",1510,2966,0,0,1,0,NA,0,1,0,1,0
"847",1040,"CN_2005_18_2",663,2,NA,"2005-08-08","2005-08-16",NA,NA,1,1,0,37,24,"CN",2005,0,0,"2005-08-12",2005,"1997-2010",1510,2966,0,0,1,0,NA,0,1,0,1,0
"848",1041,"CN_2005_19_1",664,1,NA,"2005-07-15","2005-07-19",NA,NA,1,1,1,37,25,"CN",2005,1,1,"2005-07-17",2005,"1997-2010",1506,1720,2,0,0,1,1,1,1,1,1,1
"849",1042,"CN_2005_2_1",648,1,1,"2005-07-22","2005-07-22","2005-08-20","2005-08-31",1,1,1,37,3,"CN",2005,1,1,"2005-07-22",2005,"1997-2010",1763,1287,0,1,2,0,NA,1,1,1,1,1
"850",1043,"CN_2005_20_1",665,1,NA,"2005-07-12","2005-07-19",NA,NA,1,1,0,37,26,"CN",2005,0,0,"2005-07-15",2005,"1997-2010",1828,1848,0,0,0,0,NA,0,1,0,1,0
"851",1044,"CN_2005_21_1",666,1,NA,"2005-07-18","2005-07-19","2005-08-19","2005-08-27",1,1,1,37,27,"CN",2005,1,1,"2005-07-18",2005,"1997-2010",1346,1773,0,0,0,0,NA,1,1,1,1,1
"852",1046,"CN_2005_22_2",667,2,NA,"2005-08-18","2005-08-18","2005-09-04","2005-09-09",1,1,1,37,28,"CN",2005,1,1,"2005-08-18",2005,"1997-2010",1501,1606,0,3,0,0,NA,1,1,1,1,1
"853",1047,"CN_2005_23_1",668,1,NA,"2005-07-24","2005-07-24","2005-08-05","2005-08-25",1,1,1,37,30,"CN",2005,1,1,"2005-07-24",2005,"1997-2010",1503,507,1,0,0,1,1,1,1,1,1,1
"854",1048,"CN_2005_24_1",669,1,NA,"2005-07-25","2005-07-27","2005-08-23","2005-09-04",2,2,2,37,32,"CN",2005,1,1,"2005-07-26",2005,"1997-2010",2975,1611,1,0,0,2,2,2,2,1,1,1
"855",1048,"CN_2005_24_1",669,1,NA,"2005-07-25","2005-07-27","2005-08-23","2005-09-04",2,2,2,37,32,"CN",2005,1,1,"2005-07-26",2005,"1997-2010",2975,1611,1,0,0,2,2,2,2,1,2,1
"856",1049,"CN_2005_25_1",670,1,NA,"2005-07-19","2005-07-30",NA,NA,1,0,0,37,33,"CN",2005,0,0,"2005-07-24",2005,"1997-2010",503,1214,0,0,0,0,NA,0,1,0,1,0
"857",1050,"CN_2005_25_2",670,2,NA,"2005-08-19","2005-08-20",NA,NA,1,0,0,37,33,"CN",2005,0,0,"2005-08-19",2005,"1997-2010",503,1214,0,0,0,0,NA,0,1,0,1,0
"858",1051,"CN_2005_26,5_2",672,2,NA,"2005-07-30","2005-07-30",NA,NA,1,1,0,37,36,"CN",2005,0,0,"2005-07-30",2005,"1997-2010",1536,1787,1,0,0,1,1,1,1,1,1,1
"859",1053,"CN_2005_26_1",671,1,NA,"2005-07-23","2005-07-29","2005-08-27","2005-09-07",1,1,1,37,34,"CN",2005,1,1,"2005-07-26",2005,"1997-2010",1864,1542,0,0,0,1,1,1,1,1,1,1
"860",1055,"CN_2005_28.1_1",674,1,NA,"2005-07-19","2005-07-22","2005-08-24","2005-08-27",1,1,1,37,39,"CN",2005,1,1,"2005-07-20",2005,"1997-2010",1415,1743,1,1,1,1,1,1,1,1,1,1
"861",1060,"CN_2005_3,1_2",650,2,NA,"2005-08-10","2005-08-10","2005-08-23","2005-09-12",1,1,1,37,5,"CN",2005,1,1,"2005-08-10",2005,"1997-2010",1740,1187,0,0,0,1,1,1,1,1,1,1
"862",1061,"CN_2005_3.1_1",650,1,1,"2005-07-20","2005-07-22",NA,NA,1,0,0,37,5,"CN",2005,0,0,"2005-07-21",2005,"1997-2010",1740,1187,0,0,0,0,NA,0,1,0,1,0
"863",1062,"CN_2005_3_1",649,1,NA,"2005-07-25","2005-07-30","2005-09-02","2005-09-07",1,1,1,37,4,"CN",2005,1,1,"2005-07-27",2005,"1997-2010",1532,911,1,1,1,1,1,1,1,1,1,1
"864",1063,"CN_2005_30.1_1",676,1,1,"2005-05-23","2005-05-31",NA,NA,1,1,1,37,42,"CN",2005,1,1,"2005-05-27",2005,"1997-2010",3487,1543,0,0,2,0,NA,1,1,1,1,1
"865",1065,"CN_2005_30.2_2",677,2,NA,"2005-07-29","2005-07-29","2005-08-21","2005-09-07",2,1,1,37,43,"CN",2005,0.5,1,"2005-07-29",2005,"1997-2010",1854,1029,1,1,0,1,1,1,2,0.5,1,1
"866",1065,"CN_2005_30.2_2",677,2,NA,"2005-07-29","2005-07-29","2005-08-21","2005-09-07",2,1,1,37,43,"CN",2005,0.5,1,"2005-07-29",2005,"1997-2010",1854,1029,1,1,0,1,1,1,2,0.5,2,0
"867",1066,"CN_2005_32,5_1",679,1,NA,"2005-08-06","2005-08-06",NA,NA,1,0,0,37,46,"CN",2005,0,0,"2005-08-06",2005,"1997-2010",1384,1868,0,0,0,0,NA,0,1,0,1,0
"868",1067,"CN_2005_32,5_2",679,2,NA,"2005-08-25","2005-09-04",NA,NA,1,0,0,37,46,"CN",2005,0,0,"2005-08-30",2005,"1997-2010",1384,1868,0,0,0,0,NA,0,1,0,1,0
"869",1068,"CN_2005_32_1",678,1,NA,"2005-08-07","2005-08-16",NA,NA,1,0,0,37,45,"CN",2005,0,0,"2005-08-11",2005,"1997-2010",2981,221,0,0,0,0,NA,0,1,0,1,0
"870",1069,"CN_2005_32_2",678,2,NA,"2005-08-20","2005-09-07",NA,NA,1,0,0,37,45,"CN",2005,0,0,"2005-08-29",2005,"1997-2010",2981,221,0,0,0,0,NA,0,1,0,1,0
"871",1070,"CN_2005_33,1_2",681,2,NA,"2005-08-13","2005-08-16","2005-09-11","2005-09-20",2,1,1,37,48,"CN",2005,0.5,1,"2005-08-14",2005,"1997-2010",1193,1590,0,0,0,1,1,1,2,0.5,1,1
"872",1070,"CN_2005_33,1_2",681,2,NA,"2005-08-13","2005-08-16","2005-09-11","2005-09-20",2,1,1,37,48,"CN",2005,0.5,1,"2005-08-14",2005,"1997-2010",1193,1590,0,0,0,1,1,1,2,0.5,2,0
"873",1071,"CN_2005_33.1_1",681,1,NA,"2005-07-08","2005-07-08",NA,NA,1,0,0,37,48,"CN",2005,0,0,"2005-07-08",2005,"1997-2010",1193,1590,0,0,0,0,NA,0,1,0,1,0
"874",1072,"CN_2005_33_1",680,1,NA,NA,"2005-05-06",NA,"2005-06-09",1,1,1,37,47,"CN",2005,1,1,"2005-05-06",2005,"1997-2010",1765,1752,1,1,0,0,NA,1,1,1,1,1
"875",1073,"CN_2005_33_2",680,2,NA,"2005-08-07","2005-08-07",NA,NA,1,0,0,37,47,"CN",2005,0,0,"2005-08-07",2005,"1997-2010",1765,1752,1,1,0,0,NA,0,1,0,1,0
"876",1074,"CN_2005_34,5_1",682,1,NA,"2005-08-01","2005-08-01","2005-08-17","2005-09-06",1,1,1,37,50,"CN",2005,1,1,"2005-08-01",2005,"1997-2010",1200,1553,0,0,0,1,1,1,1,1,1,1
"877",1075,"CN_2005_35_1",683,1,NA,"2005-07-27","2005-07-27",NA,NA,1,0,0,37,51,"CN",2005,0,0,"2005-07-27",2005,"1997-2010",1361,1698,1,0,0,0,NA,0,1,0,1,0
"878",1076,"CN_2005_38_1",684,1,1,"2005-06-07","2005-06-07","2005-07-10","2005-07-10",1,1,1,37,54,"CN",2005,1,1,"2005-06-07",2005,"1997-2010",1821,1504,1,0,0,0,NA,1,1,1,1,1
"879",1077,"CN_2005_38_2",684,2,NA,"2005-06-21","2005-07-09",NA,NA,1,0,0,37,54,"CN",2005,0,0,"2005-06-30",2005,"1997-2010",1821,1504,1,0,0,0,NA,0,1,0,1,0
"880",1078,"CN_2005_39_1",685,1,NA,"2005-07-16","2005-07-29",NA,NA,1,0,0,37,55,"CN",2005,0,0,"2005-07-22",2005,"1997-2010",459,1769,0,1,1,0,NA,0,1,0,1,0
"881",1079,"CN_2005_39_2",685,2,NA,"2005-08-31","2005-08-31",NA,NA,1,0,0,37,55,"CN",2005,0,0,"2005-08-31",2005,"1997-2010",459,1769,0,1,1,0,NA,0,1,0,1,0
"882",1080,"CN_2005_39_3",685,3,NA,"2005-08-19","2005-09-06",NA,NA,1,0,0,37,55,"CN",2005,0,0,"2005-08-28",2005,"1997-2010",459,1769,0,1,1,0,NA,0,1,0,1,0
"883",1081,"CN_2005_4_1",651,1,NA,"2005-07-30","2005-08-01",NA,NA,1,1,0,37,7,"CN",2005,0,0,"2005-07-31",2005,"1997-2010",1791,1509,0,0,1,0,NA,0,1,0,1,0
"884",1082,"CN_2005_40_1",686,1,NA,"2005-08-02","2005-08-12",NA,NA,1,0,0,37,56,"CN",2005,0,0,"2005-08-07",2005,"1997-2010",1563,510,0,0,0,0,NA,0,1,0,1,0
"885",1083,"CN_2005_40_2",686,2,NA,"2005-08-19","2005-08-24",NA,NA,1,0,0,37,56,"CN",2005,0,0,"2005-08-21",2005,"1997-2010",1563,510,0,0,0,0,NA,0,1,0,1,0
"886",1085,"CN_2005_41,1_2",688,2,NA,"2005-08-19","2005-08-30",NA,NA,2,0,0,37,58,"CN",2005,0,0,"2005-08-24",2005,"1997-2010",1757,1523,0,0,1,0,NA,0,2,0,1,0
"887",1085,"CN_2005_41,1_2",688,2,NA,"2005-08-19","2005-08-30",NA,NA,2,0,0,37,58,"CN",2005,0,0,"2005-08-24",2005,"1997-2010",1757,1523,0,0,1,0,NA,0,2,0,2,0
"888",1086,"CN_2005_41_1",687,1,NA,"2005-08-20","2005-08-24",NA,NA,1,0,0,37,57,"CN",2005,0,0,"2005-08-22",2005,"1997-2010",2959,1831,0,0,0,0,NA,0,1,0,1,0
"889",1091,"CN_2005_46.5_1",692,1,NA,"2005-08-13","2005-08-19","2005-09-18","2005-09-26",1,1,0,37,66,"CN",2005,0,0,"2005-08-16",2005,"1997-2010",1558,1699,0,1,0,0,NA,0,1,0,1,0
"890",1092,"CN_2005_46_1",691,1,NA,"2005-07-09","2005-07-09","2005-08-01","2005-08-10",1,1,1,37,63,"CN",2005,1,1,"2005-07-09",2005,"1997-2010",1042,1577,1,0,2,1,1,1,1,1,1,1
"891",1096,"CN_2005_47_2",693,2,NA,"2005-07-28","2005-08-04",NA,NA,1,0,0,37,67,"CN",2005,0,0,"2005-07-31",2005,"1997-2010",1305,1595,0,0,0,0,NA,0,1,0,1,0
"892",1097,"CN_2005_47_3",693,3,NA,"2005-08-24","2005-08-30",NA,NA,1,0,0,37,67,"CN",2005,0,0,"2005-08-27",2005,"1997-2010",1305,1595,0,0,0,0,NA,0,1,0,1,0
"893",1099,"CN_2005_48_2",695,2,NA,"2005-06-20","2005-07-08",NA,NA,1,0,0,37,69,"CN",2005,0,0,"2005-06-29",2005,"1997-2010",869,453,0,0,0,0,NA,0,1,0,1,0
"894",1101,"CN_2005_48_4",695,4,NA,"2005-07-27","2005-07-27",NA,NA,1,0,0,37,69,"CN",2005,0,0,"2005-07-27",2005,"1997-2010",869,453,0,0,0,0,NA,0,1,0,1,0
"895",1102,"CN_2005_48_5",695,5,NA,"2005-08-22","2005-08-22",NA,NA,1,0,0,37,69,"CN",2005,0,0,"2005-08-22",2005,"1997-2010",869,453,0,0,0,0,NA,0,1,0,1,0
"896",1104,"CN_2005_49_2",696,2,NA,"2005-07-26","2005-07-27","2005-09-02","2005-09-03",2,2,2,37,70,"CN",2005,1,1,"2005-07-26",2005,"1997-2010",1782,1881,0,0,0,2,2,2,2,1,1,1
"897",1104,"CN_2005_49_2",696,2,NA,"2005-07-26","2005-07-27","2005-09-02","2005-09-03",2,2,2,37,70,"CN",2005,1,1,"2005-07-26",2005,"1997-2010",1782,1881,0,0,0,2,2,2,2,1,2,1
"898",1105,"CN_2005_5_1",652,1,1,NA,"2005-06-05",NA,"2005-07-09",1,1,1,37,8,"CN",2005,1,1,"2005-06-05",2005,"1997-2010",1605,497,2,0,1,0,NA,1,1,1,1,1
"899",1106,"CN_2005_5_2",652,2,NA,"2005-08-01","2005-08-01",NA,NA,1,1,0,37,8,"CN",2005,0,0,"2005-08-01",2005,"1997-2010",1605,497,2,0,1,0,NA,0,1,0,1,0
"900",1108,"CN_2005_50.1_2",698,2,NA,"2005-07-26","2005-07-27",NA,NA,1,0,0,37,72,"CN",2005,0,0,"2005-07-26",2005,"1997-2010",1805,1774,0,0,0,0,NA,0,1,0,1,0
"901",1109,"CN_2005_50_1",697,1,NA,"2005-07-12","2005-07-27",NA,NA,2,0,0,37,71,"CN",2005,0,0,"2005-07-19",2005,"1997-2010",1244,1742,0,0,1,0,NA,0,2,0,1,0
"902",1109,"CN_2005_50_1",697,1,NA,"2005-07-12","2005-07-27",NA,NA,2,0,0,37,71,"CN",2005,0,0,"2005-07-19",2005,"1997-2010",1244,1742,0,0,1,0,NA,0,2,0,2,0
"903",1110,"CN_2005_50_2",697,2,1,"2005-08-17","2005-08-22",NA,NA,1,1,0,37,71,"CN",2005,0,0,"2005-08-19",2005,"1997-2010",1244,1742,0,0,1,1,1,1,1,1,1,1
"904",1113,"CN_2005_51.1_1",699,1,NA,"2005-08-13","2005-08-13",NA,NA,1,0,0,37,74,"CN",2005,0,0,"2005-08-13",2005,"1997-2010",1664,1031,0,0,0,0,NA,0,1,0,1,0
"905",1115,"CN_2005_52.1_2",702,2,NA,"2005-07-22","2005-07-22",NA,NA,1,0,0,37,77,"CN",2005,0,0,"2005-07-22",2005,"1997-2010",1776,1710,0,0,1,0,NA,0,1,0,1,0
"906",1116,"CN_2005_52.1_3",702,3,NA,"2005-07-24","2005-08-06",NA,NA,1,0,0,37,77,"CN",2005,0,0,"2005-07-30",2005,"1997-2010",1776,1710,0,0,1,0,NA,0,1,0,1,0
"907",1117,"CN_2005_52_1",701,1,1,"2005-07-22","2005-08-06",NA,NA,1,0,0,37,76,"CN",2005,0,0,"2005-07-29",2005,"1997-2010",1852,1358,0,0,1,0,NA,0,1,0,1,0
"908",1118,"CN_2005_53,1_2",704,2,NA,"2005-07-14","2005-08-01",NA,NA,1,0,0,37,80,"CN",2005,0,0,"2005-07-23",2005,"1997-2010",2983,1566,0,0,0,0,NA,0,1,0,1,0
"909",1120,"CN_2005_53_1",703,1,NA,"2005-07-27","2005-07-27",NA,NA,1,0,0,37,79,"CN",2005,0,0,"2005-07-27",2005,"1997-2010",1803,1802,0,0,1,0,NA,0,1,0,1,0
"910",1121,"CN_2005_54_1",705,1,NA,"2005-07-27","2005-07-27",NA,NA,1,0,0,37,81,"CN",2005,0,0,"2005-07-27",2005,"1997-2010",1895,1754,1,0,1,0,NA,0,1,0,1,0
"911",1122,"CN_2005_55_1",706,1,NA,"2005-07-26","2005-08-13",NA,NA,1,0,0,37,82,"CN",2005,0,0,"2005-08-04",2005,"1997-2010",2986,1356,0,0,1,0,NA,0,1,0,1,0
"912",1123,"CN_2005_56_1",707,1,NA,"2005-07-22","2005-07-22",NA,NA,1,0,0,37,83,"CN",2005,0,0,"2005-07-22",2005,"1997-2010",832,1604,0,0,0,0,NA,0,1,0,1,0
"913",1124,"CN_2005_56_2",707,2,NA,"2005-08-12","2005-08-13",NA,NA,1,1,0,37,83,"CN",2005,0,0,"2005-08-12",2005,"1997-2010",832,1604,0,0,0,0,NA,0,1,0,1,0
"914",1125,"CN_2005_57,1_1",708,1,NA,"2005-07-06","2005-07-28","2005-08-14","2005-09-03",1,1,1,37,85,"CN",2005,1,1,"2005-07-17",2005,"1997-2010",1491,1823,0,0,1,1,1,1,1,1,1,1
"915",1126,"CN_2005_58_1",709,1,1,"2005-07-29","2005-08-01","2005-08-27","2005-09-08",3,2,2,37,86,"CN",2005,0.666666666666667,1,"2005-07-30",2005,"1997-2010",2978,1709,0,1,0,2,2,2,3,0.666666666666667,1,1
"916",1126,"CN_2005_58_1",709,1,1,"2005-07-29","2005-08-01","2005-08-27","2005-09-08",3,2,2,37,86,"CN",2005,0.666666666666667,1,"2005-07-30",2005,"1997-2010",2978,1709,0,1,0,2,2,2,3,0.666666666666667,2,1
"917",1126,"CN_2005_58_1",709,1,1,"2005-07-29","2005-08-01","2005-08-27","2005-09-08",3,2,2,37,86,"CN",2005,0.666666666666667,1,"2005-07-30",2005,"1997-2010",2978,1709,0,1,0,2,2,2,3,0.666666666666667,3,0
"918",1127,"CN_2005_59.1_1",711,1,NA,"2005-07-26","2005-07-29","2005-08-25","2005-09-07",1,1,1,37,88,"CN",2005,1,1,"2005-07-27",2005,"1997-2010",1779,1196,0,0,0,1,1,1,1,1,1,1
"919",1128,"CN_2005_59_1",710,1,NA,"2005-08-01","2005-08-06",NA,NA,1,0,0,37,87,"CN",2005,0,0,"2005-08-03",2005,"1997-2010",1437,1722,1,0,0,0,NA,0,1,0,1,0
"920",1129,"CN_2005_59_2",710,2,NA,"2005-08-22","2005-08-22",NA,NA,1,1,0,37,87,"CN",2005,0,0,"2005-08-22",2005,"1997-2010",1437,1722,1,0,0,0,NA,0,1,0,1,0
"921",1130,"CN_2005_6,5_2",654,2,NA,"2005-08-23","2005-08-29",NA,NA,1,0,0,37,11,"CN",2005,0,0,"2005-08-26",2005,"1997-2010",1614,1767,0,0,0,0,NA,0,1,0,1,0
"922",1131,"CN_2005_6.5_1",654,1,NA,"2005-07-25","2005-07-27",NA,NA,1,0,0,37,11,"CN",2005,0,0,"2005-07-26",2005,"1997-2010",1614,1767,0,0,0,0,NA,0,1,0,1,0
"923",1136,"CN_2005_62.1_1",714,1,NA,"2005-07-25","2005-08-08","2005-08-28","2005-09-14",1,1,1,37,93,"CN",2005,1,1,"2005-08-01",2005,"1997-2010",1697,1796,1,0,0,1,1,1,1,1,1,1
"924",1137,"CN_2005_62_1",713,1,NA,"2005-08-20","2005-08-26",NA,NA,1,0,0,37,92,"CN",2005,0,0,"2005-08-23",2005,"1997-2010",1717,1797,1,0,0,0,NA,0,1,0,1,0
"925",1138,"CN_2005_63_1",715,1,NA,"2005-07-26","2005-07-29",NA,NA,1,0,0,37,94,"CN",2005,0,0,"2005-07-27",2005,"1997-2010",1195,1871,1,0,0,0,NA,0,1,0,1,0
"926",1139,"CN_2005_63_2",715,2,NA,"2005-08-13","2005-08-13","2005-09-05","2005-09-20",1,1,1,37,94,"CN",2005,1,1,"2005-08-13",2005,"1997-2010",1195,1871,1,0,0,1,1,1,1,1,1,1
"927",1140,"CN_2005_64_1",716,1,NA,"2005-07-06","2005-07-23",NA,NA,1,0,0,37,95,"CN",2005,0,0,"2005-07-14",2005,"1997-2010",1170,1524,0,1,0,0,NA,0,1,0,1,0
"928",1141,"CN_2005_64_2",716,2,NA,"2005-08-16","2005-08-16","2005-09-03","2005-09-20",3,3,1,37,95,"CN",2005,0.333333333333333,0.333333333333333,"2005-08-16",2005,"1997-2010",1170,1524,0,1,0,3,2,2,3,0.666666666666667,1,1
"929",1141,"CN_2005_64_2",716,2,NA,"2005-08-16","2005-08-16","2005-09-03","2005-09-20",3,3,1,37,95,"CN",2005,0.333333333333333,0.333333333333333,"2005-08-16",2005,"1997-2010",1170,1524,0,1,0,3,2,2,3,0.666666666666667,2,1
"930",1141,"CN_2005_64_2",716,2,NA,"2005-08-16","2005-08-16","2005-09-03","2005-09-20",3,3,1,37,95,"CN",2005,0.333333333333333,0.333333333333333,"2005-08-16",2005,"1997-2010",1170,1524,0,1,0,3,2,2,3,0.666666666666667,3,0
"931",1142,"CN_2005_65_1",717,1,NA,"2005-07-25","2005-07-25","2005-08-17","2005-09-03",1,1,1,37,96,"CN",2005,1,1,"2005-07-25",2005,"1997-2010",1598,3000,0,0,0,0,NA,1,1,1,1,1
"932",1143,"CN_2005_66_1",718,1,NA,"2005-07-04","2005-07-04",NA,NA,1,0,0,37,98,"CN",2005,0,0,"2005-07-04",2005,"1997-2010",1438,1718,0,1,0,0,NA,0,1,0,1,0
"933",1144,"CN_2005_66_2",718,2,NA,"2005-08-06","2005-08-06","2005-09-04","2005-09-15",1,1,1,37,98,"CN",2005,1,1,"2005-08-06",2005,"1997-2010",1438,1718,0,1,0,1,1,1,1,1,1,1
"934",1145,"CN_2005_67_1",719,1,NA,"2005-07-24","2005-08-11",NA,NA,1,0,0,37,99,"CN",2005,0,0,"2005-08-02",2005,"1997-2010",1672,1533,1,0,0,0,NA,0,1,0,1,0
"935",1146,"CN_2005_67_2",719,2,NA,"2005-08-10","2005-08-10",NA,NA,1,0,0,37,99,"CN",2005,0,0,"2005-08-10",2005,"1997-2010",1672,1533,1,0,0,0,NA,0,1,0,1,0
"936",1147,"CN_2005_68_1",720,1,NA,"2005-07-28","2005-08-06",NA,NA,2,0,0,37,100,"CN",2005,0,0,"2005-08-01",2005,"1997-2010",472,1394,0,0,0,0,NA,0,2,0,1,0
"937",1147,"CN_2005_68_1",720,1,NA,"2005-07-28","2005-08-06",NA,NA,2,0,0,37,100,"CN",2005,0,0,"2005-08-01",2005,"1997-2010",472,1394,0,0,0,0,NA,0,2,0,2,0
"938",1148,"CN_2005_69_1",721,1,NA,"2005-07-26","2005-07-27",NA,NA,1,0,0,37,101,"CN",2005,0,0,"2005-07-26",2005,"1997-2010",1403,3454,2,0,1,0,NA,0,1,0,1,0
"939",1149,"CN_2005_7_1",655,1,1,"2005-06-14","2005-06-29","2005-07-23","2005-08-05",1,1,1,37,12,"CN",2005,1,1,"2005-06-21",2005,"1997-2010",930,1485,0,1,0,1,1,1,1,1,1,1
"940",1150,"CN_2005_73_1",722,1,NA,"2005-07-27","2005-07-27","2005-08-17","2005-09-05",1,1,1,37,105,"CN",2005,1,1,"2005-07-27",2005,"1997-2010",3090,1381,0,0,0,1,1,1,1,1,1,1
"941",1151,"CN_2005_75_1",723,1,NA,NA,"2005-05-03",NA,"2005-06-06",1,1,1,37,108,"CN",2005,1,1,"2005-05-03",2005,"1997-2010",1851,1199,1,0,0,0,NA,1,1,1,1,1
"942",1152,"CN_2005_76_1",724,1,NA,"2005-05-08","2005-07-14","2005-06-11","2005-06-11",1,1,1,37,109,"CN",2005,1,1,"2005-06-10",2005,"1997-2010",1580,1040,1,1,0,0,NA,1,1,1,1,1
"943",1153,"CN_2005_76_2",724,2,NA,"2005-07-26","2005-07-26","2005-08-20","2005-09-04",1,1,1,37,109,"CN",2005,1,1,"2005-07-26",2005,"1997-2010",1580,1040,1,1,0,0,NA,1,1,1,1,1
"944",1156,"CN_2005_77_1",725,1,NA,"2005-07-29","2005-07-31","2005-09-02","2005-09-09",1,1,1,37,110,"CN",2005,1,1,"2005-07-30",2005,"1997-2010",1865,1018,0,0,0,0,NA,1,1,1,1,1
"945",1157,"CN_2005_78_1",727,1,NA,"2005-07-16","2005-07-19",NA,NA,2,0,0,37,112,"CN",2005,0,0,"2005-07-17",2005,"1997-2010",1790,1731,1,0,0,0,NA,0,2,0,1,0
"946",1157,"CN_2005_78_1",727,1,NA,"2005-07-16","2005-07-19",NA,NA,2,0,0,37,112,"CN",2005,0,0,"2005-07-17",2005,"1997-2010",1790,1731,1,0,0,0,NA,0,2,0,2,0
"947",1158,"CN_2005_79_1",728,1,NA,"2005-07-24","2005-07-27",NA,NA,1,0,0,37,113,"CN",2005,0,0,"2005-07-25",2005,"1997-2010",1665,1623,0,0,1,0,NA,0,1,0,1,0
"948",1159,"CN_2005_8_1",656,1,1,"2005-07-24","2005-08-02",NA,NA,1,0,0,37,13,"CN",2005,0,0,"2005-07-28",2005,"1997-2010",1778,1607,0,0,4,0,NA,0,1,0,1,0
"949",1160,"CN_2005_8_2",656,2,NA,"2005-08-22","2005-08-27",NA,NA,1,0,0,37,13,"CN",2005,0,0,"2005-08-24",2005,"1997-2010",1778,1607,0,0,4,0,NA,0,1,0,1,0
"950",1161,"CN_2005_81_1",729,1,NA,"2005-07-29","2005-07-29","2005-08-27","2005-09-07",1,1,1,37,116,"CN",2005,1,1,"2005-07-29",2005,"1997-2010",1685,1608,1,0,0,1,1,1,1,1,1,1
"951",1162,"CN_2005_82.1_1",730,1,NA,"2005-07-19","2005-08-02",NA,NA,1,1,0,37,118,"CN",2005,0,0,"2005-07-26",2005,"1997-2010",3495,1489,0,0,0,0,NA,0,1,0,1,0
"952",1163,"CN_2005_83_1",731,1,1,"2005-08-08","2005-08-16","2005-09-11","2005-09-22",1,1,1,37,121,"CN",2005,1,1,"2005-08-12",2005,"1997-2010",1760,1829,0,0,0,1,1,1,1,1,1,1
"953",1165,"CN_2005_85_2",732,2,NA,"2005-08-10","2005-08-10","2005-09-03","2005-09-13",1,1,1,37,125,"CN",2005,1,1,"2005-08-10",2005,"1997-2010",1401,1788,0,1,1,1,1,1,1,1,1,1
"954",1166,"CN_2005_86_1",733,1,NA,"2005-08-16","2005-08-16",NA,NA,1,0,0,37,126,"CN",2005,0,0,"2005-08-16",2005,"1997-2010",919,510,0,1,0,0,NA,0,1,0,1,0
"955",1167,"CN_2005_87,1_1",735,1,NA,"2005-08-25","2005-08-25","2005-09-08","2005-09-08",1,1,1,37,128,"CN",2005,1,1,"2005-08-25",2005,"1997-2010",1891,1867,0,0,2,0,NA,1,1,1,1,1
"956",1168,"CN_2005_87_1",734,1,NA,"2005-07-30","2005-07-30",NA,NA,1,0,0,37,127,"CN",2005,0,0,"2005-07-30",2005,"1997-2010",1024,1616,1,0,0,0,NA,0,1,0,1,0
"957",1169,"CN_2005_87_2",734,2,NA,"2005-08-17","2005-08-17","2005-09-08","2005-09-09",1,1,1,37,127,"CN",2005,1,1,"2005-08-17",2005,"1997-2010",1024,1616,1,0,0,0,NA,1,1,1,1,1
"958",1170,"CN_2005_88_1",736,1,NA,"2005-07-30","2005-07-30",NA,NA,1,0,0,37,129,"CN",2005,0,0,"2005-07-30",2005,"1997-2010",1678,1412,0,0,1,0,NA,0,1,0,1,0
"959",1171,"CN_2005_88_2",736,2,NA,"2005-09-01","2005-09-01",NA,NA,1,0,0,37,129,"CN",2005,0,0,"2005-09-01",2005,"1997-2010",1678,1412,0,0,1,0,NA,0,1,0,1,0
"960",1175,"CN_2005_92_1",737,1,1,"2005-07-20","2005-07-20","2005-08-21","2005-08-29",1,1,1,37,134,"CN",2005,1,1,"2005-07-20",2005,"1997-2010",1429,1886,0,0,1,0,NA,1,1,1,1,1
"961",1176,"CN_2005_94,2_1",741,1,NA,"2005-07-15","2005-07-28",NA,NA,1,0,0,37,140,"CN",2005,0,0,"2005-07-21",2005,"1997-2010",1617,1494,0,0,1,0,NA,0,1,0,1,0
"962",1177,"CN_2005_94.2_2",741,2,NA,"2005-08-18","2005-08-19",NA,NA,2,0,0,37,140,"CN",2005,0,0,"2005-08-18",2005,"1997-2010",1617,1494,0,0,1,0,NA,0,2,0,1,0
"963",1177,"CN_2005_94.2_2",741,2,NA,"2005-08-18","2005-08-19",NA,NA,2,0,0,37,140,"CN",2005,0,0,"2005-08-18",2005,"1997-2010",1617,1494,0,0,1,0,NA,0,2,0,2,0
"964",1179,"CN_2005_94.1_2",740,2,NA,"2005-08-05","2005-08-23",NA,NA,1,0,0,37,139,"CN",2005,0,0,"2005-08-14",2005,"1997-2010",1172,1171,0,0,0,0,NA,0,1,0,1,0
"965",1180,"CN_2005_94_1",739,1,NA,"2005-07-15","2005-07-20",NA,NA,2,1,0,37,138,"CN",2005,0,0,"2005-07-17",2005,"1997-2010",3508,1801,2,0,1,0,NA,0,2,0,1,0
"966",1180,"CN_2005_94_1",739,1,NA,"2005-07-15","2005-07-20",NA,NA,2,1,0,37,138,"CN",2005,0,0,"2005-07-17",2005,"1997-2010",3508,1801,2,0,1,0,NA,0,2,0,2,0
"967",1181,"CN_2005_94_2",739,2,1,"2005-07-31","2005-08-18",NA,NA,2,2,0,37,138,"CN",2005,0,0,"2005-08-09",2005,"1997-2010",3508,1801,2,0,1,0,NA,0,2,0,1,0
"968",1181,"CN_2005_94_2",739,2,1,"2005-07-31","2005-08-18",NA,NA,2,2,0,37,138,"CN",2005,0,0,"2005-08-09",2005,"1997-2010",3508,1801,2,0,1,0,NA,0,2,0,2,0
"969",1314,"CN_2005_2_3",648,3,NA,"2005-10-10","2005-10-23","2005-11-18","2005-11-26",1,1,1,37,3,"CN",2005,1,1,"2005-10-16",2005,"1997-2010",1763,1287,0,1,2,0,NA,1,1,1,1,1
"970",1403,"CN_2006_1_1",3760,1,NA,"2006-07-18","2006-07-21",NA,NA,1,1,0,75,1,"CN",2006,0,0,"2006-07-19",2006,"1997-2010",912,1750,1,0,1,0,NA,0,1,0,1,0
"971",1404,"CN_2006_1_2",3760,2,NA,"2006-08-24","2006-08-28",NA,NA,2,0,0,75,1,"CN",2006,0,0,"2006-08-26",2006,"1997-2010",912,1750,1,0,1,0,NA,0,2,0,1,0
"972",1404,"CN_2006_1_2",3760,2,NA,"2006-08-24","2006-08-28",NA,NA,2,0,0,75,1,"CN",2006,0,0,"2006-08-26",2006,"1997-2010",912,1750,1,0,1,0,NA,0,2,0,2,0
"973",1405,"CN_2006_10_1",3772,1,NA,"2006-08-11","2006-08-11",NA,NA,1,0,0,75,15,"CN",2006,0,0,"2006-08-11",2006,"1997-2010",1589,1762,1,0,1,0,NA,0,1,0,1,0
"974",1407,"CN_2006_101_1",3861,1,NA,"2006-07-21","2006-07-23","2006-08-24","2006-08-29",1,1,1,75,154,"CN",2006,1,1,"2006-07-22",2006,"1997-2010",1789,1869,1,0,0,0,NA,1,1,1,1,1
"975",1408,"CN_2006_102_1",3863,1,NA,"2006-07-24","2006-08-02",NA,NA,1,0,0,75,157,"CN",2006,0,0,"2006-07-28",2006,"1997-2010",3092,3564,1,0,2,0,NA,0,1,0,1,0
"976",1411,"CN_2006_103.1_2",3864,2,NA,"2006-08-22","2006-08-26",NA,NA,1,1,0,75,159,"CN",2006,0,0,"2006-08-24",2006,"1997-2010",3650,NA,0,0,1,0,NA,0,1,0,1,0
"977",1412,"CN_2006_104_1",3865,1,NA,"2006-08-11","2006-08-22",NA,NA,1,1,0,75,160,"CN",2006,0,0,"2006-08-16",2006,"1997-2010",563,1890,0,0,0,0,NA,0,1,0,1,0
"978",1413,"CN_2006_108_1",3866,1,NA,"2006-07-14","2006-08-01",NA,NA,1,0,0,75,165,"CN",2006,0,0,"2006-07-23",2006,"1997-2010",1043,1682,1,0,1,0,NA,0,1,0,1,0
"979",1414,"CN_2006_108_2",3866,2,NA,"2006-08-05","2006-08-14",NA,NA,2,1,0,75,165,"CN",2006,0,0,"2006-08-09",2006,"1997-2010",1043,1682,1,0,1,1,1,1,2,0.5,1,1
"980",1414,"CN_2006_108_2",3866,2,NA,"2006-08-05","2006-08-14",NA,NA,2,1,0,75,165,"CN",2006,0,0,"2006-08-09",2006,"1997-2010",1043,1682,1,0,1,1,1,1,2,0.5,2,0
"981",1415,"CN_2006_11_1",3773,1,NA,"2006-07-17","2006-07-28",NA,NA,1,1,0,75,16,"CN",2006,0,0,"2006-07-22",2006,"1997-2010",1753,1775,2,0,0,0,NA,0,1,0,1,0
"982",1416,"CN_2006_111_1",3868,1,NA,"2006-07-06","2006-07-27",NA,NA,1,1,0,75,168,"CN",2006,0,0,"2006-07-16",2006,"1997-2010",3517,1593,2,0,2,0,NA,0,1,0,1,0
"983",1417,"CN_2006_111_2",3868,2,NA,"2006-08-04","2006-08-11","2006-09-12","2006-09-19",2,2,2,75,168,"CN",2006,1,1,"2006-08-07",2006,"1997-2010",3517,1593,2,0,2,2,1,2,2,1,1,1
"984",1417,"CN_2006_111_2",3868,2,NA,"2006-08-04","2006-08-11","2006-09-12","2006-09-19",2,2,2,75,168,"CN",2006,1,1,"2006-08-07",2006,"1997-2010",3517,1593,2,0,2,2,1,2,2,1,2,1
"985",1418,"CN_2006_112_1",4048,1,NA,NA,"2006-07-19",NA,"2006-08-19",1,1,1,75,169,"CN",2006,1,1,"2006-07-19",2006,"1997-2010",1155,1808,0,0,0,0,NA,1,1,1,1,1
"986",1419,"CN_2006_114_1",3869,1,NA,"2006-07-27","2006-07-27","2006-09-01","2006-09-05",1,1,1,75,171,"CN",2006,1,1,"2006-07-27",2006,"1997-2010",1872,1777,1,0,0,0,NA,1,1,1,1,1
"987",1420,"CN_2006_116_1",3870,1,NA,"2006-06-25","2006-07-10",NA,NA,1,0,0,75,173,"CN",2006,0,0,"2006-07-02",2006,"1997-2010",1716,2976,0,0,1,0,NA,0,1,0,1,0
"988",1422,"CN_2006_116_3",3870,3,NA,"2006-08-02","2006-08-20",NA,NA,1,0,0,75,173,"CN",2006,0,0,"2006-08-11",2006,"1997-2010",1716,2976,0,0,1,0,NA,0,1,0,1,0
"989",1424,"CN_2006_117_2",3871,2,NA,"2006-08-10","2006-08-17","2006-09-13","2006-09-23",1,1,1,75,174,"CN",2006,1,1,"2006-08-13",2006,"1997-2010",0,1579,1,0,0,0,NA,1,1,1,1,1
"990",1425,"CN_2006_122_1",3874,1,1,"2006-07-10","2006-07-14","2006-08-13","2006-08-23",1,1,1,75,179,"CN",2006,1,1,"2006-07-12",2006,"1997-2010",3003,2991,1,0,2,1,1,1,1,1,1,1
"991",1427,"CN_2006_124_1",3876,1,NA,"2006-08-12","2006-08-20",NA,NA,1,1,0,75,403,"CN",2006,0,0,"2006-08-16",2006,"1997-2010",3017,3576,0,0,0,0,NA,0,1,0,1,0
"992",1429,"CN_2006_15_1",3774,1,NA,"2006-07-06","2006-07-06","2006-08-15","2006-08-15",1,1,1,75,20,"CN",2006,1,1,"2006-07-06",2006,"1997-2010",1772,1729,1,0,1,1,1,1,1,1,1,1
"993",1430,"CN_2006_16_1",3775,1,NA,"2006-07-18","2006-07-27","2006-08-24","2006-09-02",2,2,2,75,22,"CN",2006,1,1,"2006-07-22",2006,"1997-2010",1419,1795,3,1,1,2,2,2,2,1,1,1
"994",1430,"CN_2006_16_1",3775,1,NA,"2006-07-18","2006-07-27","2006-08-24","2006-09-02",2,2,2,75,22,"CN",2006,1,1,"2006-07-22",2006,"1997-2010",1419,1795,3,1,1,2,2,2,2,1,2,1
"995",1431,"CN_2006_17_1",3776,1,NA,"2006-07-13","2006-07-13",NA,NA,1,0,0,75,23,"CN",2006,0,0,"2006-07-13",2006,"1997-2010",1559,1702,1,0,1,0,NA,0,1,0,1,0
"996",1432,"CN_2006_17_2",3776,2,NA,"2006-07-30","2006-07-30",NA,NA,1,0,0,75,23,"CN",2006,0,0,"2006-07-30",2006,"1997-2010",1559,1702,1,0,1,0,NA,0,1,0,1,0
"997",1433,"CN_2006_18_1",3777,1,NA,"2006-07-16","2006-07-28","2006-08-20","2006-09-03",1,1,1,75,24,"CN",2006,1,1,"2006-07-22",2006,"1997-2010",1510,2966,1,0,0,1,1,1,1,1,1,1
"998",1434,"CN_2006_19_1",3778,1,NA,"2006-07-14","2006-07-15",NA,NA,1,0,0,75,25,"CN",2006,0,0,"2006-07-14",2006,"1997-2010",1506,2962,2,1,2,0,NA,0,1,0,1,0
"999",1435,"CN_2006_19_2",3778,2,NA,"2006-07-28","2006-08-04","2006-09-01","2006-09-13",2,2,2,75,25,"CN",2006,1,1,"2006-07-31",2006,"1997-2010",1506,2962,2,1,2,2,2,2,2,1,1,1
"1000",1435,"CN_2006_19_2",3778,2,NA,"2006-07-28","2006-08-04","2006-09-01","2006-09-13",2,2,2,75,25,"CN",2006,1,1,"2006-07-31",2006,"1997-2010",1506,2962,2,1,2,2,2,2,2,1,2,1
"1001",1436,"CN_2006_2_1",3762,1,NA,"2006-07-16","2006-07-23","2006-08-13","2006-08-30",2,1,1,75,3,"CN",2006,0.5,1,"2006-07-19",2006,"1997-2010",1763,2980,2,2,0,1,1,1,2,0.5,1,1
"1002",1436,"CN_2006_2_1",3762,1,NA,"2006-07-16","2006-07-23","2006-08-13","2006-08-30",2,1,1,75,3,"CN",2006,0.5,1,"2006-07-19",2006,"1997-2010",1763,2980,2,2,0,1,1,1,2,0.5,2,0
"1003",1438,"CN_2006_21_1",3780,1,NA,"2006-07-12","2006-07-17",NA,NA,1,0,0,75,27,"CN",2006,0,0,"2006-07-14",2006,"1997-2010",3490,3087,0,0,1,0,NA,0,1,0,1,0
"1004",1439,"CN_2006_22_1",3781,1,NA,"2006-07-08","2006-07-13","2006-08-11","2006-08-22",1,1,1,75,28,"CN",2006,1,1,"2006-07-10",2006,"1997-2010",1501,1606,1,1,0,1,1,1,1,1,1,1
"1005",1440,"CN_2006_23_1",3782,1,NA,"2006-07-14","2006-07-17","2006-08-17","2006-08-24",1,1,1,75,30,"CN",2006,1,1,"2006-07-15",2006,"1997-2010",1503,507,1,1,0,1,1,1,1,1,1,1
"1006",1442,"CN_2006_24_2",3783,2,NA,"2006-08-24","2006-09-11",NA,NA,1,0,0,75,32,"CN",2006,0,0,"2006-09-02",2006,"1997-2010",3497,1611,0,0,2,0,NA,0,1,0,1,0
"1007",1443,"CN_2006_25_1",3784,1,NA,"2006-07-26","2006-07-31",NA,NA,1,1,0,75,33,"CN",2006,0,0,"2006-07-28",2006,"1997-2010",503,3615,0,0,1,0,NA,0,1,0,1,0
"1008",1444,"CN_2006_25_2",3784,2,NA,"2006-08-29","2006-08-31",NA,NA,1,0,0,75,33,"CN",2006,0,0,"2006-08-30",2006,"1997-2010",503,3615,0,0,1,0,NA,0,1,0,1,0
"1009",1445,"CN_2006_26.5_1",3786,1,NA,"2006-07-11","2006-07-15","2006-08-14","2006-08-21",1,1,1,75,36,"CN",2006,1,1,"2006-07-13",2006,"1997-2010",1536,1787,1,1,0,0,NA,1,1,1,1,1
"1010",1446,"CN_2006_26.5_2",3786,2,NA,"2006-07-10","2006-07-17","2006-08-13","2006-08-23",1,1,1,75,36,"CN",2006,1,1,"2006-07-13",2006,"1997-2010",1536,1787,1,1,0,0,NA,1,1,1,1,1
"1011",1447,"CN_2006_26_1",3785,1,NA,"2006-07-09","2006-07-14",NA,NA,1,1,0,75,34,"CN",2006,0,0,"2006-07-11",2006,"1997-2010",1864,1542,0,0,0,0,NA,0,1,0,1,0
"1012",1448,"CN_2006_26_2",3785,2,NA,"2006-08-13","2006-08-22",NA,NA,1,0,0,75,34,"CN",2006,0,0,"2006-08-17",2006,"1997-2010",1864,1542,0,0,0,0,NA,0,1,0,1,0
"1013",1449,"CN_2006_28.1_1",3788,1,NA,"2006-07-16","2006-07-18","2006-08-19","2006-08-21",1,1,1,75,39,"CN",2006,1,1,"2006-07-17",2006,"1997-2010",1415,1743,2,1,0,0,NA,1,1,1,1,1
"1014",1450,"CN_2006_28_1",3787,1,NA,"2006-07-17","2006-07-20","2006-08-20","2006-08-21",1,1,1,75,38,"CN",2006,1,1,"2006-07-18",2006,"1997-2010",3646,3456,0,0,1,0,NA,1,1,1,1,1
"1015",1453,"CN_2006_29_2",3789,2,NA,"2006-08-24","2006-08-28",NA,NA,1,0,0,75,40,"CN",2006,0,0,"2006-08-26",2006,"1997-2010",3462,3020,0,0,0,0,NA,0,1,0,1,0
"1016",1454,"CN_2006_3.1_1",3764,1,NA,"2006-07-19","2006-07-23","2006-08-19","2006-08-30",1,1,1,75,5,"CN",2006,1,1,"2006-07-21",2006,"1997-2010",1740,1187,2,1,0,1,1,1,1,1,1,1
"1017",1455,"CN_2006_3_1",3763,1,NA,"2006-07-28","2006-07-28",NA,NA,1,0,0,75,4,"CN",2006,0,0,"2006-07-28",2006,"1997-2010",1532,911,1,0,2,0,NA,0,1,0,1,0
"1018",1457,"CN_2006_30.1_1",3790,1,NA,"2006-08-07","2006-08-12",NA,NA,1,1,0,75,42,"CN",2006,0,0,"2006-08-09",2006,"1997-2010",3487,1543,1,0,2,0,NA,0,1,0,1,0
"1019",1458,"CN_2006_30.2_1",3791,1,NA,"2006-07-26","2006-08-03","2006-09-01","2006-09-09",1,1,1,75,43,"CN",2006,1,1,"2006-07-30",2006,"1997-2010",1854,1029,1,0,2,1,1,1,1,1,1,1
"1020",1459,"CN_2006_32.5_1",3793,1,NA,"2006-07-18","2006-07-18","2006-08-17","2006-08-27",1,1,1,75,46,"CN",2006,1,1,"2006-07-18",2006,"1997-2010",1384,1868,1,0,0,0,NA,1,1,1,1,1
"1021",1460,"CN_2006_32_1",3792,1,NA,"2006-07-29","2006-07-29",NA,NA,1,0,0,75,45,"CN",2006,0,0,"2006-07-29",2006,"1997-2010",2981,3464,0,0,0,0,NA,0,1,0,1,0
"1022",1462,"CN_2006_33.1_2",3795,2,NA,"2006-07-31","2006-08-04",NA,NA,1,1,0,75,48,"CN",2006,0,0,"2006-08-02",2006,"1997-2010",1193,2990,0,0,1,0,NA,0,1,0,1,0
"1023",1463,"CN_2006_33_1",3794,1,NA,"2006-06-25","2006-07-16","2006-08-03","2006-08-22",1,1,1,75,47,"CN",2006,1,1,"2006-07-05",2006,"1997-2010",1765,1752,1,1,0,0,NA,1,1,1,1,1
"1024",1465,"CN_2006_34.5_2",3796,2,NA,"2006-08-12","2006-08-14",NA,NA,1,1,0,75,50,"CN",2006,0,0,"2006-08-13",2006,"1997-2010",3608,1553,0,0,1,0,NA,0,1,0,1,0
"1025",1466,"CN_2006_35_1",3797,1,NA,"2006-07-17","2006-07-31",NA,NA,1,0,0,75,51,"CN",2006,0,0,"2006-07-24",2006,"1997-2010",1361,1698,0,0,3,0,NA,0,1,0,1,0
"1026",1467,"CN_2006_35_2",3797,2,NA,"2006-08-16","2006-08-20",NA,NA,1,0,0,75,51,"CN",2006,0,0,"2006-08-18",2006,"1997-2010",1361,1698,0,0,3,0,NA,0,1,0,1,0
"1027",1468,"CN_2006_37_1",3798,1,NA,"2006-07-17","2006-07-18",NA,NA,1,1,0,75,53,"CN",2006,0,0,"2006-07-17",2006,"1997-2010",3094,1739,0,0,1,0,NA,0,1,0,1,0
"1028",1469,"CN_2006_37_2",3798,2,NA,"2006-08-15","2006-08-26",NA,NA,1,1,0,75,53,"CN",2006,0,0,"2006-08-20",2006,"1997-2010",3094,1739,0,0,1,0,NA,0,1,0,1,0
"1029",1470,"CN_2006_38_1",3799,1,NA,"2006-08-02","2006-08-04","2006-09-05","2006-09-12",1,1,1,75,54,"CN",2006,1,1,"2006-08-03",2006,"1997-2010",1821,1504,1,1,1,1,1,1,1,1,1,1
"1030",1471,"CN_2006_39_1",3800,1,NA,"2006-07-08","2006-07-16","2006-08-14","2006-08-21",1,1,1,75,55,"CN",2006,1,1,"2006-07-12",2006,"1997-2010",459,1769,1,2,1,0,NA,1,1,1,1,1
"1031",1472,"CN_2006_4_1",3765,1,NA,"2006-07-21","2006-07-23",NA,NA,1,1,0,75,7,"CN",2006,0,0,"2006-07-22",2006,"1997-2010",1791,1509,1,0,1,0,NA,0,1,0,1,0
"1032",1473,"CN_2006_41.1_1",3802,1,1,"2006-07-30","2006-07-30",NA,NA,2,0,0,75,58,"CN",2006,0,0,"2006-07-30",2006,"1997-2010",1757,1523,0,0,1,0,NA,0,2,0,1,0
"1033",1473,"CN_2006_41.1_1",3802,1,1,"2006-07-30","2006-07-30",NA,NA,2,0,0,75,58,"CN",2006,0,0,"2006-07-30",2006,"1997-2010",1757,1523,0,0,1,0,NA,0,2,0,2,0
"1034",1474,"CN_2006_41_1",3801,1,NA,"2006-07-21","2006-08-08","2006-07-23","2006-08-15",1,0,0,75,57,"CN",2006,0,0,"2006-07-30",2006,"1997-2010",2959,1831,1,0,1,0,NA,0,1,0,1,0
"1035",1475,"CN_2006_42_1",3803,1,NA,"2006-08-04","2006-08-17",NA,NA,1,1,0,75,59,"CN",2006,0,0,"2006-08-10",2006,"1997-2010",3022,3696,0,0,0,0,NA,0,1,0,1,0
"1036",1476,"CN_2006_43_1",3804,1,NA,"2006-07-09","2006-07-11",NA,NA,1,0,0,75,60,"CN",2006,0,0,"2006-07-10",2006,"1997-2010",3453,1744,2,1,0,0,NA,0,1,0,1,0
"1037",1477,"CN_2006_43_2",3804,2,NA,"2006-08-14","2006-08-20","2006-09-19","2006-09-29",2,2,2,75,60,"CN",2006,1,1,"2006-08-17",2006,"1997-2010",3453,1744,2,1,0,2,2,2,2,1,1,1
"1038",1477,"CN_2006_43_2",3804,2,NA,"2006-08-14","2006-08-20","2006-09-19","2006-09-29",2,2,2,75,60,"CN",2006,1,1,"2006-08-17",2006,"1997-2010",3453,1744,2,1,0,2,2,2,2,1,2,1
"1039",1479,"CN_2006_44_2",3805,2,NA,"2006-07-24","2006-08-11",NA,NA,1,0,0,75,61,"CN",2006,0,0,"2006-08-02",2006,"1997-2010",1827,1783,2,0,1,0,NA,0,1,0,1,0
"1040",1480,"CN_2006_44_3",3805,3,NA,"2006-08-24","2006-08-28","2006-09-24","2006-10-07",2,2,2,75,61,"CN",2006,1,1,"2006-08-26",2006,"1997-2010",1827,1783,2,0,1,2,2,2,2,1,1,1
"1041",1480,"CN_2006_44_3",3805,3,NA,"2006-08-24","2006-08-28","2006-09-24","2006-10-07",2,2,2,75,61,"CN",2006,1,1,"2006-08-26",2006,"1997-2010",1827,1783,2,0,1,2,2,2,2,1,2,1
"1042",1481,"CN_2006_45_1",3806,1,NA,"2006-07-21","2006-08-06",NA,NA,1,1,0,75,62,"CN",2006,0,0,"2006-07-29",2006,"1997-2010",1538,1539,0,0,0,1,0,0,1,0,1,0
"1043",1483,"CN_2006_46.5_2",3808,2,NA,"2006-07-24","2006-07-24",NA,NA,1,1,0,75,66,"CN",2006,0,0,"2006-07-24",2006,"1997-2010",1558,1699,0,1,1,0,NA,0,1,0,1,0
"1044",1484,"CN_2006_46.5_3",3808,3,NA,"2006-08-15","2006-08-28",NA,NA,1,0,0,75,66,"CN",2006,0,0,"2006-08-21",2006,"1997-2010",1558,1699,0,1,1,0,NA,0,1,0,1,0
"1045",1485,"CN_2006_46_1",3807,1,NA,"2006-07-09","2006-07-13","2006-08-12","2006-08-19",1,1,1,75,63,"CN",2006,1,1,"2006-07-11",2006,"1997-2010",1042,1577,1,1,2,1,1,1,1,1,1,1
"1046",1486,"CN_2006_47.1_1",3810,1,NA,"2006-07-25","2006-07-29",NA,NA,1,0,0,75,68,"CN",2006,0,0,"2006-07-27",2006,"1997-2010",1669,1897,0,0,0,0,NA,0,1,0,1,0
"1047",1487,"CN_2006_47.1_2",3810,2,NA,"2006-08-15","2006-08-22",NA,NA,1,0,0,75,68,"CN",2006,0,0,"2006-08-18",2006,"1997-2010",1669,1897,0,0,0,0,NA,0,1,0,1,0
"1048",1489,"CN_2006_47_2",3809,2,NA,"2006-08-05","2006-08-09","2006-09-08","2006-09-12",2,2,2,75,67,"CN",2006,1,1,"2006-08-07",2006,"1997-2010",1305,1595,2,0,0,0,NA,2,2,1,1,1
"1049",1489,"CN_2006_47_2",3809,2,NA,"2006-08-05","2006-08-09","2006-09-08","2006-09-12",2,2,2,75,67,"CN",2006,1,1,"2006-08-07",2006,"1997-2010",1305,1595,2,0,0,0,NA,2,2,1,2,1
"1050",1491,"CN_2006_48_2",3811,2,NA,"2006-07-25","2006-07-30","2006-08-29","2006-09-07",2,1,1,75,69,"CN",2006,0.5,1,"2006-07-27",2006,"1997-2010",869,453,1,0,1,1,1,1,2,0.5,1,1
"1051",1491,"CN_2006_48_2",3811,2,NA,"2006-07-25","2006-07-30","2006-08-29","2006-09-07",2,1,1,75,69,"CN",2006,0.5,1,"2006-07-27",2006,"1997-2010",869,453,1,0,1,1,1,1,2,0.5,2,0
"1052",1492,"CN_2006_49_1",3812,1,NA,"2006-07-18","2006-07-18",NA,NA,2,0,0,75,70,"CN",2006,0,0,"2006-07-18",2006,"1997-2010",1782,1881,1,0,0,0,NA,0,2,0,1,0
"1053",1492,"CN_2006_49_1",3812,1,NA,"2006-07-18","2006-07-18",NA,NA,2,0,0,75,70,"CN",2006,0,0,"2006-07-18",2006,"1997-2010",1782,1881,1,0,0,0,NA,0,2,0,2,0
"1054",1493,"CN_2006_49_2",3812,2,NA,"2006-07-21","2006-07-31","2006-08-29","2006-09-06",1,1,1,75,70,"CN",2006,1,1,"2006-07-26",2006,"1997-2010",1782,1881,1,0,0,1,1,1,1,1,1,1
"1055",1494,"CN_2006_5_1",3766,1,NA,"2006-07-13","2006-07-24","2006-08-13","2006-08-29",1,1,1,75,8,"CN",2006,1,1,"2006-07-18",2006,"1997-2010",1605,497,2,1,0,0,NA,1,1,1,1,1
"1056",1496,"CN_2006_50.1_1",3814,1,NA,"2006-07-25","2006-07-28","2006-08-22","2006-09-03",1,1,1,75,72,"CN",2006,1,1,"2006-07-26",2006,"1997-2010",1805,1774,2,0,0,2,2,2,2,1,1,1
"1057",1496,"CN_2006_50.1_1",3814,1,NA,"2006-07-25","2006-07-28","2006-08-22","2006-09-03",1,1,1,75,72,"CN",2006,1,1,"2006-07-26",2006,"1997-2010",1805,1774,2,0,0,2,2,2,2,1,2,1
"1058",1497,"CN_2006_50.1_2",3814,2,NA,"2006-07-26","2006-08-12",NA,NA,1,0,0,75,72,"CN",2006,0,0,"2006-08-03",2006,"1997-2010",1805,1774,2,0,0,0,NA,0,1,0,1,0
"1059",1498,"CN_2006_50_1",3813,1,NA,"2006-07-20","2006-07-29","2006-08-24","2006-09-04",1,1,1,75,71,"CN",2006,1,1,"2006-07-24",2006,"1997-2010",1244,1742,1,0,2,1,1,1,1,1,1,1
"1060",1499,"CN_2006_51.1_1",3815,1,NA,"2006-08-14","2006-08-14",NA,NA,1,0,0,75,74,"CN",2006,0,0,"2006-08-14",2006,"1997-2010",1664,1031,0,0,1,0,NA,0,1,0,1,0
"1061",1500,"CN_2006_51.2_1",3816,1,NA,"2006-06-12","2006-06-26","2006-07-21","2006-07-30",1,1,1,75,75,"CN",2006,1,1,"2006-06-19",2006,"1997-2010",2989,2964,1,0,0,1,1,1,1,1,1,1
"1062",1501,"CN_2006_52.1_1",3818,1,NA,"2006-07-14","2006-07-14",NA,NA,1,0,0,75,77,"CN",2006,0,0,"2006-07-14",2006,"1997-2010",1776,1710,0,0,2,0,NA,0,1,0,1,0
"1063",1503,"CN_2006_52_1",3817,1,NA,"2006-07-19","2006-07-24",NA,NA,1,1,0,75,76,"CN",2006,0,0,"2006-07-21",2006,"1997-2010",1852,3093,0,0,0,1,1,1,1,1,1,1
"1064",1507,"CN_2006_53_1",3819,1,NA,"2006-07-16","2006-07-20",NA,NA,1,1,0,75,79,"CN",2006,0,0,"2006-07-18",2006,"1997-2010",1803,1802,1,2,0,0,NA,0,1,0,1,0
"1065",1508,"CN_2006_54_1",3821,1,NA,"2006-07-20","2006-07-29","2006-08-17","2006-09-04",1,1,1,75,81,"CN",2006,1,1,"2006-07-24",2006,"1997-2010",1895,1754,1,0,0,1,1,1,1,1,1,1
"1066",1509,"CN_2006_55_1",3822,1,NA,"2006-08-01","2006-08-07",NA,NA,1,0,0,75,82,"CN",2006,0,0,"2006-08-04",2006,"1997-2010",2986,1356,0,0,0,0,NA,0,1,0,1,0
"1067",1510,"CN_2006_56_1",3823,1,NA,"2006-07-22","2006-07-27","2006-08-15","2006-08-30",1,1,1,75,83,"CN",2006,1,1,"2006-07-24",2006,"1997-2010",3567,1604,1,0,0,0,NA,1,1,1,1,1
"1068",1511,"CN_2006_57.1_1",3824,1,NA,"2006-07-22","2006-07-27","2006-08-22","2006-08-30",1,1,1,75,85,"CN",2006,1,1,"2006-07-24",2006,"1997-2010",1491,1823,1,1,1,0,NA,1,1,1,1,1
"1069",1512,"CN_2006_58_1",3825,1,NA,"2006-07-20","2006-07-27",NA,NA,4,0,0,75,86,"CN",2006,0,0,"2006-07-23",2006,"1997-2010",2978,3089,3,1,1,0,NA,0,4,0,1,0
"1070",1512,"CN_2006_58_1",3825,1,NA,"2006-07-20","2006-07-27",NA,NA,4,0,0,75,86,"CN",2006,0,0,"2006-07-23",2006,"1997-2010",2978,3089,3,1,1,0,NA,0,4,0,2,0
"1071",1512,"CN_2006_58_1",3825,1,NA,"2006-07-20","2006-07-27",NA,NA,4,0,0,75,86,"CN",2006,0,0,"2006-07-23",2006,"1997-2010",2978,3089,3,1,1,0,NA,0,4,0,3,0
"1072",1512,"CN_2006_58_1",3825,1,NA,"2006-07-20","2006-07-27",NA,NA,4,0,0,75,86,"CN",2006,0,0,"2006-07-23",2006,"1997-2010",2978,3089,3,1,1,0,NA,0,4,0,4,0
"1073",1513,"CN_2006_58_2",3825,2,NA,"2006-08-04","2006-08-15","2006-09-12","2006-09-21",3,3,2,75,86,"CN",2006,0.666666666666667,0.666666666666667,"2006-08-09",2006,"1997-2010",2978,3089,3,1,1,3,2,2,3,0.666666666666667,1,1
"1074",1513,"CN_2006_58_2",3825,2,NA,"2006-08-04","2006-08-15","2006-09-12","2006-09-21",3,3,2,75,86,"CN",2006,0.666666666666667,0.666666666666667,"2006-08-09",2006,"1997-2010",2978,3089,3,1,1,3,2,2,3,0.666666666666667,2,1
"1075",1513,"CN_2006_58_2",3825,2,NA,"2006-08-04","2006-08-15","2006-09-12","2006-09-21",3,3,2,75,86,"CN",2006,0.666666666666667,0.666666666666667,"2006-08-09",2006,"1997-2010",2978,3089,3,1,1,3,2,2,3,0.666666666666667,3,0
"1076",1514,"CN_2006_59.1_1",3827,1,NA,"2006-07-28","2006-07-29","2006-08-31","2006-09-04",1,1,1,75,88,"CN",2006,1,1,"2006-07-28",2006,"1997-2010",1779,1196,1,0,1,1,1,1,1,1,1,1
"1077",1515,"CN_2006_59_1",3826,1,NA,"2006-07-21","2006-07-28",NA,NA,1,1,0,75,87,"CN",2006,0,0,"2006-07-24",2006,"1997-2010",1437,1722,1,1,1,0,NA,0,1,0,1,0
"1078",1516,"CN_2006_6.5_1",3768,1,NA,"2006-07-07","2006-07-10","2006-08-10","2006-08-13",1,1,1,75,11,"CN",2006,1,1,"2006-07-08",2006,"1997-2010",1614,1767,0,0,0,0,NA,1,1,1,1,1
"1079",1517,"CN_2006_6_1",3767,1,NA,"2006-07-13","2006-07-15",NA,NA,1,0,0,75,9,"CN",2006,0,0,"2006-07-14",2006,"1997-2010",1826,1499,1,0,0,0,NA,0,1,0,1,0
"1080",1518,"CN_2006_6_2",3767,2,NA,"2006-08-04","2006-08-13","2006-09-12","2006-09-21",1,1,1,75,9,"CN",2006,1,1,"2006-08-08",2006,"1997-2010",1826,1499,1,0,0,1,1,1,1,1,1,1
"1081",1520,"CN_2006_62.1_1",3830,1,NA,"2006-07-14","2006-07-19","2006-08-15","2006-08-26",2,2,2,75,93,"CN",2006,1,1,"2006-07-16",2006,"1997-2010",1697,1796,2,0,0,2,2,2,2,1,1,1
"1082",1520,"CN_2006_62.1_1",3830,1,NA,"2006-07-14","2006-07-19","2006-08-15","2006-08-26",2,2,2,75,93,"CN",2006,1,1,"2006-07-16",2006,"1997-2010",1697,1796,2,0,0,2,2,2,2,1,2,1
"1083",1522,"CN_2006_62_2",3829,2,NA,"2006-07-31","2006-08-02",NA,NA,1,0,0,75,92,"CN",2006,0,0,"2006-08-01",2006,"1997-2010",1717,1797,0,0,1,0,NA,0,1,0,1,0
"1084",1523,"CN_2006_62_3",3829,3,NA,"2006-09-01","2006-09-11",NA,NA,1,0,0,75,92,"CN",2006,0,0,"2006-09-06",2006,"1997-2010",1717,1797,0,0,1,0,NA,0,1,0,1,0
"1085",1524,"CN_2006_63_1",3831,1,NA,"2006-07-07","2006-07-12",NA,NA,1,0,0,75,94,"CN",2006,0,0,"2006-07-09",2006,"1997-2010",1195,1871,0,0,0,0,NA,0,1,0,1,0
"1086",1525,"CN_2006_63_2",3831,2,NA,"2006-08-11","2006-08-11",NA,NA,1,0,0,75,94,"CN",2006,0,0,"2006-08-11",2006,"1997-2010",1195,1871,0,0,0,0,NA,0,1,0,1,0
"1087",1526,"CN_2006_63_3",3831,3,NA,"2006-08-11","2006-08-26",NA,NA,1,1,0,75,94,"CN",2006,0,0,"2006-08-18",2006,"1997-2010",1195,1871,0,0,0,0,NA,0,1,0,1,0
"1088",1527,"CN_2006_64_2",3832,2,NA,"2006-07-31","2006-08-05","2006-09-03","2006-09-14",1,1,1,75,95,"CN",2006,1,1,"2006-08-02",2006,"1997-2010",1170,1524,1,0,1,1,1,1,1,1,1,1
"1089",1528,"CN_2006_65_1",3833,1,NA,"2006-07-12","2006-07-21","2006-08-07","2006-08-27",1,1,1,75,96,"CN",2006,1,1,"2006-07-16",2006,"1997-2010",1598,3000,1,0,0,0,NA,1,1,1,1,1
"1090",1529,"CN_2006_66_1",3834,1,NA,"2006-07-21","2006-07-27","2006-08-13","2006-08-30",1,1,1,75,98,"CN",2006,1,1,"2006-07-24",2006,"1997-2010",1438,1708,1,0,0,0,NA,1,1,1,1,1
"1091",1530,"CN_2006_67_1",3835,1,NA,"2006-07-20","2006-07-28",NA,NA,1,0,0,75,99,"CN",2006,0,0,"2006-07-24",2006,"1997-2010",1672,1533,2,0,1,0,NA,0,1,0,1,0
"1092",1531,"CN_2006_67_2",3835,2,NA,"2006-08-11","2006-08-14","2006-09-19","2006-09-20",1,1,1,75,99,"CN",2006,1,1,"2006-08-12",2006,"1997-2010",1672,1533,2,0,1,1,1,1,1,1,1,1
"1093",1532,"CN_2006_68_1",3836,1,NA,"2006-07-30","2006-07-30",NA,NA,1,0,0,75,100,"CN",2006,0,0,"2006-07-30",2006,"1997-2010",472,1394,0,0,0,0,NA,0,1,0,1,0
"1094",1535,"CN_2006_7_1",3769,1,NA,"2006-07-17","2006-07-27",NA,NA,1,0,0,75,12,"CN",2006,0,0,"2006-07-22",2006,"1997-2010",930,1485,1,0,1,0,NA,0,1,0,1,0
"1095",1536,"CN_2006_7_2",3769,2,NA,"2006-08-23","2006-08-28",NA,NA,1,0,0,75,12,"CN",2006,0,0,"2006-08-25",2006,"1997-2010",930,1485,1,0,1,0,NA,0,1,0,1,0
"1096",1538,"CN_2006_73_2",3838,2,NA,"2006-08-13","2006-08-20",NA,NA,2,0,0,75,105,"CN",2006,0,0,"2006-08-16",2006,"1997-2010",3090,3458,0,0,0,0,NA,0,2,0,1,0
"1097",1538,"CN_2006_73_2",3838,2,NA,"2006-08-13","2006-08-20",NA,NA,2,0,0,75,105,"CN",2006,0,0,"2006-08-16",2006,"1997-2010",3090,3458,0,0,0,0,NA,0,2,0,2,0
"1098",1539,"CN_2006_75_1",3839,1,NA,"2006-07-23","2006-07-23",NA,NA,1,0,0,75,108,"CN",2006,0,0,"2006-07-23",2006,"1997-2010",1851,1199,0,0,1,0,NA,0,1,0,1,0
"1099",1540,"CN_2006_76_1",3840,1,NA,"2006-08-06","2006-08-12",NA,NA,2,2,0,75,109,"CN",2006,0,0,"2006-08-09",2006,"1997-2010",1580,3643,0,0,1,2,0,0,2,0,1,0
"1100",1540,"CN_2006_76_1",3840,1,NA,"2006-08-06","2006-08-12",NA,NA,2,2,0,75,109,"CN",2006,0,0,"2006-08-09",2006,"1997-2010",1580,3643,0,0,1,2,0,0,2,0,2,0
"1101",1541,"CN_2006_77.1_1",3842,1,NA,"2006-08-04","2006-08-11",NA,NA,1,1,0,75,111,"CN",2006,0,0,"2006-08-07",2006,"1997-2010",1576,1512,0,0,2,0,NA,0,1,0,1,0
"1102",1542,"CN_2006_77_1",3841,1,NA,"2006-08-15","2006-08-23",NA,NA,1,1,0,75,110,"CN",2006,0,0,"2006-08-19",2006,"1997-2010",1865,1018,0,1,0,0,NA,0,1,0,1,0
"1103",1543,"CN_2006_78_1",3843,1,NA,"2006-07-09","2006-07-20",NA,NA,1,1,1,75,112,"CN",2006,1,1,"2006-07-14",2006,"1997-2010",1790,1731,1,2,1,0,NA,1,1,1,1,1
"1104",1544,"CN_2006_79_1",3844,1,NA,"2006-07-27","2006-08-04",NA,NA,1,0,0,75,113,"CN",2006,0,0,"2006-07-31",2006,"1997-2010",3091,3024,0,0,0,0,NA,0,1,0,1,0
"1105",1545,"CN_2006_79_2",3844,2,NA,"2006-08-30","2006-09-11",NA,NA,1,0,0,75,113,"CN",2006,0,0,"2006-09-05",2006,"1997-2010",3091,3024,0,0,0,0,NA,0,1,0,1,0
"1106",1546,"CN_2006_8_1",3770,1,NA,"2006-07-17","2006-07-23",NA,NA,1,1,0,75,13,"CN",2006,0,0,"2006-07-20",2006,"1997-2010",1778,1607,2,0,1,0,NA,0,1,0,1,0
"1107",1547,"CN_2006_81_1",3845,1,NA,"2006-07-25","2006-07-28",NA,NA,1,0,0,75,116,"CN",2006,0,0,"2006-07-26",2006,"1997-2010",1685,1608,1,0,1,0,NA,0,1,0,1,0
"1108",1549,"CN_2006_81_3",3845,3,NA,"2006-08-24","2006-09-01",NA,NA,1,0,0,75,116,"CN",2006,0,0,"2006-08-28",2006,"1997-2010",1685,1608,1,0,1,0,NA,0,1,0,1,0
"1109",1551,"CN_2006_82.1_2",3846,2,NA,"2006-08-11","2006-08-21",NA,NA,1,0,0,75,118,"CN",2006,0,0,"2006-08-16",2006,"1997-2010",3698,1489,0,0,0,0,NA,0,1,0,1,0
"1110",1553,"CN_2006_83_2",3847,2,NA,"2006-07-21","2006-08-07",NA,NA,1,0,0,75,121,"CN",2006,0,0,"2006-07-29",2006,"1997-2010",1760,1829,1,0,0,0,NA,0,1,0,1,0
"1111",1554,"CN_2006_83_3",3847,3,NA,"2006-08-18","2006-08-26",NA,NA,1,1,0,75,121,"CN",2006,0,0,"2006-08-22",2006,"1997-2010",1760,1829,1,0,0,0,NA,0,1,0,1,0
"1112",1555,"CN_2006_84_1",3848,1,NA,"2006-08-04","2006-08-04",NA,NA,1,0,0,75,123,"CN",2006,0,0,"2006-08-04",2006,"1997-2010",3694,3005,0,0,0,0,NA,0,1,0,1,0
"1113",1556,"CN_2006_85_1",3849,1,NA,"2006-07-13","2006-07-20",NA,NA,1,1,0,75,125,"CN",2006,0,0,"2006-07-16",2006,"1997-2010",1401,1788,0,0,3,0,NA,0,1,0,1,0
"1114",1557,"CN_2006_86_1",3850,1,NA,"2006-07-26","2006-07-31",NA,NA,1,0,0,75,126,"CN",2006,0,0,"2006-07-28",2006,"1997-2010",1563,510,0,0,2,0,NA,0,1,0,1,0
"1115",1558,"CN_2006_86_2",3850,2,NA,"2006-08-24","2006-08-28",NA,NA,1,0,0,75,126,"CN",2006,0,0,"2006-08-26",2006,"1997-2010",1563,510,0,0,2,0,NA,0,1,0,1,0
"1116",1559,"CN_2006_87.1_1",3852,1,NA,"2006-08-01","2006-08-01",NA,NA,1,0,0,75,128,"CN",2006,0,0,"2006-08-01",2006,"1997-2010",3450,1867,1,0,1,0,NA,0,1,0,1,0
"1117",1560,"CN_2006_87.1_2",3852,2,NA,"2006-08-13","2006-08-14",NA,NA,1,1,0,75,128,"CN",2006,0,0,"2006-08-13",2006,"1997-2010",3450,1867,1,0,1,0,NA,0,1,0,1,0
"1118",1561,"CN_2006_87_1",3851,1,NA,"2006-07-14","2006-07-22","2006-08-21","2006-08-28",1,1,1,75,127,"CN",2006,1,1,"2006-07-18",2006,"1997-2010",1024,1616,1,0,0,0,NA,1,1,1,1,1
"1119",1562,"CN_2006_88_1",3853,1,NA,"2006-08-01","2006-08-01",NA,NA,1,1,0,75,129,"CN",2006,0,0,"2006-08-01",2006,"1997-2010",1678,1412,0,1,1,0,NA,0,1,0,1,0
"1120",1563,"CN_2006_9_1",3771,1,NA,"2006-07-09","2006-07-17",NA,NA,1,0,0,75,14,"CN",2006,0,0,"2006-07-13",2006,"1997-2010",3500,2988,0,0,2,0,NA,0,1,0,1,0
"1121",1564,"CN_2006_9_2",3771,2,NA,"2006-08-13","2006-08-16",NA,NA,1,0,0,75,14,"CN",2006,0,0,"2006-08-14",2006,"1997-2010",3500,2988,0,0,2,0,NA,0,1,0,1,0
"1122",1565,"CN_2006_92.1_1",3855,1,NA,"2006-07-25","2006-07-29",NA,NA,1,1,0,75,135,"CN",2006,0,0,"2006-07-27",2006,"1997-2010",3002,1581,0,0,1,0,NA,0,1,0,1,0
"1123",1566,"CN_2006_92.1_2",3855,2,NA,"2006-08-31","2006-09-11",NA,NA,1,0,0,75,135,"CN",2006,0,0,"2006-09-05",2006,"1997-2010",3002,1581,0,0,1,0,NA,0,1,0,1,0
"1124",1567,"CN_2006_92_1",3854,1,NA,"2006-07-20","2006-07-21",NA,NA,1,0,0,75,134,"CN",2006,0,0,"2006-07-20",2006,"1997-2010",1429,1886,1,0,1,0,NA,0,1,0,1,0
"1125",1569,"CN_2006_93_1",3856,1,NA,"2006-07-15","2006-08-05","2006-08-23","2006-09-11",1,1,1,75,137,"CN",2006,1,1,"2006-07-25",2006,"1997-2010",845,1276,1,0,0,1,1,1,1,1,1,1
"1126",1570,"CN_2006_94.1_1",3858,1,NA,"2006-08-05","2006-08-14",NA,NA,1,1,0,75,139,"CN",2006,0,0,"2006-08-09",2006,"1997-2010",1172,1171,0,0,0,0,NA,0,1,0,1,0
"1127",1571,"CN_2006_94.2_1",3859,1,NA,"2006-07-24","2006-08-01",NA,NA,1,0,0,75,140,"CN",2006,0,0,"2006-07-28",2006,"1997-2010",1617,1494,0,0,0,0,NA,0,1,0,1,0
"1128",1573,"CN_2006_94_1",3857,1,NA,"2006-08-05","2006-08-07",NA,NA,2,0,0,75,138,"CN",2006,0,0,"2006-08-06",2006,"1997-2010",3461,1801,0,0,0,0,NA,0,2,0,1,0
"1129",1573,"CN_2006_94_1",3857,1,NA,"2006-08-05","2006-08-07",NA,NA,2,0,0,75,138,"CN",2006,0,0,"2006-08-06",2006,"1997-2010",3461,1801,0,0,0,0,NA,0,2,0,2,0
"1130",1574,"CN_2006_96_1",3860,1,NA,"2006-08-03","2006-08-06","2006-09-06","2006-09-12",1,1,1,75,144,"CN",2006,1,1,"2006-08-04",2006,"1997-2010",3507,1587,1,0,0,1,1,1,1,1,1,1
"1131",1584,"CN_1995_16",2090,1,NA,"1995-07-12","1995-07-30",NA,NA,1,0,0,19,22,"CN",1995,0,0,"1995-07-21",1995,"1997-2010",172,1861,0,0,2,0,NA,0,1,0,1,0
"1132",1585,"CN_1995_114_1",2175,1,NA,"1995-06-13","1995-07-01",NA,NA,1,0,0,19,171,"CN",1995,0,0,"1995-06-22",1995,"1997-2010",524,634,0,0,3,0,NA,0,1,0,1,0
"1133",1587,"CN_1995_50",2118,1,NA,"1995-07-15","1995-08-02",NA,NA,1,0,0,19,71,"CN",1995,0,0,"1995-07-24",1995,"1997-2010",171,877,0,0,4,0,NA,0,1,0,1,0
"1134",1588,"CN_1995_40",2110,1,NA,"1995-06-17","1995-07-09",NA,NA,1,1,0,19,56,"CN",1995,0,0,"1995-06-28",1995,"1997-2010",207,65,0,0,2,0,NA,0,1,0,1,0
"1135",1590,"CN_1995_45",2114,1,NA,"1995-07-10","1995-07-30",NA,NA,1,1,0,19,62,"CN",1995,0,0,"1995-07-20",1995,"1997-2010",469,606,0,1,3,0,NA,0,1,0,1,0
"1136",1591,"CN_1995_60",2127,1,NA,"1995-07-06","1995-07-12","1995-08-04","1995-08-15",1,1,1,19,89,"CN",1995,1,1,"1995-07-09",1995,"1997-2010",168,831,1,1,3,0,NA,1,1,1,1,1
"1137",1593,"CN_1995_7",2084,1,NA,"1995-07-02","1995-07-09",NA,NA,1,1,0,19,12,"CN",1995,0,0,"1995-07-05",1995,"1997-2010",443,200,0,0,3,0,NA,0,1,0,1,0
"1138",1594,"CN_1995_71",2133,1,NA,"1995-06-29","1995-06-29","1995-07-30","1995-08-05",1,1,1,19,103,"CN",1995,1,1,"1995-06-29",1995,"1997-2010",64,178,0,1,3,0,NA,1,1,1,1,1
"1139",1595,"CN_1995_84.1",2147,1,NA,"1995-06-17","1995-07-09",NA,NA,1,1,0,19,124,"CN",1995,0,0,"1995-06-28",1995,"1997-2010",872,873,0,0,2,0,NA,0,1,0,1,0
"1140",1596,"CN_1995_90",2153,1,NA,"1995-06-21","1995-06-26",NA,NA,1,1,0,19,132,"CN",1995,0,0,"1995-06-23",1995,"1997-2010",2694,851,0,0,1,0,NA,0,1,0,1,0
"1141",1597,"CN_1995_47",2116,1,NA,"1995-06-22","1995-06-22",NA,NA,1,0,0,19,67,"CN",1995,0,0,"1995-06-22",1995,"1997-2010",561,467,0,0,3,0,NA,0,1,0,1,0
"1142",1600,"CN_1996_8",2204,1,NA,"1996-06-14","1996-06-27",NA,NA,1,1,0,21,13,"CN",1996,0,0,"1996-06-20",1996,"1997-2010",823,562,0,1,1,0,NA,0,1,0,1,0
"1143",1601,"CN_1996_78",2266,1,NA,"1996-05-23","1996-06-08","1996-07-01","1996-07-12",1,1,1,21,112,"CN",1996,1,1,"1996-05-31",1996,"1997-2010",217,836,0,1,3,0,NA,1,1,1,1,1
"1144",1602,"CN_1996_108",2293,1,NA,"1996-06-20","1996-06-24","1996-07-11","1996-07-31",1,1,1,21,165,"CN",1996,1,1,"1996-06-22",1996,"1997-2010",1043,559,0,0,1,0,NA,1,1,1,1,1
"1145",1603,"CN_1996_114",2299,1,NA,"1996-06-25","1996-06-25",NA,NA,1,1,0,21,171,"CN",1996,0,0,"1996-06-25",1996,"1997-2010",524,634,0,1,2,0,NA,0,1,0,1,0
"1146",1605,"CN_2009_2_1",4063,1,1,"2009-01-05","2009-01-13","2009-02-11","2009-02-14",1,1,1,90,3,"CN",2009,1,1,"2009-01-09",2009,"1997-2010",1763,4829,1,1,1,0,NA,1,1,1,1,1
"1147",1606,"CN_2009_3_1",4064,1,1,"2009-01-15","2009-01-16","2009-02-20","2009-02-25",1,1,0,90,4,"CN",2009,0,0,"2009-01-15",2009,"1997-2010",1532,911,0,0,1,0,NA,0,1,0,1,0
"1148",1607,"CN_2009_3.1_1",4065,1,NA,"2009-01-06","2009-01-23",NA,NA,1,0,0,90,5,"CN",2009,0,0,"2009-01-14",2009,"1997-2010",1740,1187,0,0,2,0,NA,0,1,0,1,0
"1149",1611,"CN_2009_4_3",4066,3,1,"2009-01-14","2009-01-23","2009-02-22","2009-02-26",1,1,1,90,7,"CN",2009,1,1,"2009-01-18",2009,"1997-2010",1791,1509,1,0,0,0,NA,1,1,1,1,1
"1150",1613,"CN_2009_6_1",4068,1,NA,"2009-01-07","2009-01-16",NA,NA,1,0,0,90,9,"CN",2009,0,0,"2009-01-11",2009,"1997-2010",1826,1499,0,0,0,0,NA,0,1,0,1,0
"1151",1616,"CN_2009_17_1",4078,1,1,"2009-02-01","2009-02-01",NA,NA,1,0,0,90,23,"CN",2009,0,0,"2009-02-01",2009,"1997-2010",1559,1702,0,0,0,0,NA,0,1,0,1,0
"1152",1618,"CN_2009_19_1",4080,1,1,"2008-12-31","2009-01-12","2009-02-03","2009-02-15",1,1,1,90,25,"CN",2009,1,1,"2009-01-06",2009,"1997-2010",3449,4897,1,0,0,0,NA,1,1,1,1,1
"1153",1621,"CN_2009_26.5_1",4088,1,1,NA,"2009-01-18",NA,"2009-02-21",1,1,1,90,36,"CN",2009,1,1,"2009-01-18",2009,"1997-2010",1824,4967,1,0,0,0,NA,1,1,1,1,1
"1154",1624,"CN_2009_29_1",4090,1,1,NA,"2009-01-07",NA,NA,1,1,0,90,40,"CN",2009,0,0,"2009-01-07",2009,"1997-2010",3462,3093,0,0,1,0,NA,0,1,0,1,0
"1155",1625,"CN_2009_30.1_1",4091,1,1,"2009-01-02","2009-01-07","2009-02-05","2009-02-16",1,1,1,90,42,"CN",2009,1,1,"2009-01-04",2009,"1997-2010",4969,1543,1,0,0,0,NA,1,1,1,1,1
"1156",1626,"CN_2009_32.5_1",4094,1,1,"2008-12-24","2009-01-11",NA,NA,1,0,0,90,46,"CN",2009,0,0,"2009-01-02",2009,"1997-2010",1384,1868,0,1,0,0,NA,0,1,0,1,0
"1157",1628,"CN_2009_33.1_1",4096,1,1,"2009-01-22","2009-01-23","2009-02-25","2009-02-26",1,1,1,90,48,"CN",2009,1,1,"2009-01-22",2009,"1997-2010",4896,2990,1,0,2,0,NA,1,1,1,1,1
"1158",1632,"CN_2009_41_1",4102,1,1,NA,"2009-01-23",NA,"2009-02-26",1,1,1,90,57,"CN",2009,1,1,"2009-01-23",2009,"1997-2010",2959,3515,1,0,0,0,NA,1,1,1,1,1
"1159",1633,"CN_2009_41.1_1",4103,1,1,"2009-01-23","2009-01-28","2009-02-26","2009-03-03",1,1,1,90,58,"CN",2009,1,1,"2009-01-25",2009,"1997-2010",1757,1523,1,0,0,1,0,1,1,1,1,1
"1160",1635,"CN_2009_44_1",4106,1,NA,"2009-01-11","2009-01-16",NA,NA,1,0,0,90,61,"CN",2009,0,0,"2009-01-13",2009,"1997-2010",1827,4934,0,0,0,0,NA,0,1,0,1,0
"1161",1637,"CN_2009_46_1",4108,1,NA,"2008-12-30","2009-01-16","2009-02-02","2009-02-02",1,1,1,90,63,"CN",2009,1,1,"2009-01-07",2009,"1997-2010",1042,1577,1,1,0,0,NA,1,1,1,1,1
"1162",1639,"CN_2009_47.1_1",4111,1,NA,"2009-01-24","2009-02-11",NA,NA,1,0,0,90,68,"CN",2009,0,0,"2009-02-02",2009,"1997-2010",4971,1897,0,0,2,0,NA,0,1,0,1,0
"1163",1643,"CN_2009_52_1",4118,1,1,"2009-01-09","2009-01-13",NA,NA,1,1,0,90,76,"CN",2009,0,0,"2009-01-11",2009,"1997-2010",1852,4888,0,0,1,0,NA,0,1,0,1,0
"1164",1646,"CN_2009_57.1_1",4125,1,1,NA,"2009-01-11",NA,"2009-02-14",1,1,1,90,85,"CN",2009,1,1,"2009-01-11",2009,"1997-2010",1491,5008,1,0,0,0,NA,1,1,1,1,1
"1165",1651,"CN_2009_62_1",4130,1,1,NA,"2009-01-21",NA,"2009-02-24",1,1,1,90,92,"CN",2009,1,1,"2009-01-21",2009,"1997-2010",1717,4954,1,0,0,0,NA,1,1,1,1,1
"1166",1654,"CN_2009_65_1",4133,1,NA,NA,"2009-01-06",NA,"2009-02-09",1,1,1,90,96,"CN",2009,1,1,"2009-01-06",2009,"1997-2010",4935,4948,1,1,0,0,NA,1,1,1,1,1
"1167",1655,"CN_2009_66_1",4134,1,1,"2009-01-01","2009-01-14",NA,NA,1,0,0,90,98,"CN",2009,0,0,"2009-01-07",2009,"1997-2010",1438,1708,0,0,0,0,NA,0,1,0,1,0
"1168",1656,"CN_2009_67_1",4135,1,1,"2009-01-05","2009-01-13",NA,NA,1,0,0,90,99,"CN",2009,0,0,"2009-01-09",2009,"1997-2010",3604,1533,0,0,0,0,NA,0,1,0,1,0
"1169",1657,"CN_2009_68_1",4136,1,1,"2009-01-07","2009-01-25",NA,NA,1,1,1,90,100,"CN",2009,1,1,"2009-01-16",2009,"1997-2010",3606,1394,1,0,1,0,NA,1,1,1,1,1
"1170",1658,"CN_2009_69_1",4137,1,1,NA,"2009-01-14",NA,NA,1,1,1,90,101,"CN",2009,1,1,"2009-01-14",2009,"1997-2010",3518,3454,1,0,0,0,NA,1,1,1,1,1
"1171",1659,"CN_2009_77_1",4141,1,1,NA,"2009-01-11",NA,"2009-02-14",1,1,1,90,110,"CN",2009,1,1,"2009-01-11",2009,"1997-2010",3645,5215,2,0,1,0,NA,1,1,1,1,1
"1172",1660,"CN_2009_81_1",4144,1,1,"2008-12-27","2009-01-10",NA,NA,1,0,0,90,116,"CN",2009,0,0,"2009-01-03",2009,"1997-2010",1685,3486,0,0,1,0,NA,0,1,0,1,0
"1173",1663,"CN_2009_86_1",4149,1,1,"2009-02-07","2009-02-12",NA,NA,1,0,0,90,126,"CN",2009,0,0,"2009-02-09",2009,"1997-2010",1563,3617,0,1,4,0,NA,0,1,0,1,0
"1174",1664,"CN_2009_87_1",4150,1,1,"2009-01-08","2009-01-15","2009-02-16","2009-02-22",1,1,1,90,127,"CN",2009,1,1,"2009-01-11",2009,"1997-2010",4965,1616,2,0,0,0,NA,1,1,1,1,1
"1175",1665,"CN_2009_87.1_1",4151,1,1,"2009-01-23","2009-01-23","2009-02-26","2009-02-26",1,1,1,90,128,"CN",2009,1,1,"2009-01-23",2009,"1997-2010",3700,4933,1,0,0,0,NA,1,1,1,1,1
"1176",1667,"CN_2009_92.1_1",4154,1,1,NA,"2009-01-02",NA,"2009-02-05",1,1,1,90,135,"CN",2009,1,1,"2009-01-02",2009,"1997-2010",3002,1581,2,0,0,0,NA,1,1,1,1,1
"1177",1668,"CN_2009_93_1",4155,1,1,NA,"2009-01-10",NA,"2009-02-13",1,1,1,90,137,"CN",2009,1,1,"2009-01-10",2009,"1997-2010",3574,4866,1,0,1,0,NA,1,1,1,1,1
"1178",1669,"CN_2009_94_1",4156,1,1,NA,"2009-01-14",NA,"2009-02-05",1,1,1,90,138,"CN",2009,1,1,"2009-01-14",2009,"1997-2010",3451,1801,1,0,1,0,NA,1,1,1,1,1
"1179",1671,"CN_2009_121_1",4172,1,1,NA,"2009-01-10",NA,"2009-02-13",2,2,2,90,178,"CN",2009,1,1,"2009-01-10",2009,"1997-2010",1798,2974,2,0,0,0,NA,2,2,1,1,1
"1180",1671,"CN_2009_121_1",4172,1,1,NA,"2009-01-10",NA,"2009-02-13",2,2,2,90,178,"CN",2009,1,1,"2009-01-10",2009,"1997-2010",1798,2974,2,0,0,0,NA,2,2,1,2,1
"1181",1672,"CN_2009_124_1",4175,1,1,"2009-01-07","2009-01-23","2009-02-10","2009-02-26",1,1,1,90,403,"CN",2009,1,1,"2009-01-15",2009,"1997-2010",4942,3576,1,0,1,0,NA,1,1,1,1,1
"1182",1673,"CN_2009_129_1",4179,1,1,"2009-01-12","2009-01-25",NA,NA,1,0,0,90,480,"CN",2009,0,0,"2009-01-18",2009,"1997-2010",4871,4860,0,0,0,0,NA,0,1,0,1,0
"1183",1675,"CN_2009_131_2",4181,2,1,"2009-02-07","2009-02-15",NA,NA,1,0,0,90,477,"CN",2009,0,0,"2009-02-11",2009,"1997-2010",1707,1710,0,1,0,0,NA,0,1,0,1,0
"1184",1682,"CN_2007_2_1",4190,1,NA,"2007-08-03","2007-08-07","2007-09-09","2007-09-09",1,1,1,82,3,"CN",2007,1,1,"2007-08-05",2007,"1997-2010",1763,2980,1,1,2,0,NA,1,1,1,1,1
"1185",1683,"CN_2007_3_1",4191,1,NA,"2007-08-10","2007-08-11","2007-09-14","2007-09-15",1,1,1,82,4,"CN",2007,1,1,"2007-08-10",2007,"1997-2010",1532,911,2,0,3,1,0,1,1,1,1,1
"1186",1684,"CN_2007_3.1_1",4192,1,NA,"2007-07-24","2007-07-29",NA,NA,1,1,0,82,5,"CN",2007,0,0,"2007-07-26",2007,"1997-2010",1740,1187,0,0,0,0,NA,0,1,0,1,0
"1187",1685,"CN_2007_3.1_2",4192,2,NA,"2007-08-13","2007-08-31",NA,NA,1,0,0,82,5,"CN",2007,0,0,"2007-08-22",2007,"1997-2010",1740,1187,0,0,0,0,NA,0,1,0,1,0
"1188",1688,"CN_2007_6_1",4195,1,NA,"2007-08-01","2007-08-02","2007-09-04","2007-09-06",1,1,1,82,9,"CN",2007,1,1,"2007-08-01",2007,"1997-2010",1826,1499,1,0,2,1,1,1,1,1,1,1
"1189",1690,"CN_2007_6.5_2",4196,2,NA,"2007-07-31","2007-08-07",NA,NA,1,0,0,82,11,"CN",2007,0,0,"2007-08-03",2007,"1997-2010",1614,1767,0,0,1,0,NA,0,1,0,1,0
"1190",1692,"CN_2007_8_2",4198,2,NA,"2007-08-04","2007-08-08",NA,NA,1,0,0,82,13,"CN",2007,0,0,"2007-08-06",2007,"1997-2010",1778,1607,0,0,3,0,NA,0,1,0,1,0
"1191",1694,"CN_2007_9_2",4199,2,NA,"2007-08-22","2007-08-26",NA,NA,1,1,0,82,14,"CN",2007,0,0,"2007-08-24",2007,"1997-2010",3500,2988,1,0,1,0,NA,0,1,0,1,0
"1192",1695,"CN_2007_10_1",4200,1,NA,"2007-08-10","2007-08-11","2007-09-09","2007-09-10",1,1,1,82,15,"CN",2007,1,1,"2007-08-10",2007,"1997-2010",1589,1762,1,1,1,0,NA,1,1,1,1,1
"1193",1697,"CN_2007_11_2",4201,2,NA,"2007-08-25","2007-08-29",NA,NA,1,1,0,82,16,"CN",2007,0,0,"2007-08-27",2007,"1997-2010",1753,3612,1,0,1,0,NA,0,1,0,1,0
"1194",1700,"CN_2007_16_1",4203,1,NA,"2007-07-29","2007-08-01","2007-08-24","2007-09-09",1,1,1,82,22,"CN",2007,1,1,"2007-07-30",2007,"1997-2010",1419,1795,1,1,2,0,NA,1,1,1,1,1
"1195",1703,"CN_2007_18_1",4205,1,NA,"2007-08-06","2007-08-06",NA,NA,1,0,0,82,24,"CN",2007,0,0,"2007-08-06",2007,"1997-2010",1510,2966,0,0,1,0,NA,0,1,0,1,0
"1196",1705,"CN_2007_19_2",4206,2,NA,"2007-08-09","2007-08-12","2007-09-12","2007-09-16",1,1,1,82,25,"CN",2007,1,1,"2007-08-10",2007,"1997-2010",3449,2962,1,0,2,1,0,1,1,1,1,1
"1197",1706,"CN_2007_20_1",4207,1,NA,"2007-08-10","2007-08-12","2007-09-13","2007-09-16",1,1,1,82,26,"CN",2007,1,1,"2007-08-11",2007,"1997-2010",3446,1848,1,0,1,1,1,1,1,1,1,1
"1198",1707,"CN_2007_22_1",4209,1,NA,"2007-08-04","2007-08-08",NA,NA,1,1,0,82,28,"CN",2007,0,0,"2007-08-06",2007,"1997-2010",1501,3618,0,1,3,0,NA,0,1,0,1,0
"1199",1708,"CN_2007_22_2",4209,2,NA,"2007-08-21","2007-09-08",NA,NA,1,0,0,82,28,"CN",2007,0,0,"2007-08-30",2007,"1997-2010",1501,3618,0,1,3,0,NA,0,1,0,1,0
"1200",1709,"CN_2007_23_1",4210,1,NA,"2007-08-06","2007-08-11",NA,NA,1,0,0,82,30,"CN",2007,0,0,"2007-08-08",2007,"1997-2010",1503,507,0,0,1,0,NA,0,1,0,1,0
"1201",1710,"CN_2007_24_1",4211,1,NA,"2007-08-11","2007-08-15",NA,NA,1,1,1,82,32,"CN",2007,1,1,"2007-08-13",2007,"1997-2010",3497,1611,1,0,0,1,1,1,1,1,1,1
"1202",1712,"CN_2007_26_1",4213,1,NA,"2007-08-02","2007-08-10",NA,NA,1,1,0,82,34,"CN",2007,0,0,"2007-08-06",2007,"1997-2010",1864,1542,0,0,0,0,NA,0,1,0,1,0
"1203",1713,"CN_2007_26.5_1",4214,1,NA,"2007-08-04","2007-08-05",NA,NA,1,1,0,82,36,"CN",2007,0,0,"2007-08-04",2007,"1997-2010",1536,1787,1,0,1,0,NA,0,1,0,1,0
"1204",1715,"CN_2007_28.1_1",4216,1,NA,"2007-08-11","2007-08-13","2007-09-14","2007-09-16",1,1,1,82,39,"CN",2007,1,1,"2007-08-12",2007,"1997-2010",1415,1743,1,0,4,0,NA,1,1,1,1,1
"1205",1717,"CN_2007_30.1_1",4218,1,NA,"2007-08-09","2007-08-11",NA,NA,1,1,0,82,42,"CN",2007,0,0,"2007-08-10",2007,"1997-2010",3487,1543,1,0,1,0,NA,0,1,0,1,0
"1206",1718,"CN_2007_30.2_1",4219,1,NA,"2007-08-06","2007-08-08","2007-09-09","2007-09-15",1,1,1,82,43,"CN",2007,1,1,"2007-08-07",2007,"1997-2010",1854,1029,1,1,1,1,1,1,1,1,1,1
"1207",1719,"CN_2007_32_1",4220,1,NA,"2007-07-31","2007-08-04","2007-09-03","2007-09-09",2,2,2,82,45,"CN",2007,1,1,"2007-08-02",2007,"1997-2010",2981,3464,2,0,0,0,NA,2,2,1,1,1
"1208",1719,"CN_2007_32_1",4220,1,NA,"2007-07-31","2007-08-04","2007-09-03","2007-09-09",2,2,2,82,45,"CN",2007,1,1,"2007-08-02",2007,"1997-2010",2981,3464,2,0,0,0,NA,2,2,1,2,1
"1209",1720,"CN_2007_32.5_1",4221,1,NA,"2007-08-02","2007-08-15",NA,NA,1,1,0,82,46,"CN",2007,0,0,"2007-08-08",2007,"1997-2010",1384,1868,1,0,1,0,NA,0,1,0,1,0
"1210",1721,"CN_2007_33_1",4222,1,NA,"2007-08-03","2007-08-06","2007-09-09","2007-09-09",2,2,1,82,47,"CN",2007,0.5,0.5,"2007-08-04",2007,"1997-2010",1765,1752,4,1,1,2,2,2,2,1,1,1
"1211",1721,"CN_2007_33_1",4222,1,NA,"2007-08-03","2007-08-06","2007-09-09","2007-09-09",2,2,1,82,47,"CN",2007,0.5,0.5,"2007-08-04",2007,"1997-2010",1765,1752,4,1,1,2,2,2,2,1,2,1
"1212",1722,"CN_2007_33.1_1",4223,1,NA,"2007-08-01","2007-08-05","2007-09-05","2007-09-08",2,2,1,82,48,"CN",2007,0.5,0.5,"2007-08-03",2007,"1997-2010",1193,2990,1,0,1,1,1,1,2,0.5,1,1
"1213",1722,"CN_2007_33.1_1",4223,1,NA,"2007-08-01","2007-08-05","2007-09-05","2007-09-08",2,2,1,82,48,"CN",2007,0.5,0.5,"2007-08-03",2007,"1997-2010",1193,2990,1,0,1,1,1,1,2,0.5,2,0
"1214",1723,"CN_2007_34.5_1",4224,1,NA,"2007-08-01","2007-08-13","2007-09-11","2007-09-15",1,1,1,82,50,"CN",2007,1,1,"2007-08-07",2007,"1997-2010",3608,1553,1,0,0,1,1,1,1,1,1,1
"1215",1725,"CN_2007_35_1",4225,1,NA,"2007-08-13","2007-08-19",NA,NA,1,1,NA,82,51,"CN",2007,NA,NA,"2007-08-16",2007,"1997-2010",1361,1698,1,1,1,0,NA,0,1,0,1,0
"1216",1726,"CN_2007_37_1",4226,1,NA,"2007-08-02","2007-08-05","2007-09-05","2007-09-10",1,1,1,82,53,"CN",2007,1,1,"2007-08-03",2007,"1997-2010",3094,1739,1,0,1,0,NA,1,1,1,1,1
"1217",1727,"CN_2007_38_1",4227,1,NA,"2007-07-30","2007-08-03",NA,NA,1,1,0,82,54,"CN",2007,0,0,"2007-08-01",2007,"1997-2010",1821,1504,0,0,2,0,NA,0,1,0,1,0
"1218",1729,"CN_2007_41_1",4229,1,NA,"2007-08-08","2007-08-20",NA,NA,1,1,0,82,57,"CN",2007,0,0,"2007-08-14",2007,"1997-2010",2959,1831,1,0,1,0,NA,0,1,0,1,0
"1219",1730,"CN_2007_41.1_1",4230,1,NA,"2007-08-08","2007-08-17",NA,NA,1,1,1,82,58,"CN",2007,1,1,"2007-08-12",2007,"1997-2010",1757,1523,1,0,1,1,1,1,1,1,1,1
"1220",1731,"CN_2007_42_1",4231,1,NA,"2007-08-07","2007-08-10",NA,NA,1,1,0,82,59,"CN",2007,0,0,"2007-08-08",2007,"1997-2010",3022,3696,1,0,0,0,NA,0,1,0,1,0
"1221",1732,"CN_2007_43_1",4232,1,NA,"2007-08-10","2007-08-10",NA,NA,1,1,0,82,60,"CN",2007,0,0,"2007-08-10",2007,"1997-2010",3453,1744,1,0,3,0,NA,0,1,0,1,0
"1222",1733,"CN_2007_44_1",4233,1,NA,"2007-08-04","2007-08-07",NA,NA,1,0,0,82,61,"CN",2007,0,0,"2007-08-05",2007,"1997-2010",1827,1783,0,0,3,0,NA,0,1,0,1,0
"1223",1734,"CN_2007_45_1",4234,1,NA,"2007-08-02","2007-08-11",NA,NA,1,1,0,82,62,"CN",2007,0,0,"2007-08-06",2007,"1997-2010",1538,1539,0,0,0,0,NA,0,1,0,1,0
"1224",1735,"CN_2007_46.5_1",4236,1,NA,"2007-08-06","2007-08-15",NA,NA,1,0,0,82,66,"CN",2007,0,0,"2007-08-10",2007,"1997-2010",1558,3021,0,0,0,0,NA,0,1,0,1,0
"1225",1739,"CN_2007_47.1_2",4238,2,NA,"2007-08-27","2007-09-14",NA,NA,1,0,0,82,68,"CN",2007,0,0,"2007-09-05",2007,"1997-2010",1669,1897,1,0,1,0,NA,0,1,0,1,0
"1226",1741,"CN_2007_48_2",4239,2,NA,"2007-07-25","2007-08-12",NA,NA,1,1,0,82,69,"CN",2007,0,0,"2007-08-03",2007,"1997-2010",869,453,0,0,0,0,NA,0,1,0,1,0
"1227",1748,"CN_2007_51.2_3",4245,3,NA,"2007-08-27","2007-08-28",NA,NA,1,0,0,82,75,"CN",2007,0,0,"2007-08-27",2007,"1997-2010",2989,2964,0,1,1,0,NA,0,1,0,1,0
"1228",1750,"CN_2007_52_2",4246,2,NA,"2007-07-30","2007-08-05",NA,NA,1,1,0,82,76,"CN",2007,0,0,"2007-08-02",2007,"1997-2010",1852,4881,0,0,0,0,NA,0,1,0,1,0
"1229",1751,"CN_2007_52.1_1",4247,1,NA,"2007-08-05","2007-08-05","2007-09-06","2007-09-10",1,1,1,82,77,"CN",2007,1,1,"2007-08-05",2007,"1997-2010",1707,1710,1,0,1,2,2,2,2,1,1,1
"1230",1751,"CN_2007_52.1_1",4247,1,NA,"2007-08-05","2007-08-05","2007-09-06","2007-09-10",1,1,1,82,77,"CN",2007,1,1,"2007-08-05",2007,"1997-2010",1707,1710,1,0,1,2,2,2,2,1,2,1
"1231",1754,"CN_2007_53.1_1",4249,1,NA,"2007-08-04","2007-08-15",NA,NA,1,1,0,82,80,"CN",2007,0,0,"2007-08-09",2007,"1997-2010",2983,1566,0,0,1,0,NA,0,1,0,1,0
"1232",1756,"CN_2007_54_1",4250,1,NA,"2007-08-03","2007-08-08",NA,NA,1,0,0,82,81,"CN",2007,0,0,"2007-08-05",2007,"1997-2010",1895,1754,0,0,0,0,NA,0,1,0,1,0
"1233",1757,"CN_2007_54_2",4250,2,NA,"2007-08-21","2007-08-21",NA,NA,1,0,0,82,81,"CN",2007,0,0,"2007-08-21",2007,"1997-2010",1895,1754,0,0,0,0,NA,0,1,0,1,0
"1234",1758,"CN_2007_56_1",4252,1,NA,"2007-07-26","2007-08-13",NA,NA,1,1,1,82,83,"CN",2007,1,1,"2007-08-04",2007,"1997-2010",3567,1604,1,0,0,1,1,1,1,1,1,1
"1235",1759,"CN_2007_57.1_1",4253,1,NA,"2007-08-14","2007-08-17",NA,NA,1,1,1,82,85,"CN",2007,1,1,"2007-08-15",2007,"1997-2010",1491,1823,0,0,1,1,0,1,1,1,1,1
"1236",1760,"CN_2007_58_1",4254,1,NA,"2007-08-04","2007-08-08","2007-09-06","2007-09-11",2,2,1,82,86,"CN",2007,0.5,0.5,"2007-08-06",2007,"1997-2010",2978,3089,1,1,5,2,2,2,2,1,1,1
"1237",1760,"CN_2007_58_1",4254,1,NA,"2007-08-04","2007-08-08","2007-09-06","2007-09-11",2,2,1,82,86,"CN",2007,0.5,0.5,"2007-08-06",2007,"1997-2010",2978,3089,1,1,5,2,2,2,2,1,2,1
"1238",1762,"CN_2007_62_1",4258,1,NA,"2007-08-08","2007-08-13",NA,NA,1,0,0,82,92,"CN",2007,0,0,"2007-08-10",2007,"1997-2010",1717,3570,0,0,0,0,NA,0,1,0,1,0
"1239",1763,"CN_2007_64_1",4261,1,NA,NA,"2007-08-07",NA,NA,1,1,0,82,95,"CN",2007,0,0,"2007-08-07",2007,"1997-2010",1170,4872,0,0,1,1,1,1,1,1,1,1
"1240",1764,"CN_2007_64_2",4261,2,NA,"2007-08-16","2007-08-17",NA,NA,1,1,0,82,95,"CN",2007,0,0,"2007-08-16",2007,"1997-2010",1170,4872,0,0,1,0,NA,0,1,0,1,0
"1241",1765,"CN_2007_66_1",4263,1,NA,"2007-08-10","2007-08-12",NA,NA,2,2,0,82,98,"CN",2007,0,0,"2007-08-11",2007,"1997-2010",1438,1708,0,0,0,0,NA,0,2,0,1,0
"1242",1765,"CN_2007_66_1",4263,1,NA,"2007-08-10","2007-08-12",NA,NA,2,2,0,82,98,"CN",2007,0,0,"2007-08-11",2007,"1997-2010",1438,1708,0,0,0,0,NA,0,2,0,2,0
"1243",1771,"CN_2007_73_1",4267,1,NA,"2007-08-02","2007-08-06","2007-09-03","2007-09-10",1,1,1,82,105,"CN",2007,1,1,"2007-08-04",2007,"1997-2010",3090,3458,1,0,0,1,1,1,1,1,1,1
"1244",1772,"CN_2007_75_1",4268,1,NA,"2007-08-28","2007-08-30",NA,NA,1,0,0,82,108,"CN",2007,0,0,"2007-08-29",2007,"1997-2010",1851,1199,0,0,0,0,NA,0,1,0,1,0
"1245",1773,"CN_2007_76_1",4269,1,NA,"2007-07-28","2007-07-30","2007-08-27","2007-08-27",1,1,1,82,109,"CN",2007,1,1,"2007-07-29",2007,"1997-2010",1580,3643,1,0,0,1,1,1,1,1,1,1
"1246",1774,"CN_2007_77_1",4270,1,NA,"2007-08-04","2007-08-13",NA,NA,1,0,0,82,110,"CN",2007,0,0,"2007-08-08",2007,"1997-2010",1865,1018,1,1,1,0,NA,0,1,0,1,0
"1247",1780,"CN_2007_81_1",4274,1,NA,"2007-08-11","2007-08-12",NA,NA,1,0,0,82,116,"CN",2007,0,0,"2007-08-11",2007,"1997-2010",1685,3486,0,0,1,0,NA,0,1,0,1,0
"1248",1781,"CN_2007_82.1_1",4275,1,NA,"2007-07-28","2007-07-29","2007-08-31","2007-09-01",1,1,1,82,118,"CN",2007,1,1,"2007-07-28",2007,"1997-2010",3698,1489,1,0,1,1,1,1,1,1,1,1
"1249",1787,"CN_2007_86_2",4279,2,NA,"2007-08-19","2007-08-19",NA,NA,1,1,0,82,126,"CN",2007,0,0,"2007-08-19",2007,"1997-2010",1563,510,1,1,1,0,NA,0,1,0,1,0
"1250",1790,"CN_2007_87_2",4280,2,NA,"2007-08-09","2007-08-27",NA,NA,1,0,0,82,127,"CN",2007,0,0,"2007-08-18",2007,"1997-2010",1024,1616,0,0,0,0,NA,0,1,0,1,0
"1251",1791,"CN_2007_87.1_1",4281,1,NA,"2007-08-19","2007-08-28",NA,NA,1,1,0,82,128,"CN",2007,0,0,"2007-08-23",2007,"1997-2010",3700,1867,1,0,0,0,NA,0,1,0,1,0
"1252",1793,"CN_2007_88_1",4282,1,NA,"2007-07-25","2007-08-02",NA,NA,1,0,0,82,129,"CN",2007,0,0,"2007-07-29",2007,"1997-2010",1678,1412,1,0,1,0,NA,0,1,0,1,0
"1253",1794,"CN_2007_92_1",4283,1,NA,"2007-08-07","2007-08-09",NA,NA,1,1,0,82,134,"CN",2007,0,0,"2007-08-08",2007,"1997-2010",4868,1886,0,0,2,0,NA,0,1,0,1,0
"1254",1795,"CN_2007_92.1_1",4284,1,NA,"2007-07-19","2007-07-31","2007-08-22","2007-08-22",1,1,1,82,135,"CN",2007,1,1,"2007-07-25",2007,"1997-2010",3002,1581,1,1,0,1,1,1,1,1,1,1
"1255",1799,"CN_2007_94.1_2",4287,2,NA,"2007-08-13","2007-08-15","2007-09-16","2007-09-21",1,1,1,82,139,"CN",2007,1,1,"2007-08-14",2007,"1997-2010",1172,1171,1,0,1,1,0,1,1,1,1,1
"1256",1800,"CN_2007_94.2_1",4288,1,NA,"2007-08-13","2007-08-19",NA,NA,1,0,0,82,140,"CN",2007,0,0,"2007-08-16",2007,"1997-2010",1617,1494,0,0,0,0,NA,0,1,0,1,0
"1257",1801,"CN_2007_96_1",4289,1,NA,"2007-08-11","2007-08-17",NA,NA,2,2,0,82,144,"CN",2007,0,0,"2007-08-14",2007,"1997-2010",3507,1587,2,0,1,1,0,0,2,0,1,0
"1258",1801,"CN_2007_96_1",4289,1,NA,"2007-08-11","2007-08-17",NA,NA,2,2,0,82,144,"CN",2007,0,0,"2007-08-14",2007,"1997-2010",3507,1587,2,0,1,1,0,0,2,0,2,0
"1259",1802,"CN_2007_101_1",4290,1,NA,"2007-08-05","2007-08-07","2007-09-08","2007-09-13",2,2,1,82,154,"CN",2007,0.5,0.5,"2007-08-06",2007,"1997-2010",1789,1869,2,0,0,2,2,2,2,1,1,1
"1260",1802,"CN_2007_101_1",4290,1,NA,"2007-08-05","2007-08-07","2007-09-08","2007-09-13",2,2,1,82,154,"CN",2007,0.5,0.5,"2007-08-06",2007,"1997-2010",1789,1869,2,0,0,2,2,2,2,1,2,1
"1261",1803,"CN_2007_104_1",4293,1,NA,"2007-08-28","2007-08-29",NA,NA,1,0,0,82,160,"CN",2007,0,0,"2007-08-28",2007,"1997-2010",563,1890,0,0,0,0,NA,0,1,0,1,0
"1262",1804,"CN_2007_108_1",4294,1,NA,"2007-07-23","2007-07-27","2007-08-29","2007-09-02",1,1,1,82,165,"CN",2007,1,1,"2007-07-25",2007,"1997-2010",1043,1682,1,1,0,0,NA,1,1,1,1,1
"1263",1805,"CN_2007_111_1",4296,1,NA,"2007-07-30","2007-08-12",NA,NA,1,0,0,82,168,"CN",2007,0,0,"2007-08-05",2007,"1997-2010",3517,1593,0,0,2,0,NA,0,1,0,1,0
"1264",1806,"CN_2007_112_1",4297,1,NA,"2007-08-03","2007-08-07",NA,NA,1,0,0,82,169,"CN",2007,0,0,"2007-08-05",2007,"1997-2010",3699,1808,0,0,2,0,NA,0,1,0,1,0
"1265",1808,"CN_2007_114_2",4298,2,NA,"2007-08-14","2007-08-24",NA,NA,1,1,0,82,171,"CN",2007,0,0,"2007-08-19",2007,"1997-2010",1872,1777,1,0,1,0,NA,0,1,0,1,0
"1266",1809,"CN_2007_116_1",4299,1,NA,"2007-08-09","2007-08-13",NA,NA,1,1,1,82,173,"CN",2007,1,1,"2007-08-11",2007,"1997-2010",1716,2976,1,0,2,0,NA,1,1,1,1,1
"1267",1813,"CN_2007_121_2",4302,2,NA,"2007-07-24","2007-08-11",NA,NA,1,0,0,82,178,"CN",2007,0,0,"2007-08-02",2007,"1997-2010",1798,2974,0,0,0,0,NA,0,1,0,1,0
"1268",1817,"CN_2007_126_1",4306,1,NA,"2007-08-02","2007-08-06","2007-09-04","2007-09-04",1,1,1,82,407,"CN",2007,1,1,"2007-08-04",2007,"1997-2010",3569,4873,1,1,0,0,NA,1,1,1,1,1
"1269",1819,"CN_2007_127_1",4307,1,NA,"2007-08-16","2007-08-23",NA,NA,1,1,0,82,478,"CN",2007,0,0,"2007-08-19",2007,"1997-2010",3590,4854,0,0,1,0,NA,0,1,0,1,0
"1270",1820,"CN_2008_3_1",4315,1,NA,"2008-01-20","2008-02-04",NA,NA,1,0,0,85,4,"CN",2008,0,0,"2008-01-27",2008,"1997-2010",1532,911,0,0,4,0,NA,0,1,0,1,0
"1271",1823,"CN_2008_5_1",4319,1,NA,"2008-01-15","2008-01-22",NA,NA,1,0,0,85,8,"CN",2008,0,0,"2008-01-18",2008,"1997-2010",1605,4939,0,0,2,0,NA,0,1,0,1,0
"1272",1825,"CN_2008_22_1",4334,1,NA,"2008-01-15","2008-01-19",NA,NA,1,0,0,85,28,"CN",2008,0,0,"2008-01-17",2008,"1997-2010",1501,3618,0,0,3,0,NA,0,1,0,1,0
"1273",1833,"CN_2008_58_1",4378,1,1,"2008-01-17","2008-02-02",NA,NA,2,2,0,85,86,"CN",2008,0,0,"2008-01-25",2008,"1997-2010",2978,3089,0,0,2,0,NA,0,2,0,1,0
"1274",1833,"CN_2008_58_1",4378,1,1,"2008-01-17","2008-02-02",NA,NA,2,2,0,85,86,"CN",2008,0,0,"2008-01-25",2008,"1997-2010",2978,3089,0,0,2,0,NA,0,2,0,2,0
"1275",1835,"CN_2008_66_1",4387,1,NA,"2007-12-23","2007-12-31","2008-01-31","2008-02-03",1,1,1,85,98,"CN",2008,1,1,"2007-12-27",2007,"1997-2010",1438,1708,1,0,0,0,NA,1,1,1,1,1
"1276",1846,"CN_2008_3_2",4498,2,NA,"2008-08-11","2008-08-20",NA,NA,1,1,0,87,4,"CN",2008,0,0,"2008-08-15",2008,"1997-2010",1532,911,0,2,0,0,NA,0,1,0,1,0
"1277",1847,"CN_2008_3.1_2",4499,2,NA,"2008-08-03","2008-08-03",NA,NA,1,1,0,87,5,"CN",2008,0,0,"2008-08-03",2008,"1997-2010",1740,1187,0,1,1,0,NA,0,1,0,1,0
"1278",1850,"CN_2008_5_4",4501,4,NA,"2008-08-09","2008-08-27",NA,NA,1,0,0,87,8,"CN",2008,0,0,"2008-08-18",2008,"1997-2010",1605,4939,1,1,0,0,NA,0,1,0,1,0
"1279",1851,"CN_2008_6_1",4502,1,NA,NA,"2008-07-14",NA,"2008-08-17",1,1,1,87,9,"CN",2008,1,1,"2008-07-14",2008,"1997-2010",1826,1499,1,0,0,0,NA,1,1,1,1,1
"1280",1852,"CN_2008_6.5_1",4503,1,NA,"2008-07-25","2008-08-02",NA,"2008-08-30",1,1,1,87,11,"CN",2008,1,1,"2008-07-29",2008,"1997-2010",1614,4902,1,0,1,0,NA,1,1,1,1,1
"1281",1853,"CN_2008_9_1",4506,1,NA,"2008-07-08","2008-07-26",NA,NA,1,0,0,87,14,"CN",2008,0,0,"2008-07-17",2008,"1997-2010",3500,2988,0,0,2,0,NA,0,1,0,1,0
"1282",1854,"CN_2008_10_1",4507,1,NA,"2008-07-31","2008-08-13",NA,NA,1,0,0,87,15,"CN",2008,0,0,"2008-08-06",2008,"1997-2010",1589,1762,0,0,2,0,NA,0,1,0,1,0
"1283",1855,"CN_2008_11_1",4508,1,NA,"2008-07-18","2008-07-26",NA,NA,1,0,0,87,16,"CN",2008,0,0,"2008-07-22",2008,"1997-2010",1753,3612,0,0,1,0,NA,0,1,0,1,0
"1284",1856,"CN_2008_11_2",4508,2,NA,"2008-08-15","2008-08-29",NA,NA,1,0,0,87,16,"CN",2008,0,0,"2008-08-22",2008,"1997-2010",1753,3612,0,0,1,0,NA,0,1,0,1,0
"1285",1859,"CN_2008_21_1",4515,1,NA,"2008-07-22","2008-08-02",NA,NA,1,1,0,87,27,"CN",2008,0,0,"2008-07-27",2008,"1997-2010",3490,3087,1,0,1,0,NA,0,1,0,1,0
"1286",1860,"CN_2008_22_2",4516,2,NA,"2008-07-20","2008-07-27",NA,NA,1,1,0,87,28,"CN",2008,0,0,"2008-07-23",2008,"1997-2010",1501,3618,0,1,1,0,NA,0,1,0,1,0
"1287",1861,"CN_2008_26.5_1",4521,1,NA,"2008-07-22","2008-07-26",NA,NA,1,0,0,87,36,"CN",2008,0,0,"2008-07-24",2008,"1997-2010",1536,4967,1,0,0,0,NA,0,1,0,1,0
"1288",1862,"CN_2008_26.5_2",4521,2,NA,"2008-07-30","2008-08-09",NA,NA,1,1,0,87,36,"CN",2008,0,0,"2008-08-04",2008,"1997-2010",1536,4967,1,0,0,0,NA,0,1,0,1,0
"1289",1863,"CN_2008_28.1_1",4522,1,NA,"2008-07-23","2008-07-27",NA,NA,1,1,0,87,39,"CN",2008,0,0,"2008-07-25",2008,"1997-2010",1415,1743,0,0,0,0,NA,0,1,0,1,0
"1290",1865,"CN_2008_30.2_3",4525,3,NA,"2008-07-22","2008-08-05",NA,NA,1,1,0,87,43,"CN",2008,0,0,"2008-07-29",2008,"1997-2010",1854,1029,2,2,3,0,NA,0,1,0,1,0
"1291",1868,"CN_2008_32.5_2",4527,2,NA,"2008-08-12","2008-08-12",NA,NA,1,0,0,87,46,"CN",2008,0,0,"2008-08-12",2008,"1997-2010",1384,1868,0,1,1,0,NA,0,1,0,1,0
"1292",1869,"CN_2008_33_2",4528,2,1,"2008-08-15","2008-08-19",NA,NA,1,0,0,87,47,"CN",2008,0,0,"2008-08-17",2008,"1997-2010",1765,1752,1,1,3,0,NA,0,1,0,1,0
"1293",1870,"CN_2008_35_1",4531,1,NA,"2008-07-26","2008-08-11",NA,NA,1,1,0,87,51,"CN",2008,0,0,"2008-08-03",2008,"1997-2010",1361,1698,0,1,1,0,NA,0,1,0,1,0
"1294",1871,"CN_2008_39_1",4534,1,NA,"2008-07-20","2008-08-08",NA,NA,1,1,0,87,55,"CN",2008,0,0,"2008-07-29",2008,"1997-2010",2968,1769,1,0,1,0,NA,0,1,0,1,0
"1295",1874,"CN_2008_43_1",4538,1,NA,"2008-06-18","2008-07-07","2008-07-27","2008-08-16",1,1,1,87,60,"CN",2008,1,1,"2008-06-27",2008,"1997-2010",3453,1744,1,0,0,0,NA,1,1,1,1,1
"1296",1875,"CN_2008_44_1",4539,1,NA,"2008-08-09","2008-08-27",NA,NA,1,0,0,87,61,"CN",2008,0,0,"2008-08-18",2008,"1997-2010",1827,4934,0,0,0,0,NA,0,1,0,1,0
"1297",1876,"CN_2008_46_1",4541,1,NA,"2008-07-09","2008-07-13",NA,NA,1,1,0,87,63,"CN",2008,0,0,"2008-07-11",2008,"1997-2010",1042,1577,0,1,0,0,NA,0,1,0,1,0
"1298",1882,"CN_2008_51.2_2",4550,2,NA,NA,"2008-06-06",NA,"2008-07-10",1,1,1,87,75,"CN",2008,1,1,"2008-06-06",2008,"1997-2010",2989,1766,1,0,0,0,NA,1,1,1,1,1
"1299",1887,"CN_2008_58_2",4559,2,NA,"2008-07-04","2008-07-22",NA,NA,1,0,0,87,86,"CN",2008,0,0,"2008-07-13",2008,"1997-2010",2978,3089,0,0,3,0,NA,0,1,0,1,0
"1300",1890,"CN_2008_63_1",4564,1,NA,"2008-07-24","2008-08-01",NA,NA,1,0,0,87,94,"CN",2008,0,0,"2008-07-28",2008,"1997-2010",1195,1871,0,0,0,0,NA,0,1,0,1,0
"1301",1891,"CN_2008_64_1",4565,1,NA,"2008-07-02","2008-07-20",NA,NA,1,0,0,87,95,"CN",2008,0,0,"2008-07-11",2008,"1997-2010",1170,4872,0,0,1,0,NA,0,1,0,1,0
"1302",1892,"CN_2008_67_1",4568,1,1,"2008-06-08","2008-06-27","2008-07-17","2008-08-06",1,1,1,87,99,"CN",2008,1,1,"2008-06-17",2008,"1997-2010",3604,1533,1,0,0,0,NA,1,1,1,1,1
"1303",1894,"CN_2008_78_2",4576,2,NA,"2008-07-25","2008-08-09",NA,NA,1,1,0,87,112,"CN",2008,0,0,"2008-08-01",2008,"1997-2010",1790,1731,1,2,1,0,NA,0,1,0,1,0
"1304",1895,"CN_2008_82.1_1",4579,1,NA,"2008-06-23","2008-07-12","2008-08-01","2008-08-21",1,1,1,87,118,"CN",2008,1,1,"2008-07-02",2008,"1997-2010",3698,1489,1,0,0,0,NA,1,1,1,1,1
"1305",1898,"CN_2008_93_1",4589,1,NA,"2008-06-06","2008-06-25","2008-07-27","2008-08-02",1,1,1,87,137,"CN",2008,1,1,"2008-06-15",2008,"1997-2010",3574,4866,1,0,1,0,NA,1,1,1,1,1
"1306",1900,"CN_2008_104_1",4597,1,NA,"2008-07-18","2008-08-05",NA,NA,1,0,0,87,160,"CN",2008,0,0,"2008-07-27",2008,"1997-2010",5132,5121,0,0,1,0,NA,0,1,0,1,0
"1307",1901,"CN_2008_108_1",4598,1,NA,"2008-06-14","2008-06-28","2008-07-23","2008-08-04",1,1,1,87,165,"CN",2008,1,1,"2008-06-21",2008,"1997-2010",1043,1682,1,0,0,0,NA,1,1,1,1,1
"1308",1904,"CN_2008_116_1",4603,1,NA,"2008-07-18","2008-08-03",NA,NA,1,1,0,87,173,"CN",2008,0,0,"2008-07-26",2008,"1997-2010",1716,4892,0,0,2,0,NA,0,1,0,1,0
"1309",1905,"CN_2008_117_1",4604,1,NA,"2008-07-04","2008-07-10","2008-08-02","2008-08-16",1,1,0,87,174,"CN",2008,0,0,"2008-07-07",2008,"1997-2010",5162,1579,1,1,0,0,NA,0,1,0,1,0
"1310",1908,"CN_2008_121_2",4606,2,NA,"2008-07-02","2008-07-20",NA,NA,1,0,0,87,178,"CN",2008,0,0,"2008-07-11",2008,"1997-2010",1798,2974,0,0,0,0,NA,0,1,0,1,0
"1311",1909,"CN_2008_122_1",4607,1,NA,"2008-08-13","2008-08-18",NA,NA,1,0,0,87,179,"CN",2008,0,0,"2008-08-15",2008,"1997-2010",4949,2991,0,0,0,0,NA,0,1,0,1,0
"1312",1912,"CN_2008_129_3",4613,3,NA,"2008-07-29","2008-08-16",NA,NA,1,0,0,87,480,"CN",2008,0,0,"2008-08-07",2008,"1997-2010",4871,4860,0,0,0,0,NA,0,1,0,1,0
"1313",1913,"CN_2008_130_1",4614,1,NA,"2008-08-01","2008-08-01",NA,NA,1,1,0,87,479,"CN",2008,0,0,"2008-08-01",2008,"1997-2010",4970,4805,0,0,0,0,NA,0,1,0,1,0
"1314",1914,"CN_2008_131_1",4615,1,NA,"2008-08-09","2008-08-09",NA,NA,1,0,0,87,477,"CN",2008,0,0,"2008-08-09",2008,"1997-2010",1707,1710,0,1,0,0,NA,0,1,0,1,0
"1315",1920,"CN_2009_1_2",4696,2,NA,"2009-07-22","2009-07-25",NA,NA,1,0,0,92,1,"CN",2009,0,0,"2009-07-23",2009,"1997-2010",5160,1750,0,0,0,0,NA,0,1,0,1,0
"1316",1922,"CN_2009_1.1_1",4697,1,1,"2009-07-27","2009-07-29","2009-08-27","2009-09-02",1,1,1,92,2,"CN",2009,1,1,"2009-07-28",2009,"1997-2010",5267,2960,1,0,0,0,NA,1,1,1,1,1
"1317",1924,"CN_2009_2_3",4698,2,1,"2009-07-19","2009-07-19","2009-08-19","2009-08-23",2,2,2,92,3,"CN",2009,1,1,"2009-07-19",2009,"1997-2010",1763,4829,2,2,1,0,NA,2,2,1,1,1
"1318",1924,"CN_2009_2_3",4698,2,1,"2009-07-19","2009-07-19","2009-08-19","2009-08-23",2,2,2,92,3,"CN",2009,1,1,"2009-07-19",2009,"1997-2010",1763,4829,2,2,1,0,NA,2,2,1,2,1
"1319",1926,"CN_2009_3_3",4699,2,1,"2009-07-29","2009-07-29","2009-09-04","2009-09-07",1,1,1,92,4,"CN",2009,1,1,"2009-07-29",2009,"1997-2010",1532,911,1,1,0,0,NA,1,1,1,1,1
"1320",1927,"CN_2009_3.1_2",4700,1,1,"2009-07-28","2009-07-28","2009-09-02","2009-09-06",1,1,1,92,5,"CN",2009,1,1,"2009-07-28",2009,"1997-2010",5155,1187,1,0,0,0,NA,1,1,1,1,1
"1321",1928,"CN_2009_4_4",4701,1,1,"2009-07-27","2009-07-27",NA,NA,1,0,0,92,7,"CN",2009,0,0,"2009-07-27",2009,"1997-2010",1791,1509,0,0,3,0,NA,0,1,0,1,0
"1322",1930,"CN_2009_6_2",4703,1,NA,NA,"2009-05-06",NA,"2009-06-09",1,1,1,92,9,"CN",2009,1,1,"2009-05-06",2009,"1997-2010",1826,1499,1,0,2,0,NA,1,1,1,1,1
"1323",1931,"CN_2009_6_3",4703,2,NA,"2009-08-10","2009-08-11",NA,NA,1,0,0,92,9,"CN",2009,0,0,"2009-08-10",2009,"1997-2010",1826,1499,1,0,2,0,NA,0,1,0,1,0
"1324",1933,"CN_2009_7_1",4705,1,1,"2009-07-13","2009-07-31",NA,NA,1,0,0,92,12,"CN",2009,0,0,"2009-07-22",2009,"1997-2010",930,3519,1,1,0,0,NA,0,1,0,1,0
"1325",1934,"CN_2009_7_2",4705,2,2,"2009-08-04","2009-08-05","2009-09-08","2009-09-14",1,1,1,92,12,"CN",2009,1,1,"2009-08-04",2009,"1997-2010",930,3519,1,1,0,0,NA,1,1,1,1,1
"1326",1935,"CN_2009_8_1",4706,1,NA,"2009-05-04","2009-05-10","2009-06-12","2009-06-13",1,1,1,92,13,"CN",2009,1,1,"2009-05-07",2009,"1997-2010",4964,1607,2,0,0,0,NA,1,1,1,1,1
"1327",1937,"CN_2009_9_1",4707,1,1,"2009-07-06","2009-07-08","2009-08-09","2009-08-11",1,1,1,92,14,"CN",2009,1,1,"2009-07-07",2009,"1997-2010",3500,2988,1,0,0,0,NA,1,1,1,1,1
"1328",1939,"CN_2009_10_2",4708,1,1,"2009-07-30","2009-07-30",NA,NA,1,0,0,92,15,"CN",2009,0,0,"2009-07-30",2009,"1997-2010",4863,1762,0,0,2,0,NA,0,1,0,1,0
"1329",1940,"CN_2009_11_2",4709,1,1,NA,"2009-05-06",NA,"2009-06-09",1,1,1,92,16,"CN",2009,1,1,"2009-05-06",2009,"1997-2010",1753,3612,1,1,1,0,NA,1,1,1,1,1
"1330",1941,"CN_2009_11_3",4709,2,2,"2009-07-29","2009-07-29","2009-09-05","2009-09-07",1,1,1,92,16,"CN",2009,1,1,"2009-07-29",2009,"1997-2010",1753,3612,1,1,1,0,NA,1,1,1,1,1
"1331",1942,"CN_2009_15_1",4710,1,1,"2009-07-13","2009-07-13","2009-08-24","2009-09-07",2,2,2,92,20,"CN",2009,1,1,"2009-07-13",2009,"1997-2010",3085,1729,2,0,1,0,NA,2,2,1,1,1
"1332",1942,"CN_2009_15_1",4710,1,1,"2009-07-13","2009-07-13","2009-08-24","2009-09-07",2,2,2,92,20,"CN",2009,1,1,"2009-07-13",2009,"1997-2010",3085,1729,2,0,1,0,NA,2,2,1,2,1
"1333",1946,"CN_2009_17_2",4713,1,1,"2009-07-12","2009-07-12","2009-08-15","2009-08-16",1,1,1,92,23,"CN",2009,1,1,"2009-07-12",2009,"1997-2010",1559,1702,1,0,0,0,NA,1,1,1,1,1
"1334",1947,"CN_2009_18_2",4714,1,1,"2009-04-29","2009-05-03",NA,"2009-06-08",1,1,1,92,24,"CN",2009,1,1,"2009-05-01",2009,"1997-2010",5164,2966,2,0,0,0,NA,1,1,1,1,1
"1335",1948,"CN_2009_18_3",4714,2,1,"2009-07-31","2009-07-31","2009-09-05","2009-09-07",1,1,1,92,24,"CN",2009,1,1,"2009-07-31",2009,"1997-2010",5164,2966,2,0,0,0,NA,1,1,1,1,1
"1336",1949,"CN_2009_19_2",4715,1,1,"2009-07-27","2009-08-02","2009-09-03","2009-09-08",1,1,1,92,25,"CN",2009,1,1,"2009-07-30",2009,"1997-2010",3449,4897,1,0,1,0,NA,1,1,1,1,1
"1337",1950,"CN_2009_20_1",4716,1,1,"2009-07-14","2009-07-14",NA,NA,1,1,0,92,26,"CN",2009,0,0,"2009-07-14",2009,"1997-2010",5224,1848,0,0,2,0,NA,0,1,0,1,0
"1338",1953,"CN_2009_21_2",4717,2,NA,NA,"2009-08-09",NA,"2009-09-12",1,1,1,92,27,"CN",2009,1,1,"2009-08-09",2009,"1997-2010",3490,3087,2,0,0,0,NA,1,1,1,1,1
"1339",1955,"CN_2009_22_3",4718,2,2,"2009-07-22","2009-08-09",NA,NA,1,0,0,92,28,"CN",2009,0,0,"2009-07-31",2009,"1997-2010",1501,3618,1,1,0,0,NA,0,1,0,1,0
"1340",1956,"CN_2009_23_2",4719,1,1,"2009-07-24","2009-07-24","2009-08-28","2009-09-02",1,1,1,92,30,"CN",2009,1,1,"2009-07-24",2009,"1997-2010",5163,5072,1,0,0,0,NA,1,1,1,1,1
"1341",1957,"CN_2009_24_1",4720,1,1,"2009-07-11","2009-07-14",NA,NA,1,0,0,92,32,"CN",2009,0,0,"2009-07-12",2009,"1997-2010",3497,1611,1,0,2,0,NA,0,1,0,1,0
"1342",1958,"CN_2009_24_2",4720,2,2,"2009-08-07","2009-08-07","2009-09-10","2009-09-14",1,1,1,92,32,"CN",2009,1,1,"2009-08-07",2009,"1997-2010",3497,1611,1,0,2,0,NA,1,1,1,1,1
"1343",1961,"CN_2009_26_1",4722,1,1,"2009-07-30","2009-08-01","2009-09-07","2009-09-08",1,1,1,92,34,"CN",2009,1,1,"2009-07-31",2009,"1997-2010",1864,1542,1,0,0,0,NA,1,1,1,1,1
"1344",1962,"CN_2009_26.5_2",4723,1,1,"2009-07-03","2009-07-10",NA,NA,1,1,0,92,36,"CN",2009,0,0,"2009-07-06",2009,"1997-2010",1824,4967,0,0,1,0,NA,0,1,0,1,0
"1345",1963,"CN_2009_28.1_3",4724,1,1,"2009-07-12","2009-07-15",NA,NA,1,0,0,92,39,"CN",2009,0,0,"2009-07-13",2009,"1997-2010",1415,4890,1,0,1,0,NA,0,1,0,1,0
"1346",1964,"CN_2009_28.1_4",4724,2,2,"2009-08-07","2009-08-07","2009-09-08","2009-09-08",1,1,1,92,39,"CN",2009,1,1,"2009-08-07",2009,"1997-2010",1415,4890,1,0,1,0,NA,1,1,1,1,1
"1347",1965,"CN_2009_29_2",4725,1,1,"2009-07-17","2009-07-17","2009-08-22","2009-08-26",1,1,1,92,40,"CN",2009,1,1,"2009-07-17",2009,"1997-2010",3462,3093,0,0,1,0,NA,1,1,1,1,1
"1348",1966,"CN_2009_30.1_3",4726,1,1,"2009-07-22","2009-07-24",NA,NA,1,1,0,92,42,"CN",2009,0,0,"2009-07-23",2009,"1997-2010",5119,1543,1,0,0,0,NA,0,1,0,1,0
"1349",1967,"CN_2009_30.1_2",4726,2,2,"2009-05-08","2009-07-16","2009-06-11","2009-06-11",1,1,1,92,42,"CN",2009,1,1,"2009-06-11",2009,"1997-2010",5119,1543,1,0,0,0,NA,1,1,1,1,1
"1350",1969,"CN_2009_30.2_2",4727,2,NA,NA,"2009-08-02",NA,"2009-09-05",2,2,2,92,43,"CN",2009,1,1,"2009-08-02",2009,"1997-2010",1854,1029,5,1,0,0,NA,2,2,1,1,1
"1351",1969,"CN_2009_30.2_2",4727,2,NA,NA,"2009-08-02",NA,"2009-09-05",2,2,2,92,43,"CN",2009,1,1,"2009-08-02",2009,"1997-2010",1854,1029,5,1,0,0,NA,2,2,1,2,1
"1352",1971,"CN_2009_32_1",4728,1,NA,NA,"2009-08-13",NA,"2009-09-16",2,1,1,92,45,"CN",2009,0.5,1,"2009-08-13",2009,"1997-2010",4999,5165,1,0,0,0,NA,1,2,0.5,1,1
"1353",1971,"CN_2009_32_1",4728,1,NA,NA,"2009-08-13",NA,"2009-09-16",2,1,1,92,45,"CN",2009,0.5,1,"2009-08-13",2009,"1997-2010",4999,5165,1,0,0,0,NA,1,2,0.5,2,0
"1354",1973,"CN_2009_32.5_3",4729,2,NA,NA,"2009-07-26",NA,"2009-08-29",1,1,0,92,46,"CN",2009,0,0,"2009-07-26",2009,"1997-2010",1384,1868,2,1,2,0,NA,0,1,0,1,0
"1355",1974,"CN_2009_33_1",4730,2,NA,"2009-05-04","2009-05-06",NA,"2009-06-11",1,1,1,92,47,"CN",2009,1,1,"2009-05-05",2009,"1997-2010",1765,1752,2,1,1,0,NA,1,1,1,1,1
"1356",1975,"CN_2009_33.1_2",4731,1,1,"2009-07-30","2009-07-30","2009-09-05","2009-09-07",1,1,1,92,48,"CN",2009,1,1,"2009-07-30",2009,"1997-2010",4896,2990,1,1,1,0,NA,1,1,1,1,1
"1357",1976,"CN_2009_34.5_2",4732,1,1,"2009-07-11","2009-07-14",NA,NA,1,0,0,92,50,"CN",2009,0,0,"2009-07-12",2009,"1997-2010",3608,1553,0,0,0,0,NA,0,1,0,1,0
"1358",1977,"CN_2009_34.5_3",4732,2,2,"2009-08-26","2009-08-26",NA,NA,1,1,0,92,50,"CN",2009,0,0,"2009-08-26",2009,"1997-2010",3608,1553,0,0,0,0,NA,0,1,0,1,0
"1359",1978,"CN_2009_35_2",4733,1,NA,"2009-08-01",NA,"2009-09-04",NA,1,1,1,92,51,"CN",2009,1,1,"2009-08-01",2009,"1997-2010",1361,1698,0,0,1,0,NA,1,1,1,1,1
"1360",1979,"CN_2009_35_3",4733,2,NA,"2009-08-10","2009-08-10",NA,NA,1,0,0,92,51,"CN",2009,0,0,"2009-08-10",2009,"1997-2010",1361,1698,0,0,1,0,NA,0,1,0,1,0
"1361",1980,"CN_2009_37_1",4734,1,1,"2009-06-16","2009-07-04",NA,NA,1,0,0,92,53,"CN",2009,0,0,"2009-06-25",2009,"1997-2010",3094,5170,0,0,1,0,NA,0,1,0,1,0
"1362",1981,"CN_2009_37_2",4734,2,2,"2009-07-29","2009-07-29",NA,NA,1,1,0,92,53,"CN",2009,0,0,"2009-07-29",2009,"1997-2010",3094,5170,0,0,1,0,NA,0,1,0,1,0
"1363",1982,"CN_2009_38_2",4735,1,1,"2009-07-24","2009-07-24","2009-08-30","2009-09-02",1,1,1,92,54,"CN",2009,1,1,"2009-07-24",2009,"1997-2010",1821,1504,1,0,3,0,NA,1,1,1,1,1
"1364",1983,"CN_2009_41_2",4737,1,1,"2009-08-08","2009-08-08",NA,NA,1,1,0,92,57,"CN",2009,0,0,"2009-08-08",2009,"1997-2010",2959,3515,0,0,0,0,NA,0,1,0,1,0
"1365",1984,"CN_2009_41.1_2",4738,1,1,"2009-08-02","2009-08-03",NA,NA,1,0,0,92,58,"CN",2009,0,0,"2009-08-02",2009,"1997-2010",1757,1523,0,0,1,0,NA,0,1,0,1,0
"1366",1985,"CN_2009_42_1",4739,1,NA,"2009-08-12","2009-08-16",NA,NA,1,0,0,92,59,"CN",2009,0,0,"2009-08-14",2009,"1997-2010",3022,3696,0,0,1,0,NA,0,1,0,1,0
"1367",1986,"CN_2009_43_2",4740,1,1,"2009-08-02","2009-08-03",NA,NA,1,0,0,92,60,"CN",2009,0,0,"2009-08-02",2009,"1997-2010",3453,1744,0,0,3,0,NA,0,1,0,1,0
"1368",1989,"CN_2009_46_2",4743,1,NA,NA,"2009-05-12",NA,"2009-06-15",1,1,1,92,63,"CN",2009,1,1,"2009-05-12",2009,"1997-2010",1042,1577,3,1,1,0,NA,1,1,1,1,1
"1369",1990,"CN_2009_46_3",4743,2,NA,"2009-08-01","2009-08-09",NA,NA,1,0,0,92,63,"CN",2009,0,0,"2009-08-05",2009,"1997-2010",1042,1577,3,1,1,0,NA,0,1,0,1,0
"1370",1992,"CN_2009_47.1_2",4745,1,1,"2009-07-28","2009-08-03","2009-09-03","2009-09-07",2,2,2,92,68,"CN",2009,1,1,"2009-07-31",2009,"1997-2010",4971,1897,1,2,1,0,NA,2,2,1,1,1
"1371",1992,"CN_2009_47.1_2",4745,1,1,"2009-07-28","2009-08-03","2009-09-03","2009-09-07",2,2,2,92,68,"CN",2009,1,1,"2009-07-31",2009,"1997-2010",4971,1897,1,2,1,0,NA,2,2,1,2,1
"1372",1993,"CN_2009_48_2",4746,1,1,"2009-07-04","2009-07-12",NA,NA,2,0,0,92,69,"CN",2009,0,0,"2009-07-08",2009,"1997-2010",869,453,0,0,2,0,NA,0,2,0,1,0
"1373",1993,"CN_2009_48_2",4746,1,1,"2009-07-04","2009-07-12",NA,NA,2,0,0,92,69,"CN",2009,0,0,"2009-07-08",2009,"1997-2010",869,453,0,0,2,0,NA,0,2,0,2,0
"1374",1994,"CN_2009_49_2",4747,1,1,"2009-07-15","2009-08-02",NA,NA,1,0,0,92,70,"CN",2009,0,0,"2009-07-24",2009,"1997-2010",1782,1881,0,0,1,0,NA,0,1,0,1,0
"1375",1995,"CN_2009_49_3",4747,2,2,"2009-08-23","2009-08-23",NA,NA,1,0,0,92,70,"CN",2009,0,0,"2009-08-23",2009,"1997-2010",1782,1881,0,0,1,0,NA,0,1,0,1,0
"1376",1998,"CN_2009_50_3",4748,3,NA,"2009-07-29","2009-08-16",NA,NA,1,0,0,92,71,"CN",2009,0,0,"2009-08-07",2009,"1997-2010",4917,5144,0,0,0,0,NA,0,1,0,1,0
"1377",1999,"CN_2009_50.1_1",4749,1,NA,"2009-07-20","2009-07-21",NA,NA,1,0,0,92,72,"CN",2009,0,0,"2009-07-20",2009,"1997-2010",1805,5236,1,1,2,0,NA,0,1,0,1,0
"1378",2000,"CN_2009_50.1_2",4749,2,NA,"2009-08-02","2009-08-04","2009-09-05","2009-09-09",1,1,1,92,72,"CN",2009,1,1,"2009-08-03",2009,"1997-2010",1805,5236,1,1,2,0,NA,1,1,1,1,1
"1379",2001,"CN_2009_50.1_3",4749,3,NA,"2009-08-02","2009-08-07","2009-09-05","2009-09-12",1,1,1,92,72,"CN",2009,1,1,"2009-08-04",2009,"1997-2010",1805,5236,1,1,2,0,NA,1,1,1,1,1
"1380",2002,"CN_2009_51.1_2",4750,1,1,"2009-07-30","2009-07-30",NA,NA,1,0,0,92,74,"CN",2009,0,0,"2009-07-30",2009,"1997-2010",5168,1031,0,0,0,0,NA,0,1,0,1,0
"1381",2004,"CN_2009_51.2_2",4751,2,NA,"2009-07-24","2009-07-24",NA,NA,1,1,0,92,75,"CN",2009,0,0,"2009-07-24",2009,"1997-2010",2989,4887,0,0,1,0,NA,0,1,0,1,0
"1382",2005,"CN_2009_52_2",4752,1,1,"2009-07-27","2009-07-27",NA,NA,1,0,0,92,76,"CN",2009,0,0,"2009-07-27",2009,"1997-2010",1852,4888,0,0,0,0,NA,0,1,0,1,0
"1383",2006,"CN_2009_52_3",4752,2,2,"2009-08-07","2009-08-25",NA,NA,1,0,0,92,76,"CN",2009,0,0,"2009-08-16",2009,"1997-2010",1852,4888,0,0,0,0,NA,0,1,0,1,0
"1384",2008,"CN_2009_52.1_2",4753,2,NA,"2009-07-14","2009-07-14","2009-08-22","2009-08-23",1,1,1,92,77,"CN",2009,1,1,"2009-07-14",2009,"1997-2010",4958,4888,1,0,0,0,NA,1,1,1,1,1
"1385",2009,"CN_2009_53_2",4754,1,1,"2009-07-12","2009-07-12","2009-08-15","2009-08-18",1,1,1,92,79,"CN",2009,1,1,"2009-07-12",2009,"1997-2010",1803,1802,1,1,2,0,NA,1,1,1,1,1
"1386",2010,"CN_2009_54_1",4755,1,NA,"2009-08-07","2009-08-07",NA,NA,1,1,0,92,81,"CN",2009,0,0,"2009-08-07",2009,"1997-2010",1895,4947,1,1,1,0,NA,0,1,0,1,0
"1387",2011,"CN_2009_54_2",4755,2,1,"2009-08-03","2009-08-09","2009-09-09","2009-09-15",1,1,1,92,81,"CN",2009,1,1,"2009-08-06",2009,"1997-2010",1895,4947,1,1,1,0,NA,1,1,1,1,1
"1388",2012,"CN_2009_55_1",4756,1,1,"2009-07-26","2009-07-26","2009-08-31","2009-09-03",1,1,1,92,82,"CN",2009,1,1,"2009-07-26",2009,"1997-2010",2986,1356,1,0,0,0,NA,1,1,1,1,1
"1389",2013,"CN_2009_56_2",4757,1,1,"2009-07-25","2009-07-25",NA,NA,1,1,0,92,83,"CN",2009,0,0,"2009-07-25",2009,"1997-2010",3567,1604,1,0,0,0,NA,0,1,0,1,0
"1390",2014,"CN_2009_57.1_2",4758,1,1,"2009-08-01","2009-08-09",NA,NA,1,1,0,92,85,"CN",2009,0,0,"2009-08-05",2009,"1997-2010",1491,5285,0,0,1,0,NA,0,1,0,1,0
"1391",2015,"CN_2009_58_2",4759,1,1,"2009-07-11","2009-07-16",NA,NA,1,0,0,92,86,"CN",2009,0,0,"2009-07-13",2009,"1997-2010",2978,3089,0,1,0,0,NA,0,1,0,1,0
"1392",2017,"CN_2009_59_2",4760,1,1,"2009-08-12","2009-08-18",NA,NA,1,1,0,92,87,"CN",2009,0,0,"2009-08-15",2009,"1997-2010",5174,1722,0,0,1,0,NA,0,1,0,1,0
"1393",2019,"CN_2009_59.1_2",4761,2,1,"2009-07-31","2009-08-18",NA,NA,1,0,0,92,88,"CN",2009,0,0,"2009-08-09",2009,"1997-2010",4904,1196,0,0,1,0,NA,0,1,0,1,0
"1394",2022,"CN_2009_62_3",4763,2,NA,"2009-07-24","2009-08-09",NA,NA,1,0,0,92,92,"CN",2009,0,0,"2009-08-01",2009,"1997-2010",1717,4954,0,0,1,0,NA,0,1,0,1,0
"1395",2024,"CN_2009_63_2",4764,1,1,"2009-07-22","2009-08-09",NA,NA,1,1,0,92,94,"CN",2009,0,0,"2009-07-31",2009,"1997-2010",1195,5249,0,0,0,0,NA,0,1,0,1,0
"1396",2025,"CN_2009_64_2",4765,1,1,"2009-07-29","2009-08-04","2009-08-23","2009-08-31",1,1,1,92,95,"CN",2009,1,1,"2009-08-01",2009,"1997-2010",4960,4872,1,0,0,0,NA,1,1,1,1,1
"1397",2026,"CN_2009_65_2",4766,1,1,"2009-07-31","2009-07-31","2009-09-09","2009-09-11",1,1,1,92,96,"CN",2009,1,1,"2009-07-31",2009,"1997-2010",4935,4948,1,1,1,0,NA,1,1,1,1,1
"1398",2029,"CN_2009_66_4",4767,3,1,"2009-07-31","2009-08-01","2009-09-08","2009-09-10",1,1,1,92,98,"CN",2009,1,1,"2009-07-31",2009,"1997-2010",1438,1708,1,1,2,0,NA,1,1,1,1,1
"1399",2030,"CN_2009_67_2",4768,1,1,"2009-08-09","2009-08-09",NA,NA,1,0,0,92,99,"CN",2009,0,0,"2009-08-09",2009,"1997-2010",3604,1533,1,0,0,0,NA,0,1,0,1,0
"1400",2031,"CN_2009_68_2",4769,1,1,"2009-07-11","2009-07-15",NA,NA,1,0,0,92,100,"CN",2009,0,0,"2009-07-13",2009,"1997-2010",3606,1394,1,1,1,0,NA,0,1,0,1,0
"1401",2032,"CN_2009_68_3",4769,2,2,"2009-07-30","2009-07-31","2009-09-04","2009-09-08",1,1,1,92,100,"CN",2009,1,1,"2009-07-30",2009,"1997-2010",3606,1394,1,1,1,0,NA,1,1,1,1,1
"1402",2033,"CN_2009_69_2",4770,1,1,"2009-08-18","2009-08-18",NA,NA,1,0,0,92,101,"CN",2009,0,0,"2009-08-18",2009,"1997-2010",3518,3454,0,0,1,0,NA,0,1,0,1,0
"1403",2034,"CN_2009_73_1",4771,1,1,"2009-07-30","2009-08-05",NA,NA,1,1,0,92,105,"CN",2009,0,0,"2009-08-02",2009,"1997-2010",5128,3458,0,0,0,0,NA,0,1,0,1,0
"1404",2035,"CN_2009_76_1",4772,1,1,"2009-07-12","2009-07-30",NA,NA,1,0,0,92,109,"CN",2009,0,0,"2009-07-21",2009,"1997-2010",1580,3643,0,0,0,0,NA,0,1,0,1,0
"1405",2037,"CN_2009_77_2",4773,1,1,"2009-07-06","2009-07-18","2009-08-14","2009-08-21",1,1,1,92,110,"CN",2009,1,1,"2009-07-12",2009,"1997-2010",3645,3644,1,1,1,0,NA,1,1,1,1,1
"1406",2039,"CN_2009_78_1",4775,1,NA,"2009-07-11","2009-07-29",NA,NA,1,0,0,92,112,"CN",2009,0,0,"2009-07-20",2009,"1997-2010",3444,1731,1,1,3,0,NA,0,1,0,1,0
"1407",2040,"CN_2009_78_2",4775,2,2,"2009-08-08","2009-08-08",NA,NA,1,1,0,92,112,"CN",2009,0,0,"2009-08-08",2009,"1997-2010",3444,1731,1,1,3,0,NA,0,1,0,1,0
"1408",2042,"CN_2009_81_3",4776,2,NA,"2009-08-21","2009-09-03",NA,NA,1,1,0,92,116,"CN",2009,0,0,"2009-08-27",2009,"1997-2010",1685,3486,0,1,1,0,NA,0,1,0,1,0
"1409",2043,"CN_2009_82.1_2",4777,1,1,"2009-07-27","2009-08-02","2009-08-23","2009-09-07",1,1,1,92,118,"CN",2009,1,1,"2009-07-30",2009,"1997-2010",3698,1489,1,1,0,0,NA,1,1,1,1,1
"1410",2045,"CN_2009_83_2",4778,2,NA,"2009-08-01","2009-08-19",NA,NA,1,0,0,92,121,"CN",2009,0,0,"2009-08-10",2009,"1997-2010",4803,1829,0,0,1,0,NA,0,1,0,1,0
"1411",2047,"CN_2009_84_2",4779,2,NA,"2009-08-02","2009-08-20",NA,NA,1,0,0,92,123,"CN",2009,0,0,"2009-08-11",2009,"1997-2010",3694,3005,0,0,0,0,NA,0,1,0,1,0
"1412",2048,"CN_2009_85_2",4780,1,NA,NA,"2009-05-05",NA,"2009-06-08",1,0,0,92,125,"CN",2009,0,0,"2009-05-05",2009,"1997-2010",1401,1877,1,1,0,0,NA,0,1,0,1,0
"1413",2049,"CN_2009_85_3",4780,2,NA,"2009-07-11","2009-07-11",NA,NA,1,0,0,92,125,"CN",2009,0,0,"2009-07-11",2009,"1997-2010",1401,1877,1,1,0,0,NA,0,1,0,1,0
"1414",2050,"CN_2009_85_4",4780,3,NA,"2009-07-17","2009-07-19",NA,NA,1,0,0,92,125,"CN",2009,0,0,"2009-07-18",2009,"1997-2010",1401,1877,1,1,0,0,NA,0,1,0,1,0
"1415",2051,"CN_2009_85_5",4780,4,NA,"2009-07-31","2009-08-18",NA,NA,1,0,0,92,125,"CN",2009,0,0,"2009-08-09",2009,"1997-2010",1401,1877,1,1,0,0,NA,0,1,0,1,0
"1416",2052,"CN_2009_86_2",4781,1,1,"2009-07-12","2009-07-15",NA,NA,1,1,0,92,126,"CN",2009,0,0,"2009-07-13",2009,"1997-2010",3491,5169,0,0,2,0,NA,0,1,0,1,0
"1417",2053,"CN_2009_87_2",4782,1,1,"2009-07-29","2009-07-29","2009-09-02","2009-09-06",1,1,1,92,127,"CN",2009,1,1,"2009-07-29",2009,"1997-2010",4965,1616,2,0,1,0,NA,1,1,1,1,1
"1418",2055,"CN_2009_92_2",4785,2,NA,"2009-07-28","2009-07-28","2009-09-06","2009-09-08",1,1,1,92,134,"CN",2009,1,1,"2009-07-28",2009,"1997-2010",4868,1886,3,0,0,0,NA,1,1,1,1,1
"1419",2056,"CN_2009_92_3",4785,3,NA,"2009-07-28","2009-08-01","2009-09-04","2009-09-07",1,1,1,92,134,"CN",2009,1,1,"2009-07-30",2009,"1997-2010",4868,1886,3,0,0,0,NA,1,1,1,1,1
"1420",2057,"CN_2009_92.1_2",4786,1,1,"2009-08-06","2009-08-06",NA,NA,2,2,0,92,135,"CN",2009,0,0,"2009-08-06",2009,"1997-2010",3002,5269,3,0,1,0,NA,0,2,0,1,0
"1421",2057,"CN_2009_92.1_2",4786,1,1,"2009-08-06","2009-08-06",NA,NA,2,2,0,92,135,"CN",2009,0,0,"2009-08-06",2009,"1997-2010",3002,5269,3,0,1,0,NA,0,2,0,2,0
"1422",2058,"CN_2009_93_2",4787,1,1,"2009-08-01","2009-08-06","2009-09-05","2009-09-09",1,1,1,92,137,"CN",2009,1,1,"2009-08-03",2009,"1997-2010",3574,4866,1,0,1,0,NA,1,1,1,1,1
"1423",2061,"CN_2009_94.2_1",4790,1,1,"2009-07-12","2009-07-30",NA,NA,1,0,0,92,140,"CN",2009,0,0,"2009-07-21",2009,"1997-2010",1617,1494,0,0,2,0,NA,0,1,0,1,0
"1424",2062,"CN_2009_94.2_2",4790,2,2,"2009-08-20","2009-08-20",NA,NA,1,1,0,92,140,"CN",2009,0,0,"2009-08-20",2009,"1997-2010",1617,1494,0,0,2,0,NA,0,1,0,1,0
"1425",2063,"CN_2009_101_2",4791,1,NA,NA,"2009-05-14",NA,"2009-06-17",1,1,1,92,154,"CN",2009,1,1,"2009-05-14",2009,"1997-2010",5324,1869,1,0,2,0,NA,1,1,1,1,1
"1426",2065,"CN_2009_111_1",4798,1,1,"2009-07-10","2009-07-10",NA,NA,1,1,0,92,168,"CN",2009,0,0,"2009-07-10",2009,"1997-2010",3517,5220,1,0,0,0,NA,0,1,0,1,0
"1427",2066,"CN_2009_111_2",4798,2,2,"2009-08-02","2009-08-05",NA,NA,1,1,0,92,168,"CN",2009,0,0,"2009-08-03",2009,"1997-2010",3517,5220,1,0,0,0,NA,0,1,0,1,0
"1428",2067,"CN_2009_112_1",4799,1,1,"2009-07-13","2009-07-19",NA,NA,1,0,0,92,169,"CN",2009,0,0,"2009-07-16",2009,"1997-2010",3699,5076,0,0,1,0,NA,0,1,0,1,0
"1429",2069,"CN_2009_114_2",4800,2,2,"2009-08-14","2009-08-16",NA,NA,1,0,0,92,171,"CN",2009,0,0,"2009-08-15",2009,"1997-2010",1872,1819,0,0,0,0,NA,0,1,0,1,0
"1430",2070,"CN_2009_116_1",4801,1,1,"2009-07-15","2009-07-15","2009-08-24","2009-09-03",1,1,1,92,173,"CN",2009,1,1,"2009-07-15",2009,"1997-2010",1716,4892,1,0,3,0,NA,1,1,1,1,1
"1431",2072,"CN_2009_117_2",4802,2,2,"2009-08-08","2009-08-13","2009-09-11","2009-09-16",1,1,1,92,174,"CN",2009,1,1,"2009-08-10",2009,"1997-2010",5162,5077,0,0,0,0,NA,1,1,1,1,1
"1432",2073,"CN_2009_120_1",4803,1,1,"2009-07-19","2009-07-23","2009-08-22","2009-08-22",1,1,1,92,177,"CN",2009,1,1,"2009-07-21",2009,"1997-2010",4883,5254,2,0,0,0,NA,1,1,1,1,1
"1433",2074,"CN_2009_121_2",4804,1,1,"2009-07-28","2009-08-01",NA,NA,1,1,0,92,178,"CN",2009,0,0,"2009-07-30",2009,"1997-2010",1798,2974,1,0,0,0,NA,0,1,0,1,0
"1434",2076,"CN_2009_123_1",4806,1,NA,"2009-05-08","2009-07-08","2009-06-11","2009-06-11",1,1,1,92,172,"CN",2009,1,1,"2009-06-07",2009,"1997-2010",3594,5197,2,1,0,0,NA,1,1,1,1,1
"1435",2077,"CN_2009_123_2",4806,2,2,"2009-07-31","2009-07-31","2009-09-04","2009-09-08",1,1,1,92,172,"CN",2009,1,1,"2009-07-31",2009,"1997-2010",3594,5197,2,1,0,0,NA,1,1,1,1,1
"1436",2079,"CN_2009_124_3",4807,2,NA,"2009-07-25","2009-07-25","2009-08-28","2009-09-03",1,1,1,92,403,"CN",2009,1,1,"2009-07-25",2009,"1997-2010",4942,3576,1,0,0,0,NA,1,1,1,1,1
"1437",2080,"CN_2009_126_1",4808,1,NA,"2009-06-30","2009-07-13",NA,NA,1,0,0,92,407,"CN",2009,0,0,"2009-07-06",2009,"1997-2010",3569,3456,0,2,0,0,NA,0,1,0,1,0
"1438",2081,"CN_2009_126_2",4808,2,NA,"2009-07-02","2009-07-23",NA,NA,1,1,0,92,407,"CN",2009,0,0,"2009-07-12",2009,"1997-2010",3569,3456,0,2,0,0,NA,0,1,0,1,0
"1439",2086,"CN_2009_129_3",4810,2,NA,"2009-07-29","2009-07-30","2009-09-02","2009-09-07",2,2,0,92,480,"CN",2009,0,0,"2009-07-29",2009,"1997-2010",4871,4860,1,0,0,0,NA,0,2,0,1,0
"1440",2086,"CN_2009_129_3",4810,2,NA,"2009-07-29","2009-07-30","2009-09-02","2009-09-07",2,2,0,92,480,"CN",2009,0,0,"2009-07-29",2009,"1997-2010",4871,4860,1,0,0,0,NA,0,2,0,2,0
"1441",2087,"CN_2009_131_3",4812,1,1,"2009-07-10","2009-07-10","2009-08-18","2009-08-18",1,1,1,92,477,"CN",2009,1,1,"2009-07-10",2009,"1997-2010",1707,1710,1,1,2,0,NA,1,1,1,1,1
"1442",2090,"CN_2009_133_2",4814,1,NA,NA,"2009-05-06",NA,"2009-06-09",1,1,1,92,481,"CN",2009,1,1,"2009-05-06",2009,"1997-2010",4961,5167,2,0,0,0,NA,1,1,1,1,1
"1443",2091,"CN_2009_133_3",4814,2,NA,"2009-08-04","2009-08-05","2009-09-12","2009-09-14",1,1,1,92,481,"CN",2009,1,1,"2009-08-04",2009,"1997-2010",4961,5167,2,0,0,0,NA,1,1,1,1,1
"1444",2092,"CN_2009_134_2",4815,1,NA,NA,"2009-08-08",NA,"2009-09-11",1,1,1,92,490,"CN",2009,1,1,"2009-08-08",2009,"1997-2010",5147,5159,1,0,0,0,NA,1,1,1,1,1
"1445",2163,"CN_2008_60.1_1",4562,1,1,NA,"2008-06-11",NA,"2008-07-15",1,1,1,87,90,"CN",2008,1,1,"2008-06-11",2008,"1997-2010",3595,3457,1,1,0,0,NA,1,1,1,1,1
"1446",2165,"CN_1996_29_1",2220,1,NA,"1996-06-28","1996-07-11",NA,NA,1,1,0,21,40,"CN",1996,0,0,"1996-07-04",1996,"1997-2010",500,494,1,1,0,0,NA,0,1,0,1,0
"1447",2166,"CN_1996_60_1",2252,1,NA,"1996-05-17","1996-06-08","1996-06-25","1996-07-15",1,1,1,21,89,"CN",1996,1,1,"1996-05-28",1996,"1997-2010",168,831,1,2,1,0,NA,1,1,1,1,1
"1448",2167,"CN_1996_1_1",2197,1,1,"1996-06-08","1996-06-24",NA,NA,1,0,0,21,1,"CN",1996,0,0,"1996-06-16",1996,"1997-2010",912,922,0,0,3,0,NA,0,1,0,1,0
"1449",2168,"CN_1996_80_1",2267,1,NA,"1996-06-04","1996-06-09",NA,NA,1,1,0,21,115,"CN",1996,0,0,"1996-06-06",1996,"1997-2010",329,298,0,1,1,0,NA,0,1,0,1,0
"1450",2169,"CN_1996_30_1",2221,1,1,"1996-06-23","1996-06-27","1996-07-30","1996-07-31",1,1,1,21,41,"CN",1996,1,1,"1996-06-25",1996,"1997-2010",199,609,0,1,4,0,NA,1,1,1,1,1
"1451",2170,"CN_1996_9_1",2205,1,NA,"1996-06-24","1996-07-02",NA,NA,2,1,0,21,14,"CN",1996,0,0,"1996-06-28",1996,"1997-2010",458,499,0,1,2,0,NA,0,2,0,1,0
"1452",2170,"CN_1996_9_1",2205,1,NA,"1996-06-24","1996-07-02",NA,NA,2,1,0,21,14,"CN",1996,0,0,"1996-06-28",1996,"1997-2010",458,499,0,1,2,0,NA,0,2,0,2,0
"1453",2171,"CN_1996_40_1",2232,1,NA,"1996-06-27","1996-07-03",NA,NA,1,1,0,21,56,"CN",1996,0,0,"1996-06-30",1996,"1997-2010",207,65,0,1,1,0,NA,0,1,0,1,0
"1454",2172,"CN_1996_44_1",2235,1,NA,"1996-07-05","1996-07-13",NA,NA,1,0,0,21,61,"CN",1996,0,0,"1996-07-09",1996,"1997-2010",78,555,0,0,0,0,NA,0,1,0,1,0
"1455",2173,"CN_1996_5_1",2201,1,NA,"1996-06-16","1996-06-26",NA,NA,1,0,0,21,8,"CN",1996,0,0,"1996-06-21",1996,"1997-2010",596,497,0,0,1,0,NA,0,1,0,1,0
"1456",2174,"CN_1996_32_1",2224,1,NA,"1996-06-26","1996-06-26",NA,NA,1,1,0,21,45,"CN",1996,0,0,"1996-06-26",1996,"1997-2010",454,221,0,1,3,0,NA,0,1,0,1,0
"1457",2175,"CN_1996_22_1",2214,1,NA,"1996-06-30","1996-07-06",NA,NA,1,0,0,21,28,"CN",1996,0,0,"1996-07-03",1996,"1997-2010",169,21,0,0,2,0,NA,0,1,0,1,0
"1458",2178,"CN_1996_48_1",2241,1,NA,"1996-07-23","1996-07-28",NA,NA,1,1,0,21,69,"CN",1996,0,0,"1996-07-25",1996,"1997-2010",2676,2677,0,0,2,0,NA,0,1,0,1,0
"1459",2179,"CN_1996_72_1",2260,1,NA,"1996-06-18","1996-07-02",NA,NA,1,1,0,21,104,"CN",1996,0,0,"1996-06-25",1996,"1997-2010",530,637,1,1,1,0,NA,0,1,0,1,0
"1460",2180,"CN_1996_37_1",2229,1,NA,"1996-06-27","1996-07-01",NA,NA,1,1,0,21,53,"CN",1996,0,0,"1996-06-29",1996,"1997-2010",308,216,0,1,1,0,NA,0,1,0,1,0
"1461",2183,"CN_1996_84.1_1",2271,1,NA,"1996-06-29","1996-07-05",NA,NA,1,1,0,21,124,"CN",1996,0,0,"1996-07-02",1996,"1997-2010",872,873,0,1,1,0,NA,0,1,0,1,0
"1462",2185,"CN_1996_77_1",2265,1,NA,"1996-06-10","1996-06-28",NA,NA,1,1,0,21,110,"CN",1996,0,0,"1996-06-19",1996,"1997-2010",1017,1018,0,0,2,0,NA,0,1,0,1,0
"1463",2186,"CN_1996_16_1",2209,1,NA,"1996-07-08","1996-07-16",NA,NA,1,0,0,21,22,"CN",1996,0,0,"1996-07-12",1996,"1997-2010",172,1861,0,0,1,0,NA,0,1,0,1,0
"1464",2189,"CN_1996_47_1",2239,1,NA,"1996-06-25","1996-06-25",NA,NA,1,1,0,21,67,"CN",1996,0,0,"1996-06-25",1996,"1997-2010",561,467,1,0,0,0,NA,0,1,0,1,0
"1465",2190,"CN_1996_35_1",2228,1,NA,"1996-06-26","1996-06-26",NA,NA,1,1,0,21,51,"CN",1996,0,0,"1996-06-26",1996,"1997-2010",466,51,0,0,2,0,NA,0,1,0,1,0
"1466",2191,"CN_1996_38_1",2230,1,NA,"1996-06-28","1996-07-01",NA,NA,1,0,0,21,54,"CN",1996,0,0,"1996-06-29",1996,"1997-2010",447,448,0,0,0,0,NA,0,1,0,1,0
"1467",2192,"CN_1996_26.1_1",2218,1,NA,"1996-06-05","1996-06-23",NA,NA,1,1,0,21,35,"CN",1996,0,0,"1996-06-14",1996,"1997-2010",444,293,0,0,2,0,NA,0,1,0,1,0
"1468",2193,"CN_1996_54_1",2247,1,NA,"1996-07-11","1996-07-12",NA,NA,1,0,0,21,81,"CN",1996,0,0,"1996-07-11",1996,"1997-2010",853,865,0,0,2,0,NA,0,1,0,1,0
"1469",2194,"CN_1996_19_1",2212,1,NA,"1996-07-10","1996-07-14",NA,NA,1,0,0,21,25,"CN",1996,0,0,"1996-07-12",1996,"1997-2010",502,215,0,0,1,0,NA,0,1,0,1,0
"1470",2197,"CN_1996_42_1",2234,1,NA,"1996-07-19","1996-07-30",NA,NA,1,0,0,21,59,"CN",1996,0,0,"1996-07-24",1996,"1997-2010",850,510,1,2,1,0,NA,0,1,0,1,0
"1471",2198,"CN_1996_90_1",2278,1,NA,"1996-07-14","1996-07-21",NA,NA,1,1,0,21,132,"CN",1996,0,0,"1996-07-17",1996,"1997-2010",2694,851,1,0,2,0,NA,0,1,0,1,0
"1472",2199,"CN_1996_85_1",2272,1,NA,"1996-07-19","1996-07-26",NA,NA,1,0,0,21,125,"CN",1996,0,0,"1996-07-22",1996,"1997-2010",2716,633,0,1,2,0,NA,0,1,0,1,0
"1473",2203,"CN_1996_39_1",2231,1,NA,"1996-06-13","1996-06-18","1996-07-22","1996-07-25",1,1,1,21,55,"CN",1996,1,1,"1996-06-15",1996,"1997-2010",462,947,1,1,3,0,NA,1,1,1,1,1
"1474",2205,"CN_1995_1_1",2078,1,NA,"1995-07-05","1995-07-16",NA,NA,1,0,0,19,1,"CN",1995,0,0,"1995-07-10",1995,"1997-2010",912,922,0,0,2,0,NA,0,1,0,1,0
"1475",2206,"CN_1995_5_1",2082,1,NA,"1995-06-30","1995-07-04",NA,NA,1,1,0,19,8,"CN",1995,0,0,"1995-07-02",1995,"1997-2010",596,497,0,0,2,0,NA,0,1,0,1,0
"1476",2207,"CN_1995_8_1",2085,1,NA,"1995-06-16","1995-06-16","1995-07-26","1995-08-09",1,1,1,19,13,"CN",1995,1,1,"1995-06-16",1995,"1997-2010",823,562,1,1,2,0,NA,1,1,1,1,1
"1477",2208,"CN_1995_19_1",2092,1,NA,"1995-07-17","1995-08-08",NA,NA,1,1,0,19,25,"CN",1995,0,0,"1995-07-28",1995,"1997-2010",502,215,1,0,3,0,NA,0,1,0,1,0
"1478",2209,"CN_1995_28_1",2099,1,NA,"1995-08-04","1995-08-11",NA,NA,1,0,0,19,38,"CN",1995,0,0,"1995-08-07",1995,"1997-2010",441,42,1,0,4,0,NA,0,1,0,1,0
"1479",2210,"CN_1995_29_1",2100,1,NA,"1995-07-16","1995-07-16","1995-08-12","1995-08-25",1,1,1,19,40,"CN",1995,1,1,"1995-07-16",1995,"1997-2010",500,494,0,1,1,1,1,1,1,1,1,1
"1480",2211,"CN_1995_30_1",2101,1,NA,"1995-07-17","1995-08-08",NA,NA,1,1,0,19,41,"CN",1995,0,0,"1995-07-28",1995,"1997-2010",199,929,2,2,0,0,NA,0,1,0,1,0
"1481",2212,"CN_1995_33_2",2103,2,NA,"1995-07-10","1995-07-25","1995-08-16","1995-08-28",1,1,1,19,47,"CN",1995,1,1,"1995-07-17",1995,"1997-2010",604,603,1,1,2,0,NA,1,1,1,1,1
"1482",2213,"CN_1995_35_1",2105,1,NA,"1995-07-07","1995-07-25",NA,NA,1,0,0,19,51,"CN",1995,0,0,"1995-07-16",1995,"1997-2010",466,51,0,0,2,0,NA,0,1,0,1,0
"1483",2214,"CN_1995_36_1",2106,1,NA,"1995-07-04","1995-07-07",NA,NA,1,1,0,19,52,"CN",1995,0,0,"1995-07-05",1995,"1997-2010",464,25,0,0,3,0,NA,0,1,0,1,0
"1484",2215,"CN_1995_42_1",2112,1,NA,"1995-07-30","1995-08-05",NA,NA,2,1,0,19,59,"CN",1995,0,0,"1995-08-02",1995,"1997-2010",608,510,0,1,3,0,NA,0,2,0,1,0
"1485",2215,"CN_1995_42_1",2112,1,NA,"1995-07-30","1995-08-05",NA,NA,2,1,0,19,59,"CN",1995,0,0,"1995-08-02",1995,"1997-2010",608,510,0,1,3,0,NA,0,2,0,2,0
"1486",2216,"CN_1995_46_1",2115,1,NA,"1995-06-29","1995-06-29",NA,NA,1,0,0,19,63,"CN",1995,0,0,"1995-06-29",1995,"1997-2010",468,176,0,2,8,0,NA,0,1,0,1,0
"1487",2217,"CN_1995_52_1",2121,1,NA,"1995-06-12","1995-06-19","1995-07-21","1995-07-23",1,1,1,19,76,"CN",1995,1,1,"1995-06-15",1995,"1997-2010",628,2650,1,0,1,0,NA,1,1,1,1,1
"1488",2218,"CN_1995_75_1",2138,1,NA,NA,"1995-06-01",NA,"1995-07-05",1,1,1,19,108,"CN",1995,1,1,"1995-06-01",1995,"1997-2010",505,75,1,2,0,0,NA,1,1,1,1,1
"1489",2219,"CN_1995_78_1",2141,1,NA,NA,"1995-06-29",NA,"1995-08-02",1,1,1,19,112,"CN",1995,1,1,"1995-06-29",1995,"1997-2010",217,836,0,0,5,0,NA,1,1,1,1,1
"1490",2220,"CN_1995_80_1",2142,1,NA,"1995-06-29","1995-07-04",NA,NA,1,1,0,19,115,"CN",1995,0,0,"1995-07-01",1995,"1997-2010",329,298,0,2,1,0,NA,0,1,0,1,0
"1491",2221,"CN_1995_84_1",2146,1,NA,"1995-06-07","1995-06-25",NA,NA,1,0,0,19,123,"CN",1995,0,0,"1995-06-16",1995,"1997-2010",508,602,0,0,2,0,NA,0,1,0,1,0
"1492",2222,"CN_1995_85_1",2148,1,NA,"1995-06-19","1995-06-23",NA,"1995-07-29",1,1,1,19,125,"CN",1995,1,1,"1995-06-21",1995,"1997-2010",638,633,0,2,0,0,NA,1,1,1,1,1
"1493",2223,"CN_2003_28.1_1",2581,1,1,"2003-07-30","2003-07-30","2003-08-31","2003-09-06",1,1,1,30,39,"CN",2003,1,1,"2003-07-30",2003,"1997-2010",1415,1666,0,1,1,0,NA,1,1,1,1,1
"1494",2224,"CN_2003_26.5_1",2580,1,NA,"2003-08-07","2003-08-25",NA,NA,1,0,0,30,36,"CN",2003,0,0,"2003-08-16",2003,"1997-2010",1536,1787,1,0,0,0,NA,0,1,0,1,0
"1495",2225,"CN_2010_1_1",4958,1,1,"2010-07-25","2010-07-25",NA,"2010-08-28",1,1,1,104,1,"CN",2010,1,1,"2010-07-25",2010,"1997-2010",5160,1750,1,0,0,0,NA,1,1,1,1,1
"1496",2226,"CN_2010_1.1_1",4959,1,1,"2010-07-19","2010-07-21","2010-08-25","2010-08-27",1,1,1,104,2,"CN",2010,1,1,"2010-07-20",2010,"1997-2010",5267,2960,1,0,1,0,NA,1,1,1,1,1
"1497",2227,"CN_2010_2_1",4960,1,1,"2010-08-02","2010-08-04","2010-09-05","2010-09-08",1,1,1,104,3,"CN",2010,1,1,"2010-08-03",2010,"1997-2010",1763,5204,3,1,1,0,NA,1,1,1,1,1
"1498",2228,"CN_2010_3_1",4961,1,1,"2010-07-16","2010-07-16",NA,NA,1,0,0,104,4,"CN",2010,0,0,"2010-07-16",2010,"1997-2010",1532,911,0,0,1,0,NA,0,1,0,1,0
"1499",2229,"CN_2010_3_2",4961,1,2,"2010-08-08","2010-08-26",NA,NA,2,0,0,104,4,"CN",2010,0,0,"2010-08-17",2010,"1997-2010",1532,911,0,0,1,0,NA,0,2,0,1,0
"1500",2229,"CN_2010_3_2",4961,1,2,"2010-08-08","2010-08-26",NA,NA,2,0,0,104,4,"CN",2010,0,0,"2010-08-17",2010,"1997-2010",1532,911,0,0,1,0,NA,0,2,0,2,0
"1501",2230,"CN_2010_3.1_1",4962,1,NA,"2010-07-23","2010-07-23","2010-09-01","2010-09-02",1,1,1,104,5,"CN",2010,1,1,"2010-07-23",2010,"1997-2010",5155,1187,2,1,0,0,NA,1,1,1,1,1
"1502",2231,"CN_2010_4_1",4963,1,1,"2010-07-19","2010-08-06",NA,"2010-08-30",1,1,1,104,7,"CN",2010,1,1,"2010-07-28",2010,"1997-2010",1791,1509,1,0,1,0,NA,1,1,1,1,1
"1503",2232,"CN_2010_5_1",4964,1,1,NA,"2010-07-02",NA,NA,1,0,0,104,8,"CN",2010,0,0,"2010-07-02",2010,"1997-2010",1605,4939,1,1,4,0,NA,0,1,0,1,0
"1504",2233,"CN_2010_5_2",4964,2,2,"2010-07-30","2010-07-30",NA,NA,1,0,0,104,8,"CN",2010,0,0,"2010-07-30",2010,"1997-2010",1605,4939,1,1,4,0,NA,0,1,0,1,0
"1505",2234,"CN_2010_5_3",4964,3,3,"2010-08-25","2010-08-30",NA,NA,1,0,0,104,8,"CN",2010,0,0,"2010-08-27",2010,"1997-2010",1605,4939,1,1,4,0,NA,0,1,0,1,0
"1506",2236,"CN_2010_6_2",4965,2,NA,"2010-07-30","2010-08-04","2010-08-31","2010-09-02",1,1,1,104,9,"CN",2010,1,1,"2010-08-01",2010,"1997-2010",1826,1499,1,0,1,0,NA,1,1,1,1,1
"1507",2237,"CN_2010_6.5_1",4966,1,1,"2010-07-23","2010-07-23",NA,NA,1,1,0,104,11,"CN",2010,0,0,"2010-07-23",2010,"1997-2010",4971,4902,0,0,1,0,NA,0,1,0,1,0
"1508",2238,"CN_2010_7_1",4967,1,1,"2010-07-11","2010-07-16",NA,NA,1,0,0,104,12,"CN",2010,0,0,"2010-07-13",2010,"1997-2010",930,3519,0,1,0,0,NA,0,1,0,1,0
"1509",2239,"CN_2010_7_2",4967,2,2,"2010-07-30","2010-08-04",NA,NA,1,0,0,104,12,"CN",2010,0,0,"2010-08-01",2010,"1997-2010",930,3519,0,1,0,0,NA,0,1,0,1,0
"1510",2240,"CN_2010_7_3",4967,3,3,"2010-08-24","2010-08-30",NA,NA,1,0,0,104,12,"CN",2010,0,0,"2010-08-27",2010,"1997-2010",930,3519,0,1,0,0,NA,0,1,0,1,0
"1511",2241,"CN_2010_8_1",4968,1,1,"2010-07-12","2010-07-20","2010-08-19","2010-08-24",1,1,1,104,13,"CN",2010,1,1,"2010-07-16",2010,"1997-2010",4964,1607,1,1,1,0,NA,1,1,1,1,1
"1512",2242,"CN_2010_9_1",4969,1,1,"2010-07-08","2010-07-26",NA,NA,1,0,0,104,14,"CN",2010,0,0,"2010-07-17",2010,"1997-2010",5284,2988,0,0,2,0,NA,0,1,0,1,0
"1513",2243,"CN_2010_9_2",4969,2,2,"2010-08-11","2010-08-15",NA,NA,1,1,0,104,14,"CN",2010,0,0,"2010-08-13",2010,"1997-2010",5284,2988,0,0,2,0,NA,0,1,0,1,0
"1514",2244,"CN_2010_10_1",4970,1,1,"2010-07-18","2010-07-27","2010-08-23","2010-08-30",1,1,1,104,15,"CN",2010,1,1,"2010-07-22",2010,"1997-2010",4863,1762,2,0,0,0,NA,1,1,1,1,1
"1515",2245,"CN_2010_11_1",4971,1,1,"2010-07-10","2010-07-28",NA,NA,1,0,0,104,16,"CN",2010,0,0,"2010-07-19",2010,"1997-2010",1753,5197,0,0,0,0,NA,0,1,0,1,0
"1516",2246,"CN_2010_11_2",4971,2,2,"2010-08-09","2010-08-27",NA,NA,1,0,0,104,16,"CN",2010,0,0,"2010-08-18",2010,"1997-2010",1753,5197,0,0,0,0,NA,0,1,0,1,0
"1517",2247,"CN_2010_15_1",4972,1,1,"2010-07-11","2010-07-29",NA,"2010-08-31",1,1,1,104,20,"CN",2010,1,1,"2010-07-20",2010,"1997-2010",3085,1729,1,0,1,0,NA,1,1,1,1,1
"1518",2249,"CN_2010_17_2",4974,2,1,"2010-08-12","2010-08-15",NA,NA,1,1,0,104,23,"CN",2010,0,0,"2010-08-13",2010,"1997-2010",5287,1702,0,0,2,0,NA,0,1,0,1,0
"1519",2250,"CN_2010_18_1",4975,1,1,"2010-07-09","2010-07-27",NA,NA,1,0,0,104,24,"CN",2010,0,0,"2010-07-18",2010,"1997-2010",5164,2966,0,0,1,0,NA,0,1,0,1,0
"1520",2251,"CN_2010_18_2",4975,2,2,"2010-08-10","2010-08-14",NA,NA,1,1,0,104,24,"CN",2010,0,0,"2010-08-12",2010,"1997-2010",5164,2966,0,0,1,0,NA,0,1,0,1,0
"1521",2252,"CN_2010_20_1",4976,1,1,"2010-07-05","2010-07-23",NA,"2010-08-25",1,1,1,104,26,"CN",2010,1,1,"2010-07-14",2010,"1997-2010",1852,5071,1,0,1,0,NA,1,1,1,1,1
"1522",2253,"CN_2010_21_1",4977,1,1,"2010-07-04","2010-07-09",NA,NA,1,0,0,104,27,"CN",2010,0,0,"2010-07-06",2010,"1997-2010",3490,3087,0,1,0,0,NA,0,1,0,1,0
"1523",2254,"CN_2010_21_2",4977,2,2,"2010-08-07","2010-08-09",NA,NA,1,1,0,104,27,"CN",2010,0,0,"2010-08-08",2010,"1997-2010",3490,3087,0,1,0,0,NA,0,1,0,1,0
"1524",2255,"CN_2010_22_1",4978,1,1,NA,"2010-07-01",NA,NA,1,0,0,104,28,"CN",2010,0,0,"2010-07-01",2010,"1997-2010",1857,3618,1,0,0,0,NA,0,1,0,1,0
"1525",2256,"CN_2010_22_2",4978,2,2,"2010-07-14","2010-08-01",NA,NA,1,0,0,104,28,"CN",2010,0,0,"2010-07-23",2010,"1997-2010",1857,3618,1,0,0,0,NA,0,1,0,1,0
"1526",2257,"CN_2010_22_3",4978,3,3,"2010-07-23","2010-08-10",NA,"2010-09-06",1,1,1,104,28,"CN",2010,1,1,"2010-08-01",2010,"1997-2010",1857,3618,1,0,0,0,NA,1,1,1,1,1
"1527",2258,"CN_2010_23_1",4979,1,1,"2010-07-20","2010-07-20","2010-08-25","2010-08-29",2,2,2,104,30,"CN",2010,1,1,"2010-07-20",2010,"1997-2010",5163,5072,2,0,0,0,NA,2,2,1,1,1
"1528",2258,"CN_2010_23_1",4979,1,1,"2010-07-20","2010-07-20","2010-08-25","2010-08-29",2,2,2,104,30,"CN",2010,1,1,"2010-07-20",2010,"1997-2010",5163,5072,2,0,0,0,NA,2,2,1,2,1
"1529",2259,"CN_2010_24_1",4980,1,1,"2010-07-13","2010-07-16","2010-08-19","2010-08-22",1,1,1,104,32,"CN",2010,1,1,"2010-07-14",2010,"1997-2010",3497,1611,1,0,0,0,NA,1,1,1,1,1
"1530",2261,"CN_2010_25_2",4981,2,2,"2010-08-12","2010-08-16",NA,NA,1,1,0,104,33,"CN",2010,0,0,"2010-08-14",2010,"1997-2010",4941,5526,0,0,1,0,NA,0,1,0,1,0
"1531",2262,"CN_2010_26_1",4982,1,1,"2010-07-07","2010-07-23",NA,NA,1,0,0,104,34,"CN",2010,0,0,"2010-07-15",2010,"1997-2010",1864,1542,0,0,1,0,NA,0,1,0,1,0
"1532",2263,"CN_2010_26_2",4982,2,2,NA,"2010-08-07",NA,NA,1,0,0,104,34,"CN",2010,0,0,"2010-08-07",2010,"1997-2010",1864,1542,0,0,1,0,NA,0,1,0,1,0
"1533",2264,"CN_2010_26_3",4982,3,3,"2010-08-29","2010-09-02",NA,NA,1,0,0,104,34,"CN",2010,0,0,"2010-08-31",2010,"1997-2010",1864,1542,0,0,1,0,NA,0,1,0,1,0
"1534",2265,"CN_2010_26.5_1",4983,1,1,"2010-07-07","2010-07-12","2010-08-08","2010-08-16",1,1,1,104,36,"CN",2010,1,1,"2010-07-09",2010,"1997-2010",1824,5220,1,0,1,0,NA,1,1,1,1,1
"1535",2266,"CN_2010_28.1_1",4984,1,1,"2010-07-20","2010-07-20","2010-08-29","2010-08-29",2,2,2,104,39,"CN",2010,1,1,"2010-07-20",2010,"1997-2010",1415,4890,2,0,0,0,NA,2,2,1,1,1
"1536",2266,"CN_2010_28.1_1",4984,1,1,"2010-07-20","2010-07-20","2010-08-29","2010-08-29",2,2,2,104,39,"CN",2010,1,1,"2010-07-20",2010,"1997-2010",1415,4890,2,0,0,0,NA,2,2,1,2,1
"1537",2267,"CN_2010_29_1",4985,1,1,"2010-07-28","2010-07-29","2010-08-30","2010-09-03",1,1,1,104,40,"CN",2010,1,1,"2010-07-28",2010,"1997-2010",3462,3093,1,0,0,0,NA,1,1,1,1,1
"1538",2268,"CN_2010_30.1_1",4986,1,1,"2010-07-11","2010-07-29",NA,"2010-08-31",1,1,1,104,42,"CN",2010,1,1,"2010-07-20",2010,"1997-2010",5119,5235,1,0,0,0,NA,1,1,1,1,1
"1539",2270,"CN_2010_30.2_2",4987,2,1,"2010-07-30","2010-08-02","2010-09-07","2010-09-08",1,1,1,104,43,"CN",2010,1,1,"2010-07-31",2010,"1997-2010",5320,1029,1,0,2,0,NA,1,1,1,1,1
"1540",2271,"CN_2010_32.5_1",4988,1,1,"2010-07-12","2010-07-16","2010-08-15","2010-08-23",1,1,1,104,46,"CN",2010,1,1,"2010-07-14",2010,"1997-2010",4973,1868,1,0,2,0,NA,1,1,1,1,1
"1541",2273,"CN_2010_33_2",4989,2,1,"2010-07-30","2010-08-02","2010-08-30","2010-09-06",1,1,1,104,47,"CN",2010,1,1,"2010-07-31",2010,"1997-2010",1765,1752,1,1,2,0,NA,1,1,1,1,1
"1542",2274,"CN_2010_33.1_1",4990,1,1,"2010-07-11","2010-07-29",NA,"2010-08-24",1,1,1,104,48,"CN",2010,1,1,"2010-07-20",2010,"1997-2010",4896,2990,1,0,1,0,NA,1,1,1,1,1
"1543",2275,"CN_2010_34.5_1",4991,1,1,NA,"2010-07-22",NA,"2010-08-28",1,1,1,104,50,"CN",2010,1,1,"2010-07-22",2010,"1997-2010",3608,5237,1,0,0,0,NA,1,1,1,1,1
"1544",2278,"CN_2010_37_1",4993,1,1,NA,"2010-06-29","2010-08-07","2010-08-27",1,1,1,104,53,"CN",2010,1,1,"2010-06-29",2010,"1997-2010",3094,5170,1,0,1,0,NA,1,1,1,1,1
"1545",2279,"CN_2010_38_1",4994,1,1,"2010-07-21","2010-07-23",NA,NA,1,0,0,104,54,"CN",2010,0,0,"2010-07-22",2010,"1997-2010",1821,1504,0,0,1,0,NA,0,1,0,1,0
"1546",2280,"CN_2010_38_2",4994,2,2,"2010-08-13","2010-08-21",NA,NA,1,1,0,104,54,"CN",2010,0,0,"2010-08-17",2010,"1997-2010",1821,1504,0,0,1,0,NA,0,1,0,1,0
"1547",2281,"CN_2010_39_1",4995,1,1,"2010-07-16","2010-08-03",NA,NA,1,0,0,104,55,"CN",2010,0,0,"2010-07-25",2010,"1997-2010",2968,5240,0,0,1,0,NA,0,1,0,1,0
"1548",2282,"CN_2010_41_1",4996,1,1,"2010-07-02","2010-07-13","2010-08-09","2010-08-20",1,1,1,104,57,"CN",2010,1,1,"2010-07-07",2010,"1997-2010",2959,5321,1,0,0,0,NA,1,1,1,1,1
"1549",2284,"CN_2010_41.1_2",4997,2,1,"2010-08-15","2010-08-27",NA,NA,1,0,0,104,58,"CN",2010,0,0,"2010-08-21",2010,"1997-2010",1757,1523,0,0,2,0,NA,0,1,0,1,0
"1550",2285,"CN_2010_42_1",4998,1,1,"2010-06-26","2010-07-09","2010-08-04","2010-08-12",1,1,1,104,59,"CN",2010,1,1,"2010-07-02",2010,"1997-2010",3022,3696,1,0,0,0,NA,1,1,1,1,1
"1551",2286,"CN_2010_43_1",4999,1,1,"2010-07-14","2010-07-20","2010-08-18","2010-08-24",1,1,1,104,60,"CN",2010,1,1,"2010-07-17",2010,"1997-2010",3453,1744,1,0,0,0,NA,1,1,1,1,1
"1552",2287,"CN_2010_44_1",5000,1,1,"2010-07-05","2010-07-12","2010-08-09","2010-08-15",1,1,1,104,61,"CN",2010,1,1,"2010-07-08",2010,"1997-2010",1827,4934,1,0,0,0,NA,1,1,1,1,1
"1553",2288,"CN_2010_45_1",5001,1,1,"2010-06-29","2010-07-09","2010-08-04","2010-08-24",1,1,1,104,62,"CN",2010,1,1,"2010-07-04",2010,"1997-2010",5336,5290,1,0,1,0,NA,1,1,1,1,1
"1554",2289,"CN_2010_46_1",5002,1,1,"2010-07-23","2010-07-23",NA,NA,1,1,0,104,63,"CN",2010,0,0,"2010-07-23",2010,"1997-2010",1042,1577,1,1,1,0,NA,0,1,0,1,0
"1555",2290,"CN_2010_46_2",5002,2,2,"2010-08-15","2010-08-15",NA,NA,1,1,0,104,63,"CN",2010,0,0,"2010-08-15",2010,"1997-2010",1042,1577,1,1,1,0,NA,0,1,0,1,0
"1556",2291,"CN_2010_47_1",5003,1,1,"2010-06-29","2010-07-16",NA,"2010-08-12",1,1,1,104,67,"CN",2010,1,1,"2010-07-07",2010,"1997-2010",5195,4972,1,0,0,0,NA,1,1,1,1,1
"1557",2292,"CN_2010_47.1_1",5004,1,1,"2010-07-24","2010-08-02",NA,NA,1,0,0,104,68,"CN",2010,0,0,"2010-07-28",2010,"1997-2010",1669,5508,0,0,4,0,NA,0,1,0,1,0
"1558",2294,"CN_2010_49_1",5006,1,1,"2010-07-07","2010-07-07",NA,NA,1,0,0,104,70,"CN",2010,0,0,"2010-07-07",2010,"1997-2010",5224,1881,0,0,1,0,NA,0,1,0,1,0
"1559",2295,"CN_2010_49_2",5006,2,NA,"2010-07-26","2010-08-06",NA,NA,1,0,0,104,70,"CN",2010,0,0,"2010-07-31",2010,"1997-2010",5224,1881,0,0,1,0,NA,0,1,0,1,0
"1560",2296,"CN_2010_49_3",5006,3,NA,"2010-08-06","2010-08-06",NA,NA,1,1,0,104,70,"CN",2010,0,0,"2010-08-06",2010,"1997-2010",5224,1881,0,0,1,0,NA,0,1,0,1,0
"1561",2298,"CN_2010_50_2",5007,2,NA,"2010-07-05","2010-07-23",NA,"2010-08-20",1,1,1,104,71,"CN",2010,1,1,"2010-07-14",2010,"1997-2010",4917,5144,1,0,0,0,NA,1,1,1,1,1
"1562",2299,"CN_2010_51.1_1",5009,1,1,"2010-07-31","2010-08-03","2010-09-02","2010-09-07",1,1,1,104,74,"CN",2010,1,1,"2010-08-01",2010,"1997-2010",5168,NA,1,1,4,0,NA,1,1,1,1,1
"1563",2300,"CN_2010_51.2_1",5010,1,1,"2010-07-17","2010-07-20","2010-08-20","2010-08-23",1,1,1,104,75,"CN",2010,1,1,"2010-07-18",2010,"1997-2010",2989,4887,1,0,4,0,NA,1,1,1,1,1
"1564",2301,"CN_2010_52.1_1",5011,1,1,"2010-07-23","2010-07-27","2010-08-30","2010-09-05",1,1,1,104,77,"CN",2010,1,1,"2010-07-25",2010,"1997-2010",4958,4888,1,0,0,0,NA,1,1,1,1,1
"1565",2302,"CN_2010_53_1",5012,1,1,"2010-07-06","2010-07-13","2010-08-14","2010-08-16",2,2,2,104,79,"CN",2010,1,1,"2010-07-09",2010,"1997-2010",1803,1802,2,1,0,0,NA,2,2,1,1,1
"1566",2302,"CN_2010_53_1",5012,1,1,"2010-07-06","2010-07-13","2010-08-14","2010-08-16",2,2,2,104,79,"CN",2010,1,1,"2010-07-09",2010,"1997-2010",1803,1802,2,1,0,0,NA,2,2,1,2,1
"1567",2303,"CN_2010_54_1",5013,1,1,"2010-07-27","2010-07-27",NA,NA,1,0,0,104,81,"CN",2010,0,0,"2010-07-27",2010,"1997-2010",5194,4947,0,0,0,0,NA,0,1,0,1,0
"1568",2304,"CN_2010_55_1",5014,1,1,"2010-07-31","2010-08-02",NA,NA,1,0,0,104,82,"CN",2010,0,0,"2010-08-01",2010,"1997-2010",2986,5447,0,0,0,0,NA,0,1,0,1,0
"1569",2305,"CN_2010_56_1",5015,1,1,"2010-07-06","2010-07-12",NA,NA,1,0,0,104,83,"CN",2010,0,0,"2010-07-09",2010,"1997-2010",3567,1604,1,0,1,0,NA,0,1,0,1,0
"1570",2306,"CN_2010_56_2",5015,2,2,"2010-07-24","2010-07-30","2010-08-31","2010-09-05",1,1,1,104,83,"CN",2010,1,1,"2010-07-27",2010,"1997-2010",3567,1604,1,0,1,0,NA,1,1,1,1,1
"1571",2307,"CN_2010_57.1_1",5016,1,1,"2010-07-14","2010-07-20","2010-08-16","2010-08-23",1,1,1,104,85,"CN",2010,1,1,"2010-07-17",2010,"1997-2010",1491,5285,1,0,0,0,NA,1,1,1,1,1
"1572",2308,"CN_2010_58_1",5017,1,1,"2010-07-27","2010-07-27",NA,NA,2,0,0,104,86,"CN",2010,0,0,"2010-07-27",2010,"1997-2010",2978,3089,1,1,0,0,NA,0,2,0,1,0
"1573",2308,"CN_2010_58_1",5017,1,1,"2010-07-27","2010-07-27",NA,NA,2,0,0,104,86,"CN",2010,0,0,"2010-07-27",2010,"1997-2010",2978,3089,1,1,0,0,NA,0,2,0,2,0
"1574",2309,"CN_2010_59_1",5018,1,1,"2010-08-07","2010-08-10",NA,NA,1,1,0,104,87,"CN",2010,0,0,"2010-08-08",2010,"1997-2010",5174,1722,0,0,0,0,NA,0,1,0,1,0
"1575",2310,"CN_2010_59.1_1",5019,1,1,"2010-08-11","2010-08-15",NA,NA,1,0,0,104,88,"CN",2010,0,0,"2010-08-13",2010,"1997-2010",4904,5283,0,0,0,0,NA,0,1,0,1,0
"1576",2312,"CN_2010_60.1_1",5020,1,1,"2010-07-27","2010-07-28","2010-08-30","2010-08-31",1,1,1,104,90,"CN",2010,1,1,"2010-07-27",2010,"1997-2010",3595,5292,1,1,0,0,NA,1,1,1,1,1
"1577",2313,"CN_2010_62_1",5021,1,1,"2010-07-23","2010-07-28",NA,NA,1,1,0,104,92,"CN",2010,0,0,"2010-07-25",2010,"1997-2010",1717,4954,0,0,1,0,NA,0,1,0,1,0
"1578",2314,"CN_2010_62_2",5021,2,NA,"2010-08-25","2010-08-30",NA,NA,1,0,0,104,92,"CN",2010,0,0,"2010-08-27",2010,"1997-2010",1717,4954,0,0,1,0,NA,0,1,0,1,0
"1579",2315,"CN_2010_63_1",5022,1,1,"2010-08-04","2010-08-10",NA,NA,1,0,0,104,94,"CN",2010,0,0,"2010-08-07",2010,"1997-2010",1195,5249,0,0,0,0,NA,0,1,0,1,0
"1580",2316,"CN_2010_64_1",5023,1,1,"2010-08-04","2010-08-04",NA,NA,1,1,0,104,95,"CN",2010,0,0,"2010-08-04",2010,"1997-2010",4960,4872,0,0,2,0,NA,0,1,0,1,0
"1581",2317,"CN_2010_65_1",5024,1,1,"2010-07-29","2010-08-01","2010-09-06","2010-09-07",1,1,1,104,96,"CN",2010,1,1,"2010-07-30",2010,"1997-2010",4935,4948,1,1,1,0,NA,1,1,1,1,1
"1582",2318,"CN_2010_66_1",5025,1,1,"2010-07-28","2010-07-30",NA,NA,1,1,0,104,98,"CN",2010,0,0,"2010-07-29",2010,"1997-2010",1438,1708,0,0,0,0,NA,0,1,0,1,0
"1583",2319,"CN_2010_66_2",5025,1,2,"2010-08-06","2010-08-24",NA,NA,1,0,0,104,98,"CN",2010,0,0,"2010-08-15",2010,"1997-2010",1438,1708,0,0,0,0,NA,0,1,0,1,0
"1584",2320,"CN_2010_67_1",5026,1,1,"2010-08-01","2010-08-04",NA,NA,2,2,0,104,99,"CN",2010,0,0,"2010-08-02",2010,"1997-2010",3604,1533,0,0,0,0,NA,0,2,0,1,0
"1585",2320,"CN_2010_67_1",5026,1,1,"2010-08-01","2010-08-04",NA,NA,2,2,0,104,99,"CN",2010,0,0,"2010-08-02",2010,"1997-2010",3604,1533,0,0,0,0,NA,0,2,0,2,0
"1586",2321,"CN_2010_68_1",5027,1,1,"2010-07-28","2010-07-28",NA,NA,1,0,0,104,100,"CN",2010,0,0,"2010-07-28",2010,"1997-2010",3606,5497,0,0,0,0,NA,0,1,0,1,0
"1587",2322,"CN_2010_68_2",5027,1,2,"2010-08-20","2010-08-24",NA,NA,2,0,0,104,100,"CN",2010,0,0,"2010-08-22",2010,"1997-2010",3606,5497,0,0,0,0,NA,0,2,0,1,0
"1588",2322,"CN_2010_68_2",5027,1,2,"2010-08-20","2010-08-24",NA,NA,2,0,0,104,100,"CN",2010,0,0,"2010-08-22",2010,"1997-2010",3606,5497,0,0,0,0,NA,0,2,0,2,0
"1589",2323,"CN_2010_69_1",5028,1,1,"2010-07-23","2010-07-28","2010-08-25","2010-09-01",1,1,1,104,101,"CN",2010,1,1,"2010-07-25",2010,"1997-2010",3518,3454,1,0,1,0,NA,1,1,1,1,1
"1590",2324,"CN_2010_73_1",5029,1,1,"2010-07-23","2010-08-02",NA,NA,1,0,0,104,105,"CN",2010,0,0,"2010-07-28",2010,"1997-2010",5128,3458,0,0,1,0,NA,0,1,0,1,0
"1591",2325,"CN_2010_73_2",5029,2,2,"2010-08-20","2010-08-23",NA,NA,1,0,0,104,105,"CN",2010,0,0,"2010-08-21",2010,"1997-2010",5128,3458,0,0,1,0,NA,0,1,0,1,0
"1592",2326,"CN_2010_76_1",5030,1,1,"2010-07-13","2010-07-18","2010-08-16","2010-08-24",1,1,1,104,109,"CN",2010,1,1,"2010-07-15",2010,"1997-2010",1580,3643,1,0,0,0,NA,1,1,1,1,1
"1593",2327,"CN_2010_77_1",5031,1,1,"2010-07-03","2010-07-15","2010-08-11","2010-08-18",2,2,1,104,110,"CN",2010,0.5,0.5,"2010-07-09",2010,"1997-2010",3645,3644,1,1,0,0,NA,1,2,0.5,1,1
"1594",2327,"CN_2010_77_1",5031,1,1,"2010-07-03","2010-07-15","2010-08-11","2010-08-18",2,2,1,104,110,"CN",2010,0.5,0.5,"2010-07-09",2010,"1997-2010",3645,3644,1,1,0,0,NA,1,2,0.5,2,0
"1595",2328,"CN_2010_77.1_1",5032,1,1,"2010-07-04","2010-07-19","2010-08-12","2010-08-24",1,1,1,104,111,"CN",2010,1,1,"2010-07-11",2010,"1997-2010",5212,5199,1,0,0,0,NA,1,1,1,1,1
"1596",2329,"CN_2010_78_1",5033,1,1,"2010-07-14","2010-07-16","2010-08-17","2010-08-19",1,1,1,104,112,"CN",2010,1,1,"2010-07-15",2010,"1997-2010",3444,1731,1,0,1,0,NA,1,1,1,1,1
"1597",2330,"CN_2010_81_1",5034,1,1,"2010-08-10","2010-08-10",NA,NA,1,0,0,104,116,"CN",2010,0,0,"2010-08-10",2010,"1997-2010",1685,3486,0,1,1,0,NA,0,1,0,1,0
"1598",2331,"CN_2010_82.1_1",5035,1,1,"2010-08-12","2010-08-16",NA,NA,1,1,0,104,118,"CN",2010,0,0,"2010-08-14",2010,"1997-2010",3698,1489,0,1,0,0,NA,0,1,0,1,0
"1599",2332,"CN_2010_82.1_2",5035,2,1,"2010-08-12","2010-08-16",NA,NA,1,1,0,104,118,"CN",2010,0,0,"2010-08-14",2010,"1997-2010",3698,1489,0,1,0,0,NA,0,1,0,1,0
"1600",2333,"CN_2010_84_1",5037,1,1,"2010-08-05","2010-08-08",NA,NA,1,1,0,104,123,"CN",2010,0,0,"2010-08-06",2010,"1997-2010",3694,5316,0,0,0,0,NA,0,1,0,1,0
"1601",2334,"CN_2010_85_1",5038,1,1,"2010-07-31","2010-08-03",NA,NA,1,0,0,104,125,"CN",2010,0,0,"2010-08-01",2010,"1997-2010",3596,1877,0,0,2,0,NA,0,1,0,1,0
"1602",2335,"CN_2010_85_2",5038,2,2,"2010-08-05","2010-08-15",NA,NA,1,0,0,104,125,"CN",2010,0,0,"2010-08-10",2010,"1997-2010",3596,1877,0,0,2,0,NA,0,1,0,1,0
"1603",2336,"CN_2010_86_1",5039,1,1,"2010-07-12","2010-07-21","2010-08-14","2010-08-19",1,1,1,104,126,"CN",2010,1,1,"2010-07-16",2010,"1997-2010",3491,5169,1,0,0,0,NA,1,1,1,1,1
"1604",2338,"CN_2010_87_2",5040,2,1,"2010-07-28","2010-08-04","2010-09-02","2010-09-07",1,1,1,104,127,"CN",2010,1,1,"2010-07-31",2010,"1997-2010",5323,1616,1,1,1,0,NA,1,1,1,1,1
"1605",2339,"CN_2010_87.1_1",5041,1,1,"2010-07-30","2010-08-02","2010-09-02","2010-09-07",1,1,1,104,128,"CN",2010,1,1,"2010-07-31",2010,"1997-2010",5277,4933,1,0,0,0,NA,1,1,1,1,1
"1606",2340,"CN_2010_88_1",5042,1,1,"2010-07-14","2010-07-23",NA,NA,1,0,0,104,129,"CN",2010,0,0,"2010-07-18",2010,"1997-2010",1678,5291,0,1,1,0,NA,0,1,0,1,0
"1607",2341,"CN_2010_88_2",5042,2,2,"2010-08-29","2010-08-31",NA,NA,1,0,0,104,129,"CN",2010,0,0,"2010-08-30",2010,"1997-2010",1678,5291,0,1,1,0,NA,0,1,0,1,0
"1608",2342,"CN_2010_92_1",5043,1,1,"2010-07-28","2010-08-01",NA,NA,1,1,0,104,134,"CN",2010,0,0,"2010-07-30",2010,"1997-2010",4868,5456,0,0,1,0,NA,0,1,0,1,0
"1609",2343,"CN_2010_93_1",5045,1,1,"2010-07-28","2010-08-07",NA,NA,1,1,0,104,137,"CN",2010,0,0,"2010-08-02",2010,"1997-2010",3574,4866,0,0,2,0,NA,0,1,0,1,0
"1610",2344,"CN_2010_94_1",5046,1,1,"2010-07-16","2010-07-27",NA,NA,1,0,0,104,138,"CN",2010,0,0,"2010-07-21",2010,"1997-2010",3451,1801,0,1,0,0,NA,0,1,0,1,0
"1611",2345,"CN_2010_94_2",5046,2,2,"2010-08-15","2010-08-15",NA,NA,1,1,0,104,138,"CN",2010,0,0,"2010-08-15",2010,"1997-2010",3451,1801,0,1,0,0,NA,0,1,0,1,0
"1612",2346,"CN_2010_94.2_1",5047,1,1,"2010-07-29","2010-08-04","2010-09-04","2010-09-07",1,1,1,104,140,"CN",2010,1,1,"2010-08-01",2010,"1997-2010",1617,1494,1,0,0,0,NA,1,1,1,1,1
"1613",2347,"CN_2010_101_1",5048,1,1,"2010-08-04","2010-08-08",NA,NA,1,1,1,104,154,"CN",2010,1,1,"2010-08-06",2010,"1997-2010",5324,1869,0,0,1,0,NA,1,1,1,1,1
"1614",2348,"CN_2010_101.1_1",5049,1,1,"2010-08-09","2010-08-09",NA,NA,1,0,0,104,155,"CN",2010,0,0,"2010-08-09",2010,"1997-2010",4885,5338,0,0,1,0,NA,0,1,0,1,0
"1615",2349,"CN_2010_102_1",5050,1,1,"2010-08-04","2010-08-06",NA,NA,1,1,0,104,157,"CN",2010,0,0,"2010-08-05",2010,"1997-2010",5075,5000,0,0,0,0,NA,0,1,0,1,0
"1616",2350,"CN_2010_103.1_1",5051,1,1,"2010-07-30","2010-07-30","2010-09-02","2010-09-02",2,2,1,104,159,"CN",2010,0.5,0.5,"2010-07-30",2010,"1997-2010",4861,5116,1,1,0,0,NA,1,2,0.5,1,1
"1617",2350,"CN_2010_103.1_1",5051,1,1,"2010-07-30","2010-07-30","2010-09-02","2010-09-02",2,2,1,104,159,"CN",2010,0.5,0.5,"2010-07-30",2010,"1997-2010",4861,5116,1,1,0,0,NA,1,2,0.5,2,0
"1618",2351,"CN_2010_104_1",5052,1,1,"2010-08-04","2010-08-09","2010-09-06","2010-09-08",1,1,1,104,160,"CN",2010,1,1,"2010-08-06",2010,"1997-2010",5132,5121,1,0,0,0,NA,1,1,1,1,1
"1619",2352,"CN_2010_108_1",5053,1,1,"2010-08-06","2010-08-10",NA,NA,1,1,0,104,165,"CN",2010,0,0,"2010-08-08",2010,"1997-2010",5531,4957,0,0,3,0,NA,0,1,0,1,0
"1620",2354,"CN_2010_111_1",5056,1,1,"2010-07-05","2010-07-10",NA,"2010-08-13",1,1,0,104,168,"CN",2010,0,0,"2010-07-07",2010,"1997-2010",3517,5333,1,0,1,1,1,1,1,1,1,1
"1621",2356,"CN_2010_112_2",5057,2,1,"2010-07-12","2010-07-23",NA,NA,1,0,0,104,169,"CN",2010,0,0,"2010-07-17",2010,"1997-2010",3699,5076,0,0,1,0,NA,0,1,0,1,0
"1622",2357,"CN_2010_112_3",5057,3,2,"2010-08-12","2010-08-13",NA,NA,1,0,0,104,169,"CN",2010,0,0,"2010-08-12",2010,"1997-2010",3699,5076,0,0,1,0,NA,0,1,0,1,0
"1623",2358,"CN_2010_114_1",5058,1,1,"2010-07-10","2010-07-28",NA,NA,1,0,0,104,171,"CN",2010,0,0,"2010-07-19",2010,"1997-2010",1872,1819,0,0,0,0,NA,0,1,0,1,0
"1624",2359,"CN_2010_114_2",5058,2,2,"2010-08-11","2010-08-15",NA,NA,1,0,0,104,171,"CN",2010,0,0,"2010-08-13",2010,"1997-2010",1872,1819,0,0,0,0,NA,0,1,0,1,0
"1625",2360,"CN_2010_116_1",5059,1,1,"2010-07-28","2010-08-04","2010-08-31","2010-09-07",1,1,1,104,173,"CN",2010,1,1,"2010-07-31",2010,"1997-2010",1716,4892,1,0,2,0,NA,1,1,1,1,1
"1626",2361,"CN_2010_117_1",5060,1,1,"2010-07-19","2010-07-23",NA,NA,1,0,0,104,174,"CN",2010,0,0,"2010-07-21",2010,"1997-2010",5162,5077,0,0,1,0,NA,0,1,0,1,0
"1627",2362,"CN_2010_117_2",5060,2,2,"2010-08-19","2010-08-25",NA,NA,1,0,0,104,174,"CN",2010,0,0,"2010-08-22",2010,"1997-2010",5162,5077,0,0,1,0,NA,0,1,0,1,0
"1628",2363,"CN_2010_120_1",5061,1,1,"2010-07-22","2010-07-27","2010-08-23","2010-08-30",1,1,1,104,177,"CN",2010,1,1,"2010-07-24",2010,"1997-2010",4883,5254,1,0,1,0,NA,1,1,1,1,1
"1629",2364,"CN_2010_121_1",5062,1,1,"2010-07-22","2010-08-04",NA,NA,1,0,0,104,178,"CN",2010,0,0,"2010-07-28",2010,"1997-2010",1798,2974,0,0,1,0,NA,0,1,0,1,0
"1630",2365,"CN_2010_121_2",5062,2,2,"2010-08-15","2010-08-18",NA,NA,1,1,0,104,178,"CN",2010,0,0,"2010-08-16",2010,"1997-2010",1798,2974,0,0,1,0,NA,0,1,0,1,0
"1631",2366,"CN_2010_122_1",5063,1,1,"2010-07-16","2010-08-03",NA,NA,1,1,1,104,179,"CN",2010,1,1,"2010-07-25",2010,"1997-2010",5268,2991,0,0,2,0,NA,1,1,1,1,1
"1632",2367,"CN_2010_123_1",5064,1,1,NA,"2010-07-27",NA,NA,1,0,0,104,172,"CN",2010,0,0,"2010-07-27",2010,"1997-2010",3594,5197,0,0,1,0,NA,0,1,0,1,0
"1633",2368,"CN_2010_126_1",5065,1,1,"2010-07-02","2010-07-10","2010-08-10","2010-08-13",1,1,1,104,407,"CN",2010,1,1,"2010-07-06",2010,"1997-2010",3569,3456,1,0,2,0,NA,1,1,1,1,1
"1634",2369,"CN_2010_127_1",5066,1,1,"2010-07-26","2010-07-29",NA,NA,1,1,0,104,478,"CN",2010,0,0,"2010-07-27",2010,"1997-2010",3590,4854,0,0,3,0,NA,0,1,0,1,0
"1635",2370,"CN_2010_127_2",5066,2,NA,"2010-08-26","2010-09-01",NA,NA,1,0,0,104,478,"CN",2010,0,0,"2010-08-29",2010,"1997-2010",3590,4854,0,0,3,0,NA,0,1,0,1,0
"1636",2371,"CN_2010_129_1",5067,1,1,NA,"2010-07-23",NA,NA,1,0,0,104,480,"CN",2010,0,0,"2010-07-23",2010,"1997-2010",4871,4860,1,0,0,0,NA,0,1,0,1,0
"1637",2372,"CN_2010_129_2",5067,2,1,"2010-07-24","2010-07-30","2010-08-30","2010-09-05",1,1,1,104,480,"CN",2010,1,1,"2010-07-27",2010,"1997-2010",4871,4860,1,0,0,0,NA,1,1,1,1,1
"1638",2373,"CN_2010_130_1",5068,1,1,NA,"2010-07-24",NA,NA,1,0,0,104,479,"CN",2010,0,0,"2010-07-24",2010,"1997-2010",5549,5262,0,0,0,0,NA,0,1,0,1,0
"1639",2374,"CN_2010_130_2",5068,1,2,"2010-08-14","2010-08-18",NA,NA,1,1,0,104,479,"CN",2010,0,0,"2010-08-16",2010,"1997-2010",5549,5262,0,0,0,0,NA,0,1,0,1,0
"1640",2375,"CN_2010_131_2",5069,2,1,"2010-07-06","2010-07-16","2010-08-14","2010-08-19",1,1,1,104,477,"CN",2010,1,1,"2010-07-11",2010,"1997-2010",1707,1710,2,2,0,0,NA,1,1,1,1,1
"1641",2377,"CN_2010_133_1",5070,1,1,"2010-07-21","2010-07-23","2010-08-21","2010-08-27",1,1,1,104,481,"CN",2010,1,1,"2010-07-22",2010,"1997-2010",4961,5167,1,1,0,0,NA,1,1,1,1,1
"1642",2378,"CN_2010_134_1",5071,1,1,"2010-07-30","2010-08-04",NA,NA,1,1,0,104,490,"CN",2010,0,0,"2010-08-01",2010,"1997-2010",5147,5327,0,0,0,0,NA,0,1,0,1,0
"1643",2379,"CN_2010_135_1",5072,1,1,"2010-06-29","2010-07-19","2010-08-05","2010-08-25",1,1,1,104,515,"CN",2010,1,1,"2010-07-09",2010,"1997-2010",3616,5275,1,0,0,0,NA,1,1,1,1,1
"1644",2380,"CN_2010_136_1",5073,1,1,NA,"2010-08-05",NA,NA,1,0,0,104,516,"CN",2010,0,0,"2010-08-05",2010,"1997-2010",5009,2976,0,0,1,0,NA,0,1,0,1,0
"1645",2382,"CN_2010_39_2",4995,2,2,"2010-08-19","2010-09-06",NA,NA,1,0,0,104,55,"CN",2010,0,0,"2010-08-28",2010,"1997-2010",2968,5240,0,0,1,0,NA,0,1,0,1,0
"1646",2383,"CN_2010_112_4",5057,4,3,"2010-08-19","2010-09-06",NA,NA,1,0,0,104,169,"CN",2010,0,0,"2010-08-28",2010,"1997-2010",3699,5076,0,0,1,0,NA,0,1,0,1,0
"1647",2384,"CN_2011_7_1",5079,1,1,"2011-07-13","2011-07-13",NA,NA,1,1,0,105,12,"CN",2011,0,0,"2011-07-13",2011,"2011-2024",930,5462,0,1,0,0,NA,0,1,0,1,0
"1648",2385,"CN_2011_5_1",5080,1,1,"2011-06-26","2011-07-14",NA,NA,1,0,0,105,8,"CN",2011,0,0,"2011-07-05",2011,"2011-2024",1605,5620,1,1,1,0,NA,0,1,0,1,0
"1649",2386,"CN_2011_103.1_1",5081,1,1,"2011-07-11","2011-07-14","2011-08-14","2011-08-22",1,1,1,105,159,"CN",2011,1,1,"2011-07-12",2011,"2011-2024",4861,5116,2,2,2,0,NA,1,1,1,1,1
"1650",2387,"CN_2011_26.5_1",5082,1,1,"2011-07-15","2011-07-15",NA,NA,1,0,0,105,36,"CN",2011,0,0,"2011-07-15",2011,"2011-2024",1824,5679,0,0,2,0,NA,0,1,0,1,0
"1651",2388,"CN_2011_116_1",5083,1,1,"2011-07-09","2011-07-13","2011-08-13","2011-08-20",1,1,1,105,173,"CN",2011,1,1,"2011-07-11",2011,"2011-2024",1716,4892,1,0,1,0,NA,1,1,1,1,1
"1652",2389,"CN_2011_41_1",5084,1,1,"2011-07-14","2011-07-16","2011-08-17","2011-08-20",1,1,1,105,57,"CN",2011,1,1,"2011-07-15",2011,"2011-2024",5514,5321,1,0,2,0,NA,1,1,1,1,1
"1653",2390,"CN_2011_28.1_1",5085,1,1,"2011-07-30","2011-08-01","2011-08-30","2011-09-02",1,1,1,105,39,"CN",2011,1,1,"2011-07-31",2011,"2011-2024",1415,4890,1,0,0,0,NA,1,1,1,1,1
"1654",2393,"CN_2011_1_3",5086,3,3,"2011-08-15","2011-08-15",NA,NA,1,0,0,105,1,"CN",2011,0,0,"2011-08-15",2011,"2011-2024",5160,1750,0,0,0,0,NA,0,1,0,1,0
"1655",2394,"CN_2011_1.1_1",5087,1,1,"2011-07-20","2011-07-20","2011-08-29","2011-08-31",1,1,1,105,2,"CN",2011,1,1,"2011-07-20",2011,"2011-2024",5267,2960,2,1,3,0,NA,1,1,1,1,1
"1656",2395,"CN_2011_2_2",5088,2,1,"2011-08-18","2011-08-22",NA,NA,1,0,0,105,3,"CN",2011,0,0,"2011-08-20",2011,"2011-2024",1763,5557,1,1,3,0,NA,0,1,0,1,0
"1657",2396,"CN_2011_5_2",5080,2,2,"2011-07-20","2011-07-28","2011-08-28","2011-08-31",1,1,1,105,8,"CN",2011,1,1,"2011-07-24",2011,"2011-2024",1605,5620,1,1,1,0,NA,1,1,1,1,1
"1658",2397,"CN_2011_6_1",5089,1,1,"2011-06-26","2011-07-14",NA,NA,1,0,0,105,9,"CN",2011,0,0,"2011-07-05",2011,"2011-2024",1826,1499,1,2,0,0,NA,0,1,0,1,0
"1659",2398,"CN_2011_6_2",5089,2,2,"2011-07-29","2011-08-06","2011-09-05","2011-09-11",1,1,1,105,9,"CN",2011,1,1,"2011-08-02",2011,"2011-2024",1826,1499,1,2,0,0,NA,1,1,1,1,1
"1660",2399,"CN_2011_6.5_1",5090,1,1,"2011-06-27","2011-07-15",NA,NA,1,1,1,105,11,"CN",2011,1,1,"2011-07-06",2011,"2011-2024",4971,4902,1,0,0,0,NA,1,1,1,1,1
"1661",2400,"CN_2011_7_2",5079,1,2,"2011-07-21","2011-08-08",NA,NA,1,1,1,105,12,"CN",2011,1,1,"2011-07-30",2011,"2011-2024",930,5462,0,1,0,0,NA,1,1,1,1,1
"1662",2403,"CN_2011_9_2",5092,2,1,"2011-08-20","2011-08-22","2011-09-21","2011-09-25",1,1,0,105,14,"CN",2011,0,0,"2011-08-21",2011,"2011-2024",5284,5539,3,0,0,0,NA,0,1,0,1,0
"1663",2404,"CN_2011_123_1",5093,1,1,NA,"2011-08-13",NA,NA,1,0,0,105,172,"CN",2011,0,0,"2011-08-13",2011,"2011-2024",3594,5453,0,0,1,0,NA,0,1,0,1,0
"1664",2405,"CN_2011_10_1",5094,1,1,"2011-06-29","2011-07-17",NA,NA,1,1,1,105,15,"CN",2011,1,1,"2011-07-08",2011,"2011-2024",5320,1762,1,0,1,0,NA,1,1,1,1,1
"1665",2408,"CN_2011_15_1",5096,1,1,"2011-07-17","2011-07-17",NA,NA,1,0,0,105,20,"CN",2011,0,0,"2011-07-17",2011,"2011-2024",3085,1729,0,1,0,0,NA,0,1,0,1,0
"1666",2409,"CN_2011_15_2",5096,1,2,"2011-08-08","2011-08-12",NA,NA,1,1,0,105,20,"CN",2011,0,0,"2011-08-10",2011,"2011-2024",3085,1729,0,1,0,0,NA,0,1,0,1,0
"1667",2410,"CN_2011_18_1",5097,1,1,"2011-07-28","2011-08-01","2011-08-31","2011-09-04",1,1,1,105,24,"CN",2011,1,1,"2011-07-30",2011,"2011-2024",5164,2966,1,0,1,0,NA,1,1,1,1,1
"1668",2411,"CN_2011_20_1",5098,1,1,"2011-06-27","2011-07-15",NA,NA,1,0,0,105,26,"CN",2011,0,0,"2011-07-06",2011,"2011-2024",1852,NA,0,0,4,0,NA,0,1,0,1,0
"1669",2412,"CN_2011_20_2",5098,2,2,"2011-07-29","2011-08-06",NA,NA,1,0,0,105,26,"CN",2011,0,0,"2011-08-02",2011,"2011-2024",1852,NA,0,0,4,0,NA,0,1,0,1,0
"1670",2413,"CN_2011_20_3",5098,3,3,"2011-08-20","2011-08-23",NA,NA,1,0,0,105,26,"CN",2011,0,0,"2011-08-21",2011,"2011-2024",1852,NA,0,0,4,0,NA,0,1,0,1,0
"1671",2415,"CN_2011_21_2",5099,2,2,"2011-07-05","2011-07-13",NA,"2011-07-30",1,1,1,105,27,"CN",2011,1,1,"2011-07-09",2011,"2011-2024",3490,3087,1,0,0,0,NA,1,1,1,1,1
"1672",2416,"CN_2011_22_2",5100,2,1,"2011-08-03","2011-08-15",NA,NA,1,0,0,105,28,"CN",2011,0,0,"2011-08-09",2011,"2011-2024",1857,5453,1,0,1,0,NA,0,1,0,1,0
"1673",2417,"CN_2011_23_1",5101,1,1,"2011-07-27","2011-07-27",NA,NA,1,1,0,105,30,"CN",2011,0,0,"2011-07-27",2011,"2011-2024",5163,5072,0,0,0,0,NA,0,1,0,1,0
"1674",2419,"CN_2011_24_2",5102,2,2,"2011-07-20","2011-07-23","2011-08-25","2011-08-29",1,1,1,105,32,"CN",2011,1,1,"2011-07-21",2011,"2011-2024",3497,1611,1,0,0,0,NA,1,1,1,1,1
"1675",2420,"CN_2011_25_1",5103,1,1,"2011-08-18","2011-08-21","2011-09-25","2011-09-28",1,1,1,105,33,"CN",2011,1,1,"2011-08-19",2011,"2011-2024",4941,5561,1,0,2,0,NA,1,1,1,1,1
"1676",2421,"CN_2011_26_1",5104,1,1,"2011-06-27","2011-07-15",NA,NA,1,0,0,105,34,"CN",2011,0,0,"2011-07-06",2011,"2011-2024",1864,1542,1,0,0,0,NA,0,1,0,1,0
"1677",2422,"CN_2011_26_2",5104,2,2,"2011-08-03","2011-08-09","2011-09-11","2011-09-12",1,1,1,105,34,"CN",2011,1,1,"2011-08-06",2011,"2011-2024",1864,1542,1,0,0,0,NA,1,1,1,1,1
"1678",2423,"CN_2011_29_1",5105,1,1,"2011-07-27","2011-07-28","2011-08-30","2011-08-31",1,1,1,105,40,"CN",2011,1,1,"2011-07-27",2011,"2011-2024",3462,3093,1,0,2,0,NA,1,1,1,1,1
"1679",2424,"CN_2011_30.2_1",5106,1,1,"2011-08-06","2011-08-11",NA,NA,1,0,0,105,43,"CN",2011,0,0,"2011-08-08",2011,"2011-2024",5465,5631,0,0,1,0,NA,0,1,0,1,0
"1680",2425,"CN_2011_32_1",5107,1,1,"2011-07-14","2011-07-24","2011-07-31","2011-08-19",1,1,1,105,45,"CN",2011,1,1,"2011-07-19",2011,"2011-2024",4999,5526,1,0,1,0,NA,1,1,1,1,1
"1681",2426,"CN_2011_32.5_1",5108,1,1,"2011-08-12","2011-08-15",NA,NA,1,0,0,105,46,"CN",2011,0,0,"2011-08-13",2011,"2011-2024",4973,1868,0,1,1,0,NA,0,1,0,1,0
"1682",2428,"CN_2011_33_2",5109,2,2,"2011-08-05","2011-08-05","2011-09-05","2011-09-10",1,1,1,105,47,"CN",2011,1,1,"2011-08-05",2011,"2011-2024",1765,5513,3,2,0,0,NA,1,1,1,1,1
"1683",2429,"CN_2011_33.1_1",5110,1,1,"2011-07-07","2011-07-13",NA,NA,1,0,0,105,48,"CN",2011,0,0,"2011-07-10",2011,"2011-2024",4896,5591,0,0,1,0,NA,0,1,0,1,0
"1684",2430,"CN_2011_33.1_2",5110,2,2,"2011-07-28","2011-08-01",NA,NA,1,0,0,105,48,"CN",2011,0,0,"2011-07-30",2011,"2011-2024",4896,5591,0,0,1,0,NA,0,1,0,1,0
"1685",2431,"CN_2011_33.1_3",5110,3,3,"2011-09-02","2011-09-08",NA,NA,1,0,0,105,48,"CN",2011,0,0,"2011-09-05",2011,"2011-2024",4896,5591,0,0,1,0,NA,0,1,0,1,0
"1686",2432,"CN_2011_34.5_1",5111,1,1,"2011-07-05","2011-07-12","2011-08-07","2011-08-15",1,1,1,105,50,"CN",2011,1,1,"2011-07-08",2011,"2011-2024",3608,5237,1,0,0,0,NA,1,1,1,1,1
"1687",2433,"CN_2011_35_1",5112,1,1,"2011-06-24","2011-07-06",NA,NA,1,0,0,105,51,"CN",2011,0,0,"2011-06-30",2011,"2011-2024",5450,5614,1,0,0,0,NA,0,1,0,1,0
"1688",2434,"CN_2011_35_2",5112,2,2,"2011-07-27","2011-08-01","2011-09-04","2011-09-07",1,1,1,105,51,"CN",2011,1,1,"2011-07-29",2011,"2011-2024",5450,5614,1,0,0,0,NA,1,1,1,1,1
"1689",2435,"CN_2011_37_1",5113,1,1,"2011-08-16","2011-08-17","2011-09-19","2011-09-19",1,1,1,105,53,"CN",2011,1,1,"2011-08-16",2011,"2011-2024",3094,5170,1,0,2,0,NA,1,1,1,1,1
"1690",2436,"CN_2011_38_1",5114,1,1,"2011-08-12","2011-08-18",NA,NA,1,0,0,105,54,"CN",2011,0,0,"2011-08-15",2011,"2011-2024",1821,5170,0,0,2,0,NA,0,1,0,1,0
"1691",2437,"CN_2011_39_1",5115,1,1,"2011-07-04","2011-07-05","2011-08-02","2011-08-08",1,1,1,105,55,"CN",2011,1,1,"2011-07-04",2011,"2011-2024",2968,5240,1,1,2,0,NA,1,1,1,1,1
"1692",2438,"CN_2011_43_1",5116,1,1,"2011-07-17","2011-07-19","2011-08-20","2011-08-20",1,1,1,105,60,"CN",2011,1,1,"2011-07-18",2011,"2011-2024",3453,5523,1,0,2,0,NA,1,1,1,1,1
"1693",2439,"CN_2011_44_1",5117,1,1,"2011-07-06","2011-07-06",NA,NA,1,0,0,105,61,"CN",2011,0,0,"2011-07-06",2011,"2011-2024",1827,4934,0,0,0,0,NA,0,1,0,1,0
"1694",2440,"CN_2011_44_2",5117,2,2,"2011-08-09","2011-08-14",NA,NA,1,0,0,105,61,"CN",2011,0,0,"2011-08-11",2011,"2011-2024",1827,4934,0,0,0,0,NA,0,1,0,1,0
"1695",2441,"CN_2011_45_1",5118,1,1,"2011-07-05","2011-07-05",NA,NA,1,0,0,105,62,"CN",2011,0,0,"2011-07-05",2011,"2011-2024",3491,5290,0,0,0,0,NA,0,1,0,1,0
"1696",2442,"CN_2011_45_2",5118,2,2,"2011-08-07","2011-08-07",NA,NA,1,1,0,105,62,"CN",2011,0,0,"2011-08-07",2011,"2011-2024",3491,5290,0,0,0,0,NA,0,1,0,1,0
"1697",2444,"CN_2011_46_2",5119,2,2,"2011-07-28","2011-08-15",NA,NA,1,0,0,105,63,"CN",2011,0,0,"2011-08-06",2011,"2011-2024",1042,1577,0,1,4,0,NA,0,1,0,1,0
"1698",2445,"CN_2011_46_3",5119,3,3,"2011-08-21","2011-08-30",NA,NA,1,0,0,105,63,"CN",2011,0,0,"2011-08-25",2011,"2011-2024",1042,1577,0,1,4,0,NA,0,1,0,1,0
"1699",2446,"CN_2011_47_1",5120,1,1,NA,"2011-06-24",NA,"2011-07-26",1,1,1,105,67,"CN",2011,1,1,"2011-06-24",2011,"2011-2024",5195,4972,1,0,0,0,NA,1,1,1,1,1
"1700",2447,"CN_2011_47.1_1",5121,1,1,"2011-07-07","2011-07-15",NA,NA,1,0,0,105,68,"CN",2011,0,0,"2011-07-11",2011,"2011-2024",5337,5508,1,1,0,0,NA,0,1,0,1,0
"1701",2448,"CN_2011_47.1_2",5121,2,2,"2011-08-03","2011-08-05","2011-09-03","2011-09-08",1,1,1,105,68,"CN",2011,1,1,"2011-08-04",2011,"2011-2024",5337,5508,1,1,0,0,NA,1,1,1,1,1
"1702",2449,"CN_2011_49_1",5122,1,1,"2011-07-14","2011-07-15",NA,NA,1,0,0,105,70,"CN",2011,0,0,"2011-07-14",2011,"2011-2024",5224,1881,0,0,1,0,NA,0,1,0,1,0
"1703",2450,"CN_2011_49_2",5122,2,2,"2011-08-12","2011-08-12",NA,NA,1,0,0,105,70,"CN",2011,0,0,"2011-08-12",2011,"2011-2024",5224,1881,0,0,1,0,NA,0,1,0,1,0
"1704",2451,"CN_2011_50_1",5123,1,1,"2011-06-27","2011-07-15",NA,NA,1,0,0,105,71,"CN",2011,0,0,"2011-07-06",2011,"2011-2024",4917,5144,1,1,0,0,NA,0,1,0,1,0
"1705",2452,"CN_2011_50_2",5123,2,2,"2011-07-25","2011-08-03","2011-09-02","2011-09-06",1,1,1,105,71,"CN",2011,1,1,"2011-07-29",2011,"2011-2024",4917,5144,1,1,0,0,NA,1,1,1,1,1
"1706",2453,"CN_2011_50.1_1",5124,1,1,"2011-07-11","2011-07-15","2011-08-15","2011-08-24",1,1,1,105,72,"CN",2011,1,1,"2011-07-13",2011,"2011-2024",5452,5334,1,1,1,0,NA,1,1,1,1,1
"1707",2456,"CN_2011_51.2_1",5126,1,1,"2011-07-22","2011-07-22",NA,NA,1,0,0,105,75,"CN",2011,0,0,"2011-07-22",2011,"2011-2024",2989,NA,0,1,3,0,NA,0,1,0,1,0
"1708",2458,"CN_2011_52.1_1",5127,1,1,"2011-06-30","2011-07-18",NA,NA,1,0,0,105,77,"CN",2011,0,0,"2011-07-09",2011,"2011-2024",4958,5626,0,0,3,0,NA,0,1,0,1,0
"1709",2460,"CN_2011_52.1_3",5127,3,3,"2011-08-10","2011-08-14",NA,NA,1,0,0,105,77,"CN",2011,0,0,"2011-08-12",2011,"2011-2024",4958,5626,0,0,3,0,NA,0,1,0,1,0
"1710",2461,"CN_2011_53_1",5128,1,1,"2011-08-06","2011-08-09","2011-09-09","2011-09-12",1,1,1,105,79,"CN",2011,1,1,"2011-08-07",2011,"2011-2024",1803,5602,1,0,1,0,NA,1,1,1,1,1
"1711",2462,"CN_2011_54_1",5129,1,1,"2011-07-27","2011-07-27",NA,NA,1,0,0,105,81,"CN",2011,0,0,"2011-07-27",2011,"2011-2024",5537,4947,0,0,0,0,NA,0,1,0,1,0
"1712",2463,"CN_2011_55_1",5130,1,1,"2011-08-09","2011-08-09",NA,NA,1,0,0,105,82,"CN",2011,0,0,"2011-08-09",2011,"2011-2024",5530,5447,0,0,0,0,NA,0,1,0,1,0
"1713",2464,"CN_2011_56_1",5131,1,1,"2011-08-02","2011-08-07","2011-09-08","2011-09-12",1,1,1,105,83,"CN",2011,1,1,"2011-08-04",2011,"2011-2024",3567,1604,1,0,1,0,NA,1,1,1,1,1
"1714",2465,"CN_2011_57.1_1",5132,1,1,"2011-08-16","2011-08-16","2011-09-25","2011-10-02",1,1,0,105,85,"CN",2011,0,0,"2011-08-16",2011,"2011-2024",5457,5285,1,0,0,0,NA,0,1,0,1,0
"1715",2466,"CN_2011_58_1",5133,1,1,"2011-08-10","2011-08-14",NA,NA,1,0,0,105,86,"CN",2011,0,0,"2011-08-12",2011,"2011-2024",5313,3089,1,1,1,0,NA,0,1,0,1,0
"1716",2468,"CN_2011_59.1_1",5135,1,1,"2011-08-10","2011-08-21",NA,NA,1,0,0,105,88,"CN",2011,0,0,"2011-08-15",2011,"2011-2024",4904,5283,0,0,0,0,NA,0,1,0,1,0
"1717",2469,"CN_2011_60.1_1",5136,1,1,"2011-07-14","2011-07-19","2011-08-15","2011-08-24",1,1,1,105,90,"CN",2011,1,1,"2011-07-16",2011,"2011-2024",5216,5292,1,1,2,0,NA,1,1,1,1,1
"1718",2470,"CN_2011_62_1",5137,1,1,"2011-07-27","2011-07-27",NA,NA,1,0,0,105,92,"CN",2011,0,0,"2011-07-27",2011,"2011-2024",1717,4954,0,0,0,0,NA,0,1,0,1,0
"1719",2472,"CN_2011_63_2",5138,2,2,"2011-08-25","2011-08-25",NA,NA,1,1,0,105,94,"CN",2011,0,0,"2011-08-25",2011,"2011-2024",0,5249,0,0,0,0,NA,0,1,0,1,0
"1720",2477,"CN_2011_65_2",5140,2,NA,"2011-07-30","2011-08-09",NA,NA,1,0,0,105,96,"CN",2011,0,0,"2011-08-04",2011,"2011-2024",5521,4948,0,0,1,0,NA,0,1,0,1,0
"1721",2480,"CN_2011_68_1",5143,1,1,"2011-07-09","2011-07-27",NA,NA,1,0,0,105,100,"CN",2011,0,0,"2011-07-18",2011,"2011-2024",3606,5497,1,0,3,0,NA,0,1,0,1,0
"1722",2481,"CN_2011_68_2",5143,2,2,"2011-08-10","2011-08-10","2011-09-12","2011-09-14",1,1,1,105,100,"CN",2011,1,1,"2011-08-10",2011,"2011-2024",3606,5497,1,0,3,0,NA,1,1,1,1,1
"1723",2482,"CN_2011_69_1",5144,1,1,"2011-07-02","2011-07-20",NA,NA,1,0,0,105,101,"CN",2011,0,0,"2011-07-11",2011,"2011-2024",3518,3454,0,0,1,0,NA,0,1,0,1,0
"1724",2483,"CN_2011_69_2",5144,2,2,"2011-08-08","2011-08-09",NA,NA,1,0,0,105,101,"CN",2011,0,0,"2011-08-08",2011,"2011-2024",3518,3454,0,0,1,0,NA,0,1,0,1,0
"1725",2484,"CN_2011_73_1",5145,1,1,"2011-07-05","2011-07-23",NA,NA,1,0,0,105,105,"CN",2011,0,0,"2011-07-14",2011,"2011-2024",5128,5583,1,0,0,0,NA,0,1,0,1,0
"1726",2485,"CN_2011_73_2",5145,2,2,"2011-07-31","2011-08-09","2011-09-08","2011-09-12",1,1,1,105,105,"CN",2011,1,1,"2011-08-04",2011,"2011-2024",5128,5583,1,0,0,0,NA,1,1,1,1,1
"1727",2486,"CN_2011_76_1",5146,1,1,"2011-07-13","2011-07-31",NA,NA,1,0,0,105,109,"CN",2011,0,0,"2011-07-22",2011,"2011-2024",1580,3643,1,0,0,0,NA,0,1,0,1,0
"1728",2487,"CN_2011_76_2",5146,2,2,"2011-08-15","2011-08-15","2011-09-20","2011-09-24",1,1,1,105,109,"CN",2011,1,1,"2011-08-15",2011,"2011-2024",1580,3643,1,0,0,0,NA,1,1,1,1,1
"1729",2489,"CN_2011_78_1",5148,1,1,"2011-07-22","2011-07-22","2011-08-31","2011-08-31",1,1,1,105,112,"CN",2011,1,1,"2011-07-22",2011,"2011-2024",5516,1731,1,0,1,0,NA,1,1,1,1,1
"1730",2491,"CN_2011_83_1",5150,1,1,"2011-07-19","2011-07-26","2011-08-25","2011-09-01",1,1,1,105,121,"CN",2011,1,1,"2011-07-22",2011,"2011-2024",4803,1829,1,0,1,0,NA,1,1,1,1,1
"1731",2492,"CN_2011_82.1_1",5151,1,1,"2011-08-07","2011-08-07",NA,NA,1,0,0,105,118,"CN",2011,0,0,"2011-08-07",2011,"2011-2024",3698,1489,1,0,1,0,NA,0,1,0,1,0
"1732",2495,"CN_2011_85_1",5153,1,NA,"2011-08-10","2011-08-15",NA,NA,1,0,0,105,125,"CN",2011,0,0,"2011-08-12",2011,"2011-2024",3596,1877,0,0,1,0,NA,0,1,0,1,0
"1733",2496,"CN_2011_85_2",5153,2,NA,"2011-08-07","2011-08-07",NA,NA,1,0,0,105,125,"CN",2011,0,0,"2011-08-07",2011,"2011-2024",3596,1877,0,0,1,0,NA,0,1,0,1,0
"1734",2497,"CN_2011_86_1",5154,1,1,"2011-07-06","2011-07-06",NA,NA,1,1,0,105,126,"CN",2011,0,0,"2011-07-06",2011,"2011-2024",5341,5522,0,0,1,0,NA,0,1,0,1,0
"1735",2498,"CN_2011_87_1",5155,1,1,"2011-07-14","2011-07-30","2011-08-22","2011-09-05",2,2,0,105,127,"CN",2011,0,0,"2011-07-22",2011,"2011-2024",5323,1616,3,2,0,0,NA,0,2,0,1,0
"1736",2498,"CN_2011_87_1",5155,1,1,"2011-07-14","2011-07-30","2011-08-22","2011-09-05",2,2,0,105,127,"CN",2011,0,0,"2011-07-22",2011,"2011-2024",5323,1616,3,2,0,0,NA,0,2,0,2,0
"1737",2499,"CN_2011_87.1_1",5156,1,1,"2011-07-08","2011-07-14","2011-08-16","2011-08-20",1,1,1,105,128,"CN",2011,1,1,"2011-07-11",2011,"2011-2024",5277,4933,1,1,1,0,NA,1,1,1,1,1
"1738",2500,"CN_2011_88_1",5157,1,1,"2011-07-10","2011-07-14","2011-08-16","2011-08-18",1,1,1,105,129,"CN",2011,1,1,"2011-07-12",2011,"2011-2024",1678,5291,1,1,0,0,NA,1,1,1,1,1
"1739",2501,"CN_2011_92_1",5158,1,1,"2011-07-25","2011-07-25",NA,NA,1,0,0,105,134,"CN",2011,0,0,"2011-07-25",2011,"2011-2024",5518,5456,0,0,0,0,NA,0,1,0,1,0
"1740",2503,"CN_2011_93_1",5160,1,1,"2011-07-24","2011-07-26","2011-08-19","2011-08-25",1,1,1,105,137,"CN",2011,1,1,"2011-07-25",2011,"2011-2024",3574,4866,1,0,0,0,NA,1,1,1,1,1
"1741",2504,"CN_2011_94_1",5161,1,1,"2011-07-31","2011-08-07","2011-09-07","2011-09-10",2,2,2,105,138,"CN",2011,1,1,"2011-08-03",2011,"2011-2024",3451,1801,2,1,3,0,NA,2,2,1,1,1
"1742",2504,"CN_2011_94_1",5161,1,1,"2011-07-31","2011-08-07","2011-09-07","2011-09-10",2,2,2,105,138,"CN",2011,1,1,"2011-08-03",2011,"2011-2024",3451,1801,2,1,3,0,NA,2,2,1,2,1
"1743",2505,"CN_2011_94.2_1",5162,1,1,"2011-07-25","2011-08-10",NA,NA,1,0,0,105,140,"CN",2011,0,0,"2011-08-02",2011,"2011-2024",1617,1494,1,0,1,0,NA,0,1,0,1,0
"1744",2506,"CN_2011_101_1",5163,1,1,"2011-07-14","2011-07-24","2011-08-22","2011-08-27",1,1,1,105,154,"CN",2011,1,1,"2011-07-19",2011,"2011-2024",5324,1869,1,1,3,0,NA,1,1,1,1,1
"1745",2507,"CN_2011_101.1_1",5164,1,1,"2011-07-24","2011-07-31",NA,NA,1,1,0,105,155,"CN",2011,0,0,"2011-07-27",2011,"2011-2024",4885,5338,0,0,0,0,NA,0,1,0,1,0
"1746",2509,"CN_2011_102_2",5165,2,2,"2011-08-29","2011-09-03","2011-09-20","2011-09-26",1,1,1,105,157,"CN",2011,1,1,"2011-08-31",2011,"2011-2024",5075,5000,1,0,2,0,NA,1,1,1,1,1
"1747",2510,"CN_2011_104_2",5166,2,1,"2011-07-31","2011-08-08","2011-09-05","2011-09-10",1,1,1,105,160,"CN",2011,1,1,"2011-08-04",2011,"2011-2024",5132,5498,1,0,0,0,NA,1,1,1,1,1
"1748",2511,"CN_2011_108_1",5167,1,1,"2011-08-10","2011-08-17",NA,NA,1,0,0,105,165,"CN",2011,0,0,"2011-08-13",2011,"2011-2024",5531,4957,0,0,2,0,NA,0,1,0,1,0
"1749",2512,"CN_2011_110_1",5168,1,1,"2011-08-08","2011-08-17",NA,NA,1,0,0,105,167,"CN",2011,0,0,"2011-08-12",2011,"2011-2024",4919,5226,0,0,1,0,NA,0,1,0,1,0
"1750",2513,"CN_2011_111_1",5169,1,1,"2011-07-27","2011-08-05","2011-08-27","2011-09-08",1,1,1,105,168,"CN",2011,1,1,"2011-07-31",2011,"2011-2024",3517,5333,1,0,3,0,NA,1,1,1,1,1
"1751",2515,"CN_2011_114_1",5171,1,1,"2011-08-11","2011-08-16",NA,NA,1,0,0,105,171,"CN",2011,0,0,"2011-08-13",2011,"2011-2024",1872,1819,0,0,0,0,NA,0,1,0,1,0
"1752",2516,"CN_2011_112_2",5170,2,NA,"2011-08-09","2011-08-15",NA,NA,1,0,0,105,169,"CN",2011,0,0,"2011-08-12",2011,"2011-2024",3699,5509,0,0,1,0,NA,0,1,0,1,0
"1753",2517,"CN_2011_117_2",5172,2,1,"2011-08-16","2011-08-19","2011-09-20","2011-09-28",1,1,1,105,174,"CN",2011,1,1,"2011-08-17",2011,"2011-2024",5162,5077,2,0,0,0,NA,1,1,1,1,1
"1754",2518,"CN_2011_120_1",5173,1,1,"2011-07-24","2011-08-10",NA,NA,1,0,0,105,177,"CN",2011,0,0,"2011-08-01",2011,"2011-2024",4883,5254,0,0,1,0,NA,0,1,0,1,0
"1755",2519,"CN_2011_120_2",5173,2,2,"2011-08-07","2011-08-18",NA,NA,1,0,0,105,177,"CN",2011,0,0,"2011-08-12",2011,"2011-2024",4883,5254,0,0,1,0,NA,0,1,0,1,0
"1756",2520,"CN_2011_121_1",5174,1,1,"2011-08-20","2011-08-26","2011-09-20","2011-09-26",1,1,1,105,178,"CN",2011,1,1,"2011-08-23",2011,"2011-2024",5511,2974,1,0,1,0,NA,1,1,1,1,1
"1757",2521,"CN_2011_122_1",5175,1,1,"2011-08-16","2011-08-16","2011-09-25","2011-09-28",1,1,1,105,179,"CN",2011,1,1,"2011-08-16",2011,"2011-2024",5562,2991,1,0,0,0,NA,1,1,1,1,1
"1758",2522,"CN_2011_126_1",5176,1,1,"2011-07-22","2011-07-22","2011-08-24","2011-08-29",1,1,1,105,407,"CN",2011,1,1,"2011-07-22",2011,"2011-2024",5616,3456,1,0,1,0,NA,1,1,1,1,1
"1759",2523,"CN_2011_127_1",5177,1,1,"2011-08-17","2011-08-21",NA,NA,1,0,0,105,478,"CN",2011,0,0,"2011-08-19",2011,"2011-2024",5683,4854,0,0,1,0,NA,0,1,0,1,0
"1760",2524,"CN_2011_129_1",5178,1,1,"2011-07-27","2011-07-27",NA,NA,1,1,0,105,480,"CN",2011,0,0,"2011-07-27",2011,"2011-2024",5524,4860,0,0,0,0,NA,0,1,0,1,0
"1761",2525,"CN_2011_130_1",5179,1,1,"2011-08-08","2011-08-12",NA,NA,1,0,0,105,479,"CN",2011,0,0,"2011-08-10",2011,"2011-2024",5549,5612,0,0,1,0,NA,0,1,0,1,0
"1762",2526,"CN_2011_131_1",5180,1,1,"2011-07-10","2011-07-15","2011-08-13","2011-08-21",1,1,1,105,477,"CN",2011,1,1,"2011-07-12",2011,"2011-2024",1707,1710,1,2,1,0,NA,1,1,1,1,1
"1763",2527,"CN_2011_133_1",5181,1,1,"2011-07-19","2011-07-19",NA,NA,1,0,0,105,481,"CN",2011,0,0,"2011-07-19",2011,"2011-2024",5339,5167,1,0,1,0,NA,0,1,0,1,0
"1764",2528,"CN_2011_133_2",5181,2,NA,"2011-08-14","2011-08-29","2011-09-17","2011-10-02",1,1,1,105,481,"CN",2011,1,1,"2011-08-21",2011,"2011-2024",5339,5167,1,0,1,0,NA,1,1,1,1,1
"1765",2530,"CN_2011_38.1_1",5183,1,1,NA,"2011-08-05",NA,"2011-09-08",1,1,1,105,530,"CN",2011,1,1,"2011-08-05",2011,"2011-2024",5532,5515,1,0,0,0,NA,1,1,1,1,1
"1766",2531,"CN_2011_77_2",5147,2,NA,"2011-08-05","2011-08-13","2011-09-13","2011-09-16",1,1,1,105,110,"CN",2011,1,1,"2011-08-09",2011,"2011-2024",3645,5582,2,1,1,0,NA,1,1,1,1,1
"1767",2532,"CN_2011_48_1",5184,1,1,"2011-08-20","2011-08-23","2011-09-23","2011-09-28",1,1,1,105,69,"CN",2011,1,1,"2011-08-21",2011,"2011-2024",5319,5335,1,0,1,0,NA,1,1,1,1,1
"1768",2533,"CN_2011_77.1_1",5185,1,1,"2011-08-03","2011-08-07","2011-09-08","2011-09-12",1,1,1,105,111,"CN",2011,1,1,"2011-08-05",2011,"2011-2024",5212,5559,1,0,2,0,NA,1,1,1,1,1
"1769",2534,"CN_2011_42_1",5188,1,1,"2011-07-10","2011-07-20",NA,NA,1,1,1,105,59,"CN",2011,1,1,"2011-07-15",2011,"2011-2024",3022,3696,0,1,2,0,NA,1,1,1,1,1
"1770",2561,"CN_2012_120_1",5294,1,1,"2012-06-03","2012-06-07","2012-07-07","2012-07-11",1,1,1,116,177,"CN",2012,1,1,"2012-06-05",2012,"2011-2024",4883,5254,1,0,0,0,NA,1,1,1,1,1
"1771",2563,"CN_2012_10_1",5296,1,NA,"2012-07-24","2012-07-24",NA,NA,1,1,0,116,15,"CN",2012,0,0,"2012-07-24",2012,"2011-2024",5320,1762,0,0,1,0,NA,0,1,0,1,0
"1772",2565,"CN_2012_21_1",5298,1,NA,"2012-07-15","2012-07-24",NA,NA,1,0,0,116,27,"CN",2012,0,0,"2012-07-19",2012,"2011-2024",3490,3087,0,0,2,0,NA,0,1,0,1,0
"1773",2566,"CN_2012_24_1",5299,1,NA,"2012-07-20","2012-07-24",NA,NA,1,0,0,116,32,"CN",2012,0,0,"2012-07-22",2012,"2011-2024",3497,5782,0,0,1,0,NA,0,1,0,1,0
"1774",2568,"CN_2012_76_1",5301,1,NA,"2012-07-22","2012-07-22","2012-08-24","2012-08-28",1,1,1,116,109,"CN",2012,1,1,"2012-07-22",2012,"2011-2024",1580,3643,1,0,0,0,NA,1,1,1,1,1
"1775",2571,"CN_2012_83_2",5304,2,NA,"2012-07-22","2012-07-29",NA,NA,1,0,0,116,121,"CN",2012,0,0,"2012-07-25",2012,"2011-2024",4803,1829,0,0,1,0,NA,0,1,0,1,0
"1776",2572,"CN_2012_103.1_1",5305,1,NA,"2012-07-18","2012-07-29",NA,NA,1,0,0,116,159,"CN",2012,0,0,"2012-07-23",2012,"2011-2024",4861,NA,0,0,2,0,NA,0,1,0,1,0
"1777",2574,"CN_2012_34.5_1",5307,1,NA,"2012-07-28","2012-07-30",NA,NA,1,0,0,116,50,"CN",2012,0,0,"2012-07-29",2012,"2011-2024",3608,5237,0,0,1,0,NA,0,1,0,1,0
"1778",2576,"CN_2012_28.1_1",5309,1,NA,"2012-07-20","2012-07-29",NA,NA,1,0,0,116,39,"CN",2012,0,0,"2012-07-24",2012,"2011-2024",1415,4890,0,0,2,0,NA,0,1,0,1,0
"1779",2577,"CN_2012_54_1",5310,1,NA,"2012-07-25","2012-07-25",NA,NA,1,1,0,116,81,"CN",2012,0,0,"2012-07-25",2012,"2011-2024",5537,4947,0,0,1,0,NA,0,1,0,1,0
"1780",2578,"CN_2012_129_1",5311,1,NA,"2012-07-25","2012-07-25",NA,NA,1,0,0,116,480,"CN",2012,0,0,"2012-07-25",2012,"2011-2024",5524,4860,0,0,1,0,NA,0,1,0,1,0
"1781",2579,"CN_2012_1_1",5312,1,NA,"2012-07-26","2012-07-26",NA,NA,1,0,0,116,1,"CN",2012,0,0,"2012-07-26",2012,"2011-2024",1605,1750,0,0,1,0,NA,0,1,0,1,0
"1782",2580,"CN_2012_2_2",5313,2,NA,"2012-07-28","2012-07-28","2012-08-31","2012-08-31",1,1,1,116,3,"CN",2012,1,1,"2012-07-28",2012,"2011-2024",1763,5828,1,1,3,0,NA,1,1,1,1,1
"1783",2582,"CN_2012_49_1",5315,1,NA,"2012-07-21","2012-07-23",NA,NA,1,0,0,116,70,"CN",2012,0,0,"2012-07-22",2012,"2011-2024",5224,1881,0,0,0,0,NA,0,1,0,1,0
"1784",2583,"CN_2012_56_1",5316,1,NA,"2012-07-21","2012-07-23",NA,NA,1,0,0,116,83,"CN",2012,0,0,"2012-07-22",2012,"2011-2024",3567,1604,0,0,1,0,NA,0,1,0,1,0
"1785",2584,"CN_2012_126_2",5317,2,NA,"2012-07-26","2012-07-26",NA,NA,1,1,0,116,407,"CN",2012,0,0,"2012-07-26",2012,"2011-2024",5616,3456,0,0,1,0,NA,0,1,0,1,0
"1786",2585,"CN_2012_6.5_1",5318,1,NA,"2012-07-24","2012-07-24",NA,NA,1,1,0,116,11,"CN",2012,0,0,"2012-07-24",2012,"2011-2024",4971,5624,0,0,0,0,NA,0,1,0,1,0
"1787",2588,"CN_2012_33_1",5321,1,NA,"2012-08-01","2012-08-03",NA,NA,1,1,0,116,47,"CN",2012,0,0,"2012-08-02",2012,"2011-2024",5125,5513,0,1,3,0,NA,0,1,0,1,0
"1788",2589,"CN_2012_37_1",5322,1,NA,"2012-07-27","2012-07-31",NA,NA,1,0,0,116,53,"CN",2012,0,0,"2012-07-29",2012,"2011-2024",3094,5170,0,0,0,0,NA,0,1,0,1,0
"1789",2590,"CN_2012_44_1",5323,1,NA,"2012-07-23","2012-07-31",NA,NA,1,0,0,116,61,"CN",2012,0,0,"2012-07-27",2012,"2011-2024",1827,5776,0,0,3,0,NA,0,1,0,1,0
"1790",2591,"CN_2012_51.2_1",5324,1,NA,"2012-08-06","2012-08-06",NA,NA,1,0,0,116,75,"CN",2012,0,0,"2012-08-06",2012,"2011-2024",5575,5585,0,0,2,0,NA,0,1,0,1,0
"1791",2593,"CN_2012_78_2",5302,2,NA,"2012-07-23","2012-07-28",NA,NA,1,0,0,116,112,"CN",2012,0,0,"2012-07-25",2012,"2011-2024",5625,1731,0,0,1,0,NA,0,1,0,1,0
"1792",2595,"CN_2012_64_1",5326,1,NA,"2012-08-04","2012-08-04",NA,NA,1,1,0,116,95,"CN",2012,0,0,"2012-08-04",2012,"2011-2024",5608,4872,0,0,0,0,NA,0,1,0,1,0
"1793",2598,"CN_2012_92_2",5328,2,NA,"2012-07-30","2012-08-02","2012-09-07","2012-09-08",1,1,1,116,134,"CN",2012,1,1,"2012-07-31",2012,"2011-2024",5518,5456,1,0,0,0,NA,1,1,1,1,1
"1794",2599,"CN_2012_93_1",5329,1,NA,"2012-07-21","2012-07-24",NA,NA,1,0,0,116,137,"CN",2012,0,0,"2012-07-22",2012,"2011-2024",3574,4866,0,0,0,0,NA,0,1,0,1,0
"1795",2600,"CN_2012_94_1",5330,1,NA,"2012-08-03","2012-08-05",NA,NA,1,1,0,116,138,"CN",2012,0,0,"2012-08-04",2012,"2011-2024",3451,1801,0,1,0,0,NA,0,1,0,1,0
"1796",2604,"CN_2012_30_1",5334,1,NA,"2012-07-26","2012-07-28",NA,NA,1,0,0,116,41,"CN",2012,0,0,"2012-07-27",2012,"2011-2024",2986,5588,0,0,0,0,NA,0,1,0,1,0
"1797",2606,"CN_2012_32.5_1",5336,1,NA,"2012-07-26","2012-07-28",NA,NA,1,0,0,116,46,"CN",2012,0,0,"2012-07-27",2012,"2011-2024",4973,1868,1,1,0,0,NA,0,1,0,1,0
"1798",2607,"CN_2012_52.1_1",5337,1,NA,"2012-07-22","2012-07-25","2012-08-23","2012-08-28",1,1,1,116,77,"CN",2012,1,1,"2012-07-23",2012,"2011-2024",4958,5626,1,0,1,0,NA,1,1,1,1,1
"1799",2608,"CN_2012_130_1",5338,1,NA,"2012-08-07","2012-08-07","2012-09-10","2012-09-12",2,2,2,116,479,"CN",2012,1,1,"2012-08-07",2012,"2011-2024",5549,5612,3,1,0,0,NA,2,2,1,1,1
"1800",2608,"CN_2012_130_1",5338,1,NA,"2012-08-07","2012-08-07","2012-09-10","2012-09-12",2,2,2,116,479,"CN",2012,1,1,"2012-08-07",2012,"2011-2024",5549,5612,3,1,0,0,NA,2,2,1,2,1
"1801",2609,"CN_2012_23_2",5339,2,NA,"2012-07-30","2012-08-01",NA,NA,1,1,0,116,30,"CN",2012,0,0,"2012-07-31",2012,"2011-2024",5163,5072,0,1,0,0,NA,0,1,0,1,0
"1802",2610,"CN_2012_46_2",5340,2,NA,"2012-08-04","2012-08-04",NA,NA,1,0,0,116,63,"CN",2012,0,0,"2012-08-04",2012,"2011-2024",1042,1577,0,1,1,0,NA,0,1,0,1,0
"1803",2612,"CN_2012_101_1",5342,1,NA,"2012-08-01","2012-08-01",NA,NA,1,0,0,116,154,"CN",2012,0,0,"2012-08-01",2012,"2011-2024",5324,1869,0,0,1,0,NA,0,1,0,1,0
"1804",2613,"CN_2012_50_2",5308,2,NA,"2012-08-04","2012-08-11",NA,NA,1,0,0,116,71,"CN",2012,0,0,"2012-08-07",2012,"2011-2024",4917,5847,0,0,2,0,NA,0,1,0,1,0
"1805",2614,"CN_2012_87.1_1",5343,1,1,"2012-07-09","2012-07-13","2012-07-31","2012-07-31",1,1,1,116,128,"CN",2012,1,1,"2012-07-11",2012,"2011-2024",5277,4933,1,1,0,0,NA,1,1,1,1,1
"1806",2615,"CN_2012_41_1",5344,1,NA,"2012-07-28","2012-07-28",NA,NA,1,1,0,116,57,"CN",2012,0,0,"2012-07-28",2012,"2011-2024",5514,5321,0,1,1,0,NA,0,1,0,1,0
"1807",2617,"CN_2012_87_1",5346,1,NA,"2012-07-22","2012-07-27","2012-08-23","2012-08-27",1,1,1,116,127,"CN",2012,1,1,"2012-07-24",2012,"2011-2024",5323,5643,0,1,1,0,NA,1,1,1,1,1
"1808",2618,"CN_2012_33.1_2",5306,2,NA,"2012-08-06","2012-08-08",NA,NA,1,0,0,116,48,"CN",2012,0,0,"2012-08-07",2012,"2011-2024",4896,5765,0,0,1,0,NA,0,1,0,1,0
"1809",2619,"CN_2012_47.1_2",5341,2,NA,"2012-08-09","2012-08-11",NA,NA,1,0,0,116,68,"CN",2012,0,0,"2012-08-10",2012,"2011-2024",5337,5508,0,1,2,0,NA,0,1,0,1,0
"1810",2622,"CN_2012_24_2",5299,2,NA,"2012-07-23","2012-08-06",NA,NA,1,0,0,116,32,"CN",2012,0,0,"2012-07-30",2012,"2011-2024",3497,5782,0,0,1,0,NA,0,1,0,1,0
"1811",2624,"CN_2012_47_1",5350,1,NA,"2012-07-31","2012-08-02","2012-09-01","2012-09-01",1,1,1,116,67,"CN",2012,1,1,"2012-08-01",2012,"2011-2024",5195,4972,1,0,1,0,NA,1,1,1,1,1
"1812",2626,"CN_2012_18_2",5297,2,NA,"2012-07-19","2012-08-03",NA,NA,1,0,0,116,24,"CN",2012,0,0,"2012-07-26",2012,"2011-2024",5164,2966,0,0,1,0,NA,0,1,0,1,0
"1813",2628,"CN_2012_34.5_2",5307,2,NA,"2012-08-09","2012-08-11",NA,NA,1,0,0,116,50,"CN",2012,0,0,"2012-08-10",2012,"2011-2024",3608,5237,0,0,1,0,NA,0,1,0,1,0
"1814",2629,"CN_2012_59_2",5351,2,NA,"2012-07-21","2012-08-05",NA,NA,1,0,0,116,87,"CN",2012,0,0,"2012-07-28",2012,"2011-2024",5174,1722,1,0,0,0,NA,0,1,0,1,0
"1815",2630,"CN_2012_121_1",5352,1,NA,"2012-08-09","2012-08-11",NA,NA,1,0,0,116,178,"CN",2012,0,0,"2012-08-10",2012,"2011-2024",5511,2974,0,0,2,0,NA,0,1,0,1,0
"1816",2631,"CN_2012_66_2",5345,2,NA,"2012-08-04","2012-08-12",NA,NA,1,0,0,116,98,"CN",2012,0,0,"2012-08-08",2012,"2011-2024",1438,1708,0,0,1,0,NA,0,1,0,1,0
"1817",2634,"CN_2012_9_1",5353,1,NA,"2012-08-10","2012-08-17",NA,NA,1,0,0,116,14,"CN",2012,0,0,"2012-08-13",2012,"2011-2024",5284,5682,0,0,1,0,NA,0,1,0,1,0
"1818",2635,"CN_2012_21_2",5298,2,NA,"2012-08-14","2012-08-17",NA,NA,1,0,0,116,27,"CN",2012,0,0,"2012-08-15",2012,"2011-2024",3490,3087,0,0,2,0,NA,0,1,0,1,0
"1819",2636,"CN_2012_30.2_1",5354,1,NA,"2012-08-02","2012-08-07","2012-09-07","2012-09-10",1,1,1,116,43,"CN",2012,1,1,"2012-08-04",2012,"2011-2024",5465,5631,1,0,1,0,NA,1,1,1,1,1
"1820",2637,"CN_2012_32.5_2",5336,2,NA,"2012-08-11","2012-08-13","2012-09-19","2012-09-20",1,1,1,116,46,"CN",2012,1,1,"2012-08-12",2012,"2011-2024",4973,1868,1,1,0,0,NA,1,1,1,1,1
"1821",2639,"CN_2012_26.5_3",5319,3,NA,"2012-08-02","2012-08-09",NA,NA,1,0,0,116,36,"CN",2012,0,0,"2012-08-05",2012,"2011-2024",1824,5679,0,0,3,0,NA,0,1,0,1,0
"1822",2643,"CN_2012_43_2",5355,2,NA,"2012-08-04","2012-08-11","2012-09-12","2012-09-17",1,1,1,116,60,"CN",2012,1,1,"2012-08-07",2012,"2011-2024",3453,5523,1,1,0,0,NA,1,1,1,1,1
"1823",2646,"CN_2012_28.1_2",5309,2,NA,"2012-07-26","2012-08-13",NA,NA,1,0,0,116,39,"CN",2012,0,0,"2012-08-04",2012,"2011-2024",1415,4890,0,0,2,0,NA,0,1,0,1,0
"1824",2649,"CN_2012_86_1",5358,1,NA,"2012-08-04","2012-08-14",NA,NA,1,1,0,116,126,"CN",2012,0,0,"2012-08-09",2012,"2011-2024",5341,5522,0,0,2,0,NA,0,1,0,1,0
"1825",2650,"CN_2012_1.1_2",5359,2,NA,"2012-07-24","2012-07-27",NA,NA,1,1,0,116,2,"CN",2012,0,0,"2012-07-25",2012,"2011-2024",5267,2960,1,1,5,0,NA,0,1,0,1,0
"1826",2651,"CN_2012_37_2",5322,2,2,"2012-08-21","2012-08-22",NA,NA,1,0,0,116,53,"CN",2012,0,0,"2012-08-21",2012,"2011-2024",3094,5170,0,0,0,0,NA,0,1,0,1,0
"1827",2652,"CN_2012_35_2",5357,2,NA,"2012-08-25","2012-08-26",NA,NA,1,0,0,116,51,"CN",2012,0,0,"2012-08-25",2012,"2011-2024",5450,5614,0,0,4,0,NA,0,1,0,1,0
"1828",2655,"CN_2012_49_2",5315,2,NA,"2012-08-23","2012-08-24",NA,NA,1,0,0,116,70,"CN",2012,0,0,"2012-08-23",2012,"2011-2024",5224,1881,0,0,0,0,NA,0,1,0,1,0
"1829",2657,"CN_2012_63_2",5361,2,NA,"2012-08-26","2012-08-26",NA,NA,1,0,0,116,94,"CN",2012,0,0,"2012-08-26",2012,"2011-2024",5845,5249,0,0,1,0,NA,0,1,0,1,0
"1830",2659,"CN_2012_82.1_1",5362,1,1,"2012-08-02","2012-08-05",NA,NA,2,2,0,116,118,"CN",2012,0,0,"2012-08-03",2012,"2011-2024",3698,1489,1,1,0,0,NA,0,2,0,1,0
"1831",2659,"CN_2012_82.1_1",5362,1,1,"2012-08-02","2012-08-05",NA,NA,2,2,0,116,118,"CN",2012,0,0,"2012-08-03",2012,"2011-2024",3698,1489,1,1,0,0,NA,0,2,0,2,0
"1832",2660,"CN_2012_88_1",5363,1,1,"2012-07-17","2012-07-24","2012-08-25","2012-08-27",1,1,1,116,129,"CN",2012,1,1,"2012-07-20",2012,"2011-2024",1678,5291,1,1,2,0,NA,1,1,1,1,1
"1833",2661,"CN_2012_6_1",5364,1,1,"2012-08-08","2012-08-24",NA,NA,1,0,0,116,9,"CN",2012,0,0,"2012-08-16",2012,"2011-2024",1826,1499,0,0,3,0,NA,0,1,0,1,0
"1834",2662,"CN_2012_22_3",5365,3,NA,"2012-08-26","2012-08-26",NA,NA,1,0,0,116,28,"CN",2012,0,0,"2012-08-26",2012,"2011-2024",1857,5453,0,0,1,0,NA,0,1,0,1,0
"1835",2666,"CN_2012_131_1",5366,1,1,"2012-08-24","2012-08-29","2012-10-01","2012-10-09",1,1,0,116,477,"CN",2012,0,0,"2012-08-26",2012,"2011-2024",1707,1710,0,1,1,0,NA,0,1,0,1,0
"1836",2669,"CN_2012_37_3",5322,3,3,"2012-09-10","2012-09-16",NA,NA,1,0,0,116,53,"CN",2012,0,0,"2012-09-13",2012,"2011-2024",3094,5170,0,0,0,0,NA,0,1,0,1,0
"1837",2671,"CN_2012_85_1",5367,1,1,NA,"2012-07-23",NA,"2012-08-26",1,1,1,116,125,"CN",2012,1,1,"2012-07-23",2012,"2011-2024",3596,1877,1,0,3,0,NA,1,1,1,1,1
"1838",2715,"CN_2013_62_1",5908,1,1,"2013-01-31","2013-02-07",NA,NA,1,0,0,118,92,"CN",2013,0,0,"2013-02-03",2013,"2011-2024",1717,4954,0,0,0,0,NA,0,1,0,1,0
"1839",2716,"CN_2013_68_1",5914,1,NA,NA,"2013-01-11",NA,"2013-02-14",1,1,1,118,100,"CN",2013,1,1,"2013-01-11",2013,"2011-2024",3606,5547,0,0,0,0,NA,1,1,1,1,1
"1840",2717,"CN_2013_47_1",6101,1,1,"2013-06-30","2013-06-30",NA,NA,1,0,0,122,67,"CN",2013,0,0,"2013-06-30",2013,"2011-2024",5195,4972,0,0,2,0,NA,0,1,0,1,0
"1841",2718,"CN_2013_68_2",6102,1,1,"2013-06-27","2013-07-08",NA,NA,1,0,0,122,100,"CN",2013,0,0,"2013-07-02",2013,"2011-2024",3606,5547,0,0,0,0,NA,0,1,0,1,0
"1842",2720,"CN_2013_134_1",6145,1,NA,"2013-08-03","2013-08-06","2013-08-26","2013-08-26",2,2,2,122,490,"CN",2013,1,1,"2013-08-04",2013,"2011-2024",5536,5829,2,1,0,0,NA,2,2,1,1,1
"1843",2720,"CN_2013_134_1",6145,1,NA,"2013-08-03","2013-08-06","2013-08-26","2013-08-26",2,2,2,122,490,"CN",2013,1,1,"2013-08-04",2013,"2011-2024",5536,5829,2,1,0,0,NA,2,2,1,2,1
"1844",2721,"CN_2013_5_1",6104,1,NA,"2013-07-25","2013-07-28","2013-08-28","2013-08-31",1,1,1,122,8,"CN",2013,1,1,"2013-07-26",2013,"2011-2024",1660,5837,1,1,0,0,NA,1,1,1,1,1
"1845",2722,"CN_2013_41.1_1",6105,1,NA,"2013-07-30","2013-08-02",NA,NA,1,0,0,122,58,"CN",2013,0,0,"2013-07-31",2013,"2011-2024",5613,5779,0,0,2,0,NA,0,1,0,1,0
"1846",2723,"CN_2013_32_1",6107,1,NA,"2013-07-30","2013-08-02",NA,NA,1,0,0,122,45,"CN",2013,0,0,"2013-07-31",2013,"2011-2024",4999,5513,0,0,2,0,NA,0,1,0,1,0
"1847",2724,"CN_2013_33_1",6108,1,NA,"2013-08-06","2013-08-08","2013-09-09","2013-09-09",2,2,1,122,47,"CN",2013,0.5,0.5,"2013-08-07",2013,"2011-2024",5770,5513,1,3,2,0,NA,1,2,0.5,1,1
"1848",2724,"CN_2013_33_1",6108,1,NA,"2013-08-06","2013-08-08","2013-09-09","2013-09-09",2,2,1,122,47,"CN",2013,0.5,0.5,"2013-08-07",2013,"2011-2024",5770,5513,1,3,2,0,NA,1,2,0.5,2,0
"1849",2725,"CN_2013_52.1_1",6109,1,NA,"2013-08-03","2013-08-06","2013-09-02","2013-09-06",1,1,1,122,77,"CN",2013,1,1,"2013-08-04",2013,"2011-2024",4958,5626,1,2,0,0,NA,1,1,1,1,1
"1850",2726,"CN_2013_22_1",6110,1,NA,"2013-07-31","2013-08-02","2013-09-01","2013-09-01",2,2,2,122,28,"CN",2013,1,1,"2013-08-01",2013,"2011-2024",1857,5453,1,1,0,0,NA,2,2,1,1,1
"1851",2726,"CN_2013_22_1",6110,1,NA,"2013-07-31","2013-08-02","2013-09-01","2013-09-01",2,2,2,122,28,"CN",2013,1,1,"2013-08-01",2013,"2011-2024",1857,5453,1,1,0,0,NA,2,2,1,2,1
"1852",2727,"CN_2013_11_1",6111,1,NA,"2013-08-08","2013-08-12",NA,NA,1,1,0,122,16,"CN",2013,0,0,"2013-08-10",2013,"2011-2024",5642,5235,0,0,0,0,NA,0,1,0,1,0
"1853",2728,"CN_2013_6_1",6112,1,NA,"2013-08-07","2013-08-09","2013-09-10","2013-09-10",1,1,1,122,9,"CN",2013,1,1,"2013-08-08",2013,"2011-2024",1826,5780,1,1,1,0,NA,1,1,1,1,1
"1854",2729,"CN_2013_37_1",6113,1,NA,"2013-08-04","2013-08-08",NA,NA,1,1,0,122,53,"CN",2013,0,0,"2013-08-06",2013,"2011-2024",3094,6017,0,0,2,0,NA,0,1,0,1,0
"1855",2730,"CN_2013_9_1",6114,1,NA,"2013-08-12","2013-08-16",NA,NA,1,1,0,122,14,"CN",2013,0,0,"2013-08-14",2013,"2011-2024",5284,5775,0,0,2,0,NA,0,1,0,1,0
"1856",2731,"CN_2013_10_1",6115,1,NA,"2013-07-31","2013-08-03",NA,NA,2,2,0,122,15,"CN",2013,0,0,"2013-08-01",2013,"2011-2024",5657,1762,0,0,2,0,NA,0,2,0,1,0
"1857",2731,"CN_2013_10_1",6115,1,NA,"2013-07-31","2013-08-03",NA,NA,2,2,0,122,15,"CN",2013,0,0,"2013-08-01",2013,"2011-2024",5657,1762,0,0,2,0,NA,0,2,0,2,0
"1858",2733,"CN_2013_50_1",6106,1,NA,"2013-08-06","2013-08-12",NA,NA,1,1,0,122,71,"CN",2013,0,0,"2013-08-09",2013,"2011-2024",4917,5847,0,1,1,0,NA,0,1,0,1,0
"1859",2735,"CN_2013_103.1_1",6205,1,NA,"2013-07-16","2013-08-11","2013-08-19","2013-08-19",1,1,1,122,159,"CN",2013,1,1,"2013-07-29",2013,"2011-2024",4861,5583,1,1,2,0,NA,1,1,1,1,1
"1860",2737,"CN_2013_92_1",6119,1,1,"2013-08-17","2013-08-18","2013-09-19","2013-09-21",1,1,0,122,134,"CN",2013,0,0,"2013-08-17",2013,"2011-2024",5518,5456,0,0,1,0,NA,0,1,0,1,0
"1861",2739,"CN_2013_101.1_1",6121,1,NA,"2013-08-10","2013-08-10",NA,NA,1,0,0,122,155,"CN",2013,0,0,"2013-08-10",2013,"2011-2024",4885,5338,0,0,1,0,NA,0,1,0,1,0
"1862",2740,"CN_2013_64_1",6122,1,NA,"2013-07-09","2013-07-26","2013-08-12","2013-08-12",1,1,0,122,95,"CN",2013,0,0,"2013-07-17",2013,"2011-2024",5608,4872,0,0,3,0,NA,0,1,0,1,0
"1863",2742,"CN_2013_87_1",6136,1,NA,"2013-08-03","2013-08-13",NA,NA,1,0,0,122,127,"CN",2013,0,0,"2013-08-08",2013,"2011-2024",4965,5643,0,0,1,0,NA,0,1,0,1,0
"1864",2743,"CN_2013_130_1",6135,1,NA,"2013-07-30","2013-08-22","2013-09-02","2013-09-02",1,1,1,122,479,"CN",2013,1,1,"2013-08-10",2013,"2011-2024",5549,5612,1,0,2,0,NA,1,1,1,1,1
"1865",2744,"CN_2013_46_1",6134,1,NA,"2013-08-15","2013-08-15",NA,NA,1,0,0,122,63,"CN",2013,0,0,"2013-08-15",2013,"2011-2024",5901,6019,0,0,5,0,NA,0,1,0,1,0
"1866",2745,"CN_2013_33.1_1",6133,1,NA,"2013-07-25","2013-08-04","2013-09-02","2013-09-07",1,1,1,122,48,"CN",2013,1,1,"2013-07-30",2013,"2011-2024",4896,5764,2,0,1,0,NA,1,1,1,1,1
"1867",2748,"CN_2013_54_1",6130,1,NA,"2013-08-17","2013-08-23",NA,NA,1,1,0,122,81,"CN",2013,0,0,"2013-08-20",2013,"2011-2024",5537,4947,0,0,0,0,NA,0,1,0,1,0
"1868",2749,"CN_2013_131_1",6129,1,NA,"2013-08-06","2013-08-19",NA,NA,1,0,0,122,477,"CN",2013,0,0,"2013-08-12",2013,"2011-2024",1707,1710,0,0,2,0,NA,0,1,0,1,0
"1869",2750,"CN_2013_78_1",6128,1,NA,"2013-08-13","2013-08-15","2013-09-16","2013-09-16",1,1,1,122,112,"CN",2013,1,1,"2013-08-14",2013,"2011-2024",5625,5820,1,0,1,0,NA,1,1,1,1,1
"1870",2752,"CN_2013_15_2",6126,1,NA,"2013-08-10","2013-08-20",NA,NA,1,0,0,122,20,"CN",2013,0,0,"2013-08-15",2013,"2011-2024",3085,1729,0,0,3,0,NA,0,1,0,1,0
"1871",2753,"CN_2013_34.5_1",6125,1,NA,"2013-08-19","2013-08-20",NA,NA,1,0,0,122,50,"CN",2013,0,0,"2013-08-19",2013,"2011-2024",3608,5834,0,0,2,0,NA,0,1,0,1,0
"1872",2754,"CN_2013_23_1",6124,1,NA,"2013-08-10","2013-08-20",NA,NA,1,0,0,122,30,"CN",2013,0,0,"2013-08-15",2013,"2011-2024",5750,5072,0,0,1,0,NA,0,1,0,1,0
"1873",2755,"CN_2013_84_1",6123,1,NA,"2013-08-22","2013-08-24",NA,NA,1,0,0,122,123,"CN",2013,0,0,"2013-08-23",2013,"2011-2024",3694,5639,0,0,0,0,NA,0,1,0,1,0
"1874",2756,"CN_2013_26_1",6138,1,NA,"2013-08-29","2013-09-03",NA,NA,1,0,0,122,34,"CN",2013,0,0,"2013-08-31",2013,"2011-2024",5833,5903,0,0,1,0,NA,0,1,0,1,0
"1875",2757,"CN_2013_20_1",6139,1,NA,"2013-08-30","2013-09-03",NA,NA,1,1,0,122,26,"CN",2013,0,0,"2013-09-01",2013,"2011-2024",1852,5595,0,1,1,0,NA,0,1,0,1,0
"1876",2759,"CN_2013_127_1",6141,1,NA,"2013-08-20","2013-08-27",NA,NA,1,1,0,122,478,"CN",2013,0,0,"2013-08-23",2013,"2011-2024",5683,5774,0,0,3,0,NA,0,1,0,1,0
"1877",2761,"CN_2013_49_1",6143,1,NA,"2013-08-21","2013-08-27",NA,NA,1,0,0,122,70,"CN",2013,0,0,"2013-08-24",2013,"2011-2024",1716,1881,0,1,0,0,NA,0,1,0,1,0
"1878",2763,"CN_2013_28.1_1",6147,1,NA,"2013-06-25","2013-07-27","2013-07-29","2013-08-30",1,1,1,122,39,"CN",2013,1,1,"2013-07-11",2013,"2011-2024",5766,4890,2,0,2,0,NA,1,1,1,1,1
"1879",2764,"CN_2013_18_1",6148,1,NA,"2013-07-25","2013-08-08","2013-09-10","2013-09-11",1,1,0,122,24,"CN",2013,0,0,"2013-08-01",2013,"2011-2024",5630,2966,0,0,1,0,NA,0,1,0,1,0
"1880",2765,"CN_2013_21_1",6149,1,NA,"2013-07-22","2013-08-01","2013-08-30","2013-09-04",1,1,1,122,27,"CN",2013,1,1,"2013-07-27",2013,"2011-2024",3490,3087,1,0,0,0,NA,1,1,1,1,1
"1881",2766,"CN_2013_123_1",6150,1,NA,"2013-08-10","2013-08-14",NA,NA,1,1,0,122,172,"CN",2013,0,0,"2013-08-12",2013,"2011-2024",3594,5836,0,0,0,0,NA,0,1,0,1,0
"1882",2767,"CN_2013_7_1",6151,1,NA,NA,"2013-07-27",NA,"2013-08-30",1,1,1,122,12,"CN",2013,1,1,"2013-07-27",2013,"2011-2024",5282,5462,1,0,1,0,NA,1,1,1,1,1
"1883",2768,"CN_2013_1.1_1",6152,1,NA,NA,"2013-07-25",NA,"2013-08-28",1,1,1,122,2,"CN",2013,1,1,"2013-07-25",2013,"2011-2024",5267,2960,1,1,1,0,NA,1,1,1,1,1
"1884",2770,"CN_2013_24_1",6154,1,NA,"2013-07-30","2013-08-21",NA,NA,1,1,0,122,32,"CN",2013,0,0,"2013-08-10",2013,"2011-2024",3497,5835,0,0,1,0,NA,0,1,0,1,0
"1885",2772,"CN_2013_133_1",6156,1,NA,"2013-07-27","2013-08-04","2013-08-30","2013-09-07",1,1,1,122,481,"CN",2013,1,1,"2013-07-31",2013,"2011-2024",5635,5620,4,0,0,0,NA,1,1,1,1,1
"1886",2773,"CN_2013_116_1",6157,1,NA,"2013-07-06","2013-08-04","2013-08-09","2013-09-07",1,1,1,122,173,"CN",2013,1,1,"2013-07-20",2013,"2011-2024",5564,4892,1,0,1,0,NA,1,1,1,1,1
"1887",2774,"CN_2013_117_1",6158,1,NA,NA,"2013-07-25",NA,"2013-08-28",1,1,1,122,174,"CN",2013,1,1,"2013-07-25",2013,"2011-2024",5162,5077,1,0,1,0,NA,1,1,1,1,1
"1888",2775,"CN_2013_87.1_1",6159,1,NA,"2013-06-30","2013-08-06","2013-08-03","2013-09-09",1,1,1,122,128,"CN",2013,1,1,"2013-07-18",2013,"2011-2024",5277,4933,1,1,2,0,NA,1,1,1,1,1
"1889",2776,"CN_2013_53.1_1",6160,1,NA,"2013-06-03","2013-06-21","2013-07-07","2013-07-07",1,1,1,122,80,"CN",2013,1,1,"2013-06-12",2013,"2011-2024",5589,5586,1,0,2,0,NA,1,1,1,1,1
"1890",2777,"CN_2013_63_1",6161,1,NA,"2013-07-07","2013-08-08","2013-08-10","2013-09-11",1,1,1,122,94,"CN",2013,1,1,"2013-07-23",2013,"2011-2024",5845,5249,2,0,1,0,NA,1,1,1,1,1
"1891",2778,"CN_2013_41_1",6206,1,1,"2013-07-10","2013-07-23","2013-08-13","2013-08-13",2,2,2,122,57,"CN",2013,1,1,"2013-07-16",2013,"2011-2024",5514,5321,2,2,0,0,NA,2,2,1,1,1
"1892",2778,"CN_2013_41_1",6206,1,1,"2013-07-10","2013-07-23","2013-08-13","2013-08-13",2,2,2,122,57,"CN",2013,1,1,"2013-07-16",2013,"2011-2024",5514,5321,2,2,0,0,NA,2,2,1,2,1
"1893",2779,"CN_2013_56_1",6207,1,1,"2013-06-25","2013-07-25","2013-07-29","2013-08-28",1,1,1,122,83,"CN",2013,1,1,"2013-07-10",2013,"2011-2024",3567,1604,1,0,1,0,NA,1,1,1,1,1
"1894",2781,"CN_2013_76_1",6209,1,1,NA,"2013-07-22",NA,"2013-08-25",1,1,1,122,109,"CN",2013,1,1,"2013-07-22",2013,"2011-2024",1580,3643,1,0,1,0,NA,1,1,1,1,1
"1895",2783,"CN_2013_15_1",6126,1,NA,NA,"2013-05-19",NA,"2013-06-22",1,1,1,122,20,"CN",2013,1,1,"2013-05-19",2013,"2011-2024",3085,1729,0,0,3,0,NA,1,1,1,1,1
"1896",2784,"CN_2002_47_1",3264,1,NA,"2002-07-16","2002-08-07",NA,NA,1,1,0,41,67,"CN",2002,0,0,"2002-07-27",2002,"1997-2010",1305,1595,1,0,0,0,NA,0,1,0,1,0
"1897",2785,"CN_2002_111_1",3282,1,NA,NA,"2002-07-21",NA,"2002-08-24",1,1,1,41,168,"CN",2002,1,1,"2002-07-21",2002,"1997-2010",1272,1593,1,0,1,0,NA,1,1,1,1,1
"1898",2787,"CN_2002_69_1",3274,1,NA,"2002-07-28","2002-08-15",NA,NA,1,0,0,41,101,"CN",2002,0,0,"2002-08-06",2002,"1997-2010",1403,849,0,0,2,0,NA,0,1,0,1,0
"1899",2789,"CN_2002_33_1",3259,1,NA,"2002-06-15","2002-07-07","2002-07-24","2002-08-13",1,1,1,41,47,"CN",2002,1,1,"2002-06-26",2002,"1997-2010",NA,921,1,0,1,0,NA,1,1,1,1,1
"1900",2791,"CN_2002_23_1",3253,1,NA,"2002-06-29","2002-07-17",NA,NA,1,0,0,41,30,"CN",2002,0,0,"2002-07-08",2002,"1997-2010",1503,507,0,0,2,0,NA,0,1,0,1,0
"1901",2792,"CN_2002_12_1",3250,1,NA,"2002-06-10","2002-06-23","2002-07-19","2002-07-27",1,1,1,41,17,"CN",2002,1,1,"2002-06-16",2002,"1997-2010",1152,1349,1,0,0,0,NA,1,1,1,1,1
"1902",2793,"CN_2002_25_1",3255,1,NA,"2002-07-01","2002-07-18",NA,NA,1,0,0,41,33,"CN",2002,0,0,"2002-07-09",2002,"1997-2010",503,1214,0,0,1,0,NA,0,1,0,1,0
"1903",2794,"CN_2011_66_2",5141,2,1,"2011-08-08","2011-08-09",NA,NA,1,0,0,105,98,"CN",2011,0,0,"2011-08-08",2011,"2011-2024",1438,1708,1,0,1,0,NA,0,1,0,1,0
"1904",2795,"CN_1996_62_1",2254,1,NA,NA,"1996-07-13","1996-08-19","1996-08-25",1,1,0,21,92,"CN",1996,0,0,"1996-07-13",1996,"1997-2010",858,857,0,0,1,0,NA,0,1,0,1,0
"1905",2797,"CN_1996_6_1",2202,1,1,"1996-06-26","1996-07-09",NA,NA,1,1,0,21,9,"CN",1996,0,0,"1996-07-02",1996,"1997-2010",595,495,0,0,1,0,NA,0,1,0,1,0
"1906",2798,"CN_2008_76_1",4573,1,NA,"2008-07-22","2008-08-08",NA,NA,1,1,0,87,109,"CN",2008,0,0,"2008-07-30",2008,"1997-2010",1580,3643,0,0,2,0,NA,0,1,0,1,0
"1907",2800,"CN_2002_87_1",841,1,NA,"2002-07-04","2002-07-22",NA,NA,1,0,0,41,127,"CN",2002,0,0,"2002-07-13",2002,"1997-2010",1024,NA,0,0,3,0,NA,0,1,0,1,0
"1908",2801,"CN_2002_41_1",3260,1,NA,NA,"2002-06-19",NA,"2002-07-23",1,1,1,41,57,"CN",2002,1,1,"2002-06-19",2002,"1997-2010",949,1540,1,0,2,0,NA,1,1,1,1,1
"1909",2802,"CN_2002_24_1",3254,1,NA,"2002-07-18","2002-07-26",NA,NA,1,0,0,41,32,"CN",2002,0,0,"2002-07-22",2002,"1997-2010",825,NA,1,0,4,0,NA,0,1,0,1,0
"1910",2804,"CN_2002_3_1",3249,1,NA,"2002-07-23","2002-08-10",NA,NA,1,0,0,41,4,"CN",2002,0,0,"2002-08-01",2002,"1997-2010",1532,911,0,0,0,0,NA,0,1,0,1,0
"1911",2805,"CN_1995_1.1_1",2079,1,NA,"1995-07-10","1995-07-15",NA,NA,1,0,0,19,2,"CN",1995,0,0,"1995-07-12",1995,"1997-2010",2567,501,0,0,1,0,NA,0,1,0,1,0
"1912",2807,"CN_2014_10_1",6406,1,NA,"2014-02-07","2014-02-23",NA,NA,1,0,0,124,15,"CN",2014,0,0,"2014-02-15",2014,"2011-2024",5657,1762,0,0,0,0,NA,0,1,0,1,0
"1913",2808,"CN_2014_33_1",6407,1,NA,"2014-01-27","2014-01-28","2014-02-16","2014-02-16",1,1,1,124,47,"CN",2014,1,1,"2014-01-27",2014,"2011-2024",5770,5513,1,0,4,0,NA,1,1,1,1,1
"1914",2809,"CN_2014_41.1_1",6408,1,NA,"2014-01-27","2014-01-28",NA,NA,1,0,0,124,58,"CN",2014,0,0,"2014-01-27",2014,"2011-2024",5613,5779,0,0,1,0,NA,0,1,0,1,0
"1915",2810,"CN_2014_26.5_1",6409,1,NA,"2014-01-07","2014-01-25",NA,NA,1,0,0,124,36,"CN",2014,0,0,"2014-01-16",2014,"2011-2024",5769,5679,0,0,2,0,NA,0,1,0,1,0
"1916",2812,"CN_2014_78_1",6411,1,NA,"2014-01-21","2014-01-27",NA,NA,1,1,0,124,112,"CN",2014,0,0,"2014-01-24",2014,"2011-2024",5625,5820,0,1,0,0,NA,0,1,0,1,0
"1917",2813,"CN_2014_112_1",6412,1,NA,"2014-01-07","2014-01-21",NA,NA,1,0,0,124,169,"CN",2014,0,0,"2014-01-14",2014,"2011-2024",3699,5821,0,0,1,0,NA,0,1,0,1,0
"1918",2815,"CN_2014_64_1",6414,1,NA,"2014-01-16","2014-01-28",NA,NA,1,1,0,124,95,"CN",2014,0,0,"2014-01-22",2014,"2011-2024",5608,4872,0,0,2,0,NA,0,1,0,1,0
"1919",2816,"CN_2014_92_1",6415,1,NA,"2014-01-21","2014-01-24","2014-02-12","2014-02-27",1,1,1,124,134,"CN",2014,1,1,"2014-01-22",2014,"2011-2024",5518,5456,1,0,0,0,NA,1,1,1,1,1
"1920",2817,"CN_2014_66_1",6416,1,NA,"2014-01-25","2014-01-25",NA,NA,1,0,0,124,98,"CN",2014,0,0,"2014-01-25",2014,"2011-2024",1438,1708,0,0,0,0,NA,0,1,0,1,0
"1921",2819,"CN_2014_108_1",6418,1,NA,"2014-01-13","2014-01-18","2014-02-13","2014-02-21",1,1,1,124,165,"CN",2014,1,1,"2014-01-15",2014,"2011-2024",5634,4957,1,0,1,0,NA,1,1,1,1,1
"1922",2823,"CN_2014_83_1",6421,1,NA,"2014-01-15","2014-01-29",NA,NA,1,0,0,124,121,"CN",2014,0,0,"2014-01-22",2014,"2011-2024",0,5226,0,0,1,0,NA,0,1,0,1,0
"1923",2825,"CN_2014_102_1",6422,1,NA,"2014-02-11","2014-02-22",NA,NA,1,0,0,124,157,"CN",2014,0,0,"2014-02-16",2014,"2011-2024",5075,5000,0,0,0,0,NA,0,1,0,1,0
"1924",2827,"CN_2014_51.2_1",6424,1,NA,"2014-01-05","2014-01-29",NA,"2014-02-15",1,1,1,124,75,"CN",2014,1,1,"2014-01-17",2014,"2011-2024",5575,6018,1,0,1,0,NA,1,1,1,1,1
"1925",2829,"CN_2014_86_1",6425,1,NA,"2014-01-12","2014-01-30",NA,NA,1,0,0,124,126,"CN",2014,0,0,"2014-01-21",2014,"2011-2024",6022,5522,0,0,1,0,NA,0,1,0,1,0
"1926",2830,"CN_2014_8_1",6426,1,NA,"2014-02-02","2014-02-02",NA,NA,1,0,0,124,13,"CN",2014,0,0,"2014-02-02",2014,"2011-2024",5621,6011,0,0,2,0,NA,0,1,0,1,0
"1927",2831,"CN_2014_87.1_1",6427,1,NA,"2014-02-01","2014-02-10",NA,NA,1,0,0,124,128,"CN",2014,0,0,"2014-02-05",2014,"2011-2024",5277,4933,0,0,2,0,NA,0,1,0,1,0
"1928",2832,"CN_2014_133_1",6428,1,1,"2014-01-17","2014-01-18","2014-02-24","2014-02-25",1,1,1,124,481,"CN",2014,1,1,"2014-01-17",2014,"2011-2024",5635,5620,1,1,1,0,NA,1,1,1,1,1
"1929",2833,"CN_2014_18_1",6429,1,1,"2013-12-31","2014-01-22","2014-02-08","2014-02-28",1,1,1,124,24,"CN",2014,1,1,"2014-01-11",2014,"2011-2024",5630,2966,1,0,0,0,NA,1,1,1,1,1
"1930",2834,"CN_2014_32.5_1",6430,1,NA,"2014-01-01","2014-01-19","2014-02-09","2014-02-25",1,1,1,124,46,"CN",2014,1,1,"2014-01-10",2014,"2011-2024",4973,1868,1,0,1,0,NA,1,1,1,1,1
"1931",2835,"CN_2014_46_1",6431,1,NA,"2014-01-17","2014-01-20",NA,NA,1,1,0,124,63,"CN",2014,0,0,"2014-01-18",2014,"2011-2024",5901,6019,0,0,4,0,NA,0,1,0,1,0
"1932",2836,"CN_2014_39_1",6432,1,NA,"2014-02-11","2014-03-01",NA,NA,1,0,0,124,55,"CN",2014,0,0,"2014-02-20",2014,"2011-2024",5641,5776,0,0,0,0,NA,0,1,0,1,0
"1933",2838,"CN_2014_94_1",6434,1,NA,"2014-02-11","2014-02-13",NA,NA,1,0,0,124,138,"CN",2014,0,0,"2014-02-12",2014,"2011-2024",3451,NA,0,1,3,0,NA,0,1,0,1,0
"1934",2839,"CN_2014_87_3",6435,2,1,"2014-02-02","2014-02-13",NA,NA,1,1,0,124,127,"CN",2014,0,0,"2014-02-07",2014,"2011-2024",4965,5643,1,0,0,0,NA,0,1,0,1,0
"1935",2840,"CN_2014_49_1",6436,1,1,"2014-02-08","2014-02-12",NA,NA,1,0,0,124,70,"CN",2014,0,0,"2014-02-10",2014,"2011-2024",1716,1881,0,0,1,0,NA,0,1,0,1,0
"1936",2842,"CN_2014_22_1",6438,1,NA,"2014-01-18","2014-01-25","2014-02-26","2014-03-01",2,2,2,124,28,"CN",2014,1,1,"2014-01-21",2014,"2011-2024",1857,5453,2,1,0,0,NA,2,2,1,1,1
"1937",2842,"CN_2014_22_1",6438,1,NA,"2014-01-18","2014-01-25","2014-02-26","2014-03-01",2,2,2,124,28,"CN",2014,1,1,"2014-01-21",2014,"2011-2024",1857,5453,2,1,0,0,NA,2,2,1,2,1
"1938",2843,"CN_2014_28.1_1",6439,1,NA,"2014-02-04","2014-02-08",NA,NA,1,1,0,124,39,"CN",2014,0,0,"2014-02-06",2014,"2011-2024",5766,4890,0,0,1,0,NA,0,1,0,1,0
"1939",2845,"CN_2014_131_2",6420,2,1,"2014-01-03","2014-01-25",NA,NA,1,1,0,124,477,"CN",2014,0,0,"2014-01-14",2014,"2011-2024",1707,1710,0,1,0,0,NA,0,1,0,1,0
"1940",2846,"CN_2014_52.1_1",6441,1,1,"2014-01-27","2014-02-05",NA,NA,2,2,0,124,77,"CN",2014,0,0,"2014-01-31",2014,"2011-2024",4958,5626,0,0,1,0,NA,0,2,0,1,0
"1941",2846,"CN_2014_52.1_1",6441,1,1,"2014-01-27","2014-02-05",NA,NA,2,2,0,124,77,"CN",2014,0,0,"2014-01-31",2014,"2011-2024",4958,5626,0,0,1,0,NA,0,2,0,2,0
"1942",2847,"CN_2014_122_1",6442,1,1,"2014-01-13","2014-01-22","2014-02-21","2014-02-25",1,1,1,124,179,"CN",2014,1,1,"2014-01-17",2014,"2011-2024",5838,2991,1,0,0,0,NA,1,1,1,1,1
"1943",2848,"CN_2014_56_1",6443,1,1,"2014-01-05","2014-01-13","2014-02-13","2014-02-16",1,1,1,124,83,"CN",2014,1,1,"2014-01-09",2014,"2011-2024",3567,5822,1,0,2,0,NA,1,1,1,1,1
"1944",2849,"CN_2014_66_2",6416,2,1,"2014-02-13","2014-02-15",NA,NA,1,0,0,124,98,"CN",2014,0,0,"2014-02-14",2014,"2011-2024",1438,1708,0,0,0,0,NA,0,1,0,1,0
"1945",2850,"CN_2014_59.1_1",6444,1,1,"2014-01-04","2014-01-13","2014-02-13","2014-02-19",1,1,1,124,88,"CN",2014,1,1,"2014-01-08",2014,"2011-2024",4904,5283,1,0,0,0,NA,1,1,1,1,1
"1946",2851,"CN_2014_76_1",6445,1,1,"2014-01-25","2014-02-12",NA,NA,1,1,0,124,109,"CN",2014,0,0,"2014-02-03",2014,"2011-2024",1580,3643,0,0,0,0,NA,0,1,0,1,0
"1947",2854,"CN_2014_67_1",6447,1,NA,"2014-01-21","2014-01-28",NA,NA,1,1,0,124,99,"CN",2014,0,0,"2014-01-24",2014,"2011-2024",5851,1533,1,0,1,0,NA,0,1,0,1,0
"1948",2856,"CN_2014_86_2",6425,2,NA,"2014-02-11","2014-02-19",NA,NA,1,0,0,124,126,"CN",2014,0,0,"2014-02-15",2014,"2011-2024",6022,5522,0,0,1,0,NA,0,1,0,1,0
"1949",2857,"CN_2014_62_1",6448,1,NA,"2014-01-11","2014-01-22","2014-02-19","2014-02-25",1,1,1,124,92,"CN",2014,1,1,"2014-01-16",2014,"2011-2024",1717,4954,1,0,0,0,NA,1,1,1,1,1
"1950",2858,"CN_2014_10_2",6406,2,1,"2014-02-10","2014-02-14",NA,NA,1,0,0,124,15,"CN",2014,0,0,"2014-02-12",2014,"2011-2024",5657,1762,0,0,0,0,NA,0,1,0,1,0
"1951",2859,"CN_2014_6_1",6449,1,1,"2014-01-21","2014-01-22","2014-02-25","2014-02-25",1,1,1,124,9,"CN",2014,1,1,"2014-01-21",2014,"2011-2024",1826,5780,1,0,1,0,NA,1,1,1,1,1
"1952",2860,"CN_2014_20_1",6450,1,1,"2014-01-27","2014-01-30",NA,NA,1,1,0,124,26,"CN",2014,0,0,"2014-01-28",2014,"2011-2024",1852,5595,0,1,0,0,NA,0,1,0,1,0
"1953",2861,"CN_2014_116_1",6451,1,1,"2014-01-08","2014-01-29",NA,NA,1,1,0,124,173,"CN",2014,0,0,"2014-01-18",2014,"2011-2024",5564,6030,0,0,1,0,NA,0,1,0,1,0
"1954",2862,"CN_2014_50_1",6452,1,NA,"2014-02-08","2014-02-13",NA,NA,1,1,0,124,71,"CN",2014,0,0,"2014-02-10",2014,"2011-2024",4917,5847,0,1,0,0,NA,0,1,0,1,0
"1955",2863,"CN_2014_112_2",6412,1,NA,"2014-01-28","2014-02-07",NA,NA,1,1,0,124,169,"CN",2014,0,0,"2014-02-02",2014,"2011-2024",3699,5821,0,0,1,0,NA,0,1,0,1,0
"1956",2864,"CN_2014_102_2",6422,1,NA,"2014-02-11","2014-02-16",NA,NA,1,0,0,124,157,"CN",2014,0,0,"2014-02-13",2014,"2011-2024",5075,5000,0,0,0,0,NA,0,1,0,1,0
"1957",2866,"CN_2014_65_1",6454,1,NA,"2014-02-06","2014-02-13",NA,NA,1,1,0,124,96,"CN",2014,0,0,"2014-02-09",2014,"2011-2024",5521,5118,0,0,2,0,NA,0,1,0,1,0
"1958",2867,"CN_2014_82.1_1",6455,1,1,"2014-02-06","2014-02-16",NA,NA,1,0,0,124,118,"CN",2014,0,0,"2014-02-11",2014,"2011-2024",3698,1489,0,0,0,0,NA,0,1,0,1,0
"1959",2870,"CN_2014_129_1",6458,1,NA,"2014-02-06","2014-02-13",NA,NA,1,1,0,124,480,"CN",2014,0,0,"2014-02-09",2014,"2011-2024",5524,4860,0,0,0,0,NA,0,1,0,1,0
"1960",2871,"CN_2014_93_1",6459,1,1,"2014-01-13","2014-01-24","2014-02-21","2014-02-27",1,1,1,124,137,"CN",2014,1,1,"2014-01-18",2014,"2011-2024",3574,5650,1,0,0,0,NA,1,1,1,1,1
"1961",2872,"CN_2014_15_1",6460,1,1,NA,"2014-01-18",NA,"2014-02-21",1,1,1,124,20,"CN",2014,1,1,"2014-01-18",2014,"2011-2024",3085,1729,0,0,2,0,NA,1,1,1,1,1
"1962",2873,"CN_2014_34.5_1",6461,1,NA,"2014-02-10","2014-02-18",NA,NA,1,0,0,124,50,"CN",2014,0,0,"2014-02-14",2014,"2011-2024",3608,5834,0,1,1,0,NA,0,1,0,1,0
"1963",2874,"CN_2014_47_2",6413,2,NA,"2014-02-11","2014-02-11",NA,NA,1,0,0,124,67,"CN",2014,0,0,"2014-02-11",2014,"2011-2024",5195,4972,0,0,0,0,NA,0,1,0,1,0
"1964",2875,"CN_2014_39_2",6432,2,NA,"2014-02-05","2014-02-23",NA,NA,1,0,0,124,55,"CN",2014,0,0,"2014-02-14",2014,"2011-2024",5641,5776,0,0,0,0,NA,0,1,0,1,0
"1965",2876,"CN_2014_43_1",6462,1,NA,"2014-02-05","2014-02-13",NA,NA,1,1,0,124,60,"CN",2014,0,0,"2014-02-09",2014,"2011-2024",1821,5523,0,0,1,0,NA,0,1,0,1,0
"1966",2877,"CN_2014_59.2_1",6463,1,NA,"2014-02-11","2014-02-22",NA,NA,1,0,0,124,603,"CN",2014,0,0,"2014-02-16",2014,"2011-2024",5174,6032,0,0,0,0,NA,0,1,0,1,0
"1967",2878,"CN_2014_60.1_1",6464,1,1,NA,"2014-01-21",NA,"2014-02-24",1,1,1,124,90,"CN",2014,1,1,"2014-01-21",2014,"2011-2024",3595,5292,1,0,2,0,NA,1,1,1,1,1
"1968",2879,"CN_2014_26_1",6465,1,1,NA,"2014-01-22",NA,"2014-02-25",1,1,1,124,34,"CN",2014,1,1,"2014-01-22",2014,"2011-2024",5833,5903,1,0,1,0,NA,1,1,1,1,1
"1969",2880,"CN_2014_111_1",6466,1,1,"2014-02-06","2014-02-24",NA,NA,1,0,0,124,168,"CN",2014,0,0,"2014-02-15",2014,"2011-2024",5842,5333,0,0,0,0,NA,0,1,0,1,0
"1970",2881,"CN_2014_116_2",6451,1,2,"2014-02-06","2014-02-24",NA,NA,1,0,0,124,173,"CN",2014,0,0,"2014-02-15",2014,"2011-2024",5564,6030,0,0,1,0,NA,0,1,0,1,0
"1971",2883,"CN_2014_6.5_1",6467,1,1,"2014-02-10","2014-02-28",NA,NA,1,0,0,124,11,"CN",2014,0,0,"2014-02-19",2014,"2011-2024",5841,5624,0,0,2,0,NA,0,1,0,1,0
"1972",2884,"CN_2014_84_1",6468,1,1,"2014-02-07","2014-02-25",NA,NA,1,0,0,124,123,"CN",2014,0,0,"2014-02-16",2014,"2011-2024",6036,5639,0,0,1,0,NA,0,1,0,1,0
"1973",2885,"CN_2014_77.1_1",6469,1,1,NA,"2014-01-27",NA,"2014-03-02",1,1,1,124,111,"CN",2014,1,1,"2014-01-27",2014,"2011-2024",5212,5559,1,0,1,0,NA,1,1,1,1,1
"1974",2886,"CN_2014_126_1",6470,1,1,"2014-01-22","2014-02-13",NA,NA,1,1,0,124,407,"CN",2014,0,0,"2014-02-02",2014,"2011-2024",6028,3456,0,0,2,0,NA,0,1,0,1,0
"1975",2887,"CN_1995_47_2",2116,2,NA,"1995-07-27","1995-08-13",NA,NA,1,0,0,19,67,"CN",1995,0,0,"1995-08-04",1995,"1997-2010",561,467,0,0,3,0,NA,0,1,0,1,0
"1976",2889,"CN_1996_26.1_2",2218,2,1,"1996-07-10","1996-07-10",NA,NA,1,1,0,21,35,"CN",1996,0,0,"1996-07-10",1996,"1997-2010",444,293,0,0,2,0,NA,0,1,0,1,0
"1977",2890,"CN_1996_52_2",2245,2,1,"1996-07-10","1996-07-11",NA,NA,1,1,0,21,76,"CN",1996,0,0,"1996-07-10",1996,"1997-2010",628,1037,0,0,4,0,NA,0,1,0,1,0
"1978",2893,"CN_1996_3.1_1",2200,1,NA,"1996-07-07","1996-07-25",NA,NA,1,0,0,21,5,"CN",1996,0,0,"1996-07-16",1996,"1997-2010",504,44,0,0,0,0,NA,0,1,0,1,0
"1979",2895,"CN_1996_1.1_1",2198,1,1,"1996-06-25","1996-06-26",NA,NA,1,0,0,21,2,"CN",1996,0,0,"1996-06-25",1996,"1997-2010",927,501,0,0,1,0,NA,0,1,0,1,0
"1980",2896,"CN_1996_102_1",2287,1,1,"1996-07-14","1996-08-01",NA,NA,1,0,0,21,157,"CN",1996,0,0,"1996-07-23",1996,"1997-2010",666,2720,0,0,0,0,NA,0,1,0,1,0
"1981",2897,"CN_1996_103_1",2288,1,1,"1996-07-03","1996-07-25",NA,NA,1,1,0,21,158,"CN",1996,0,0,"1996-07-14",1996,"1997-2010",NA,547,0,0,0,0,NA,0,1,0,1,0
"1982",2898,"CN_1996_103.1_1",2289,1,NA,"1996-06-24","1996-07-16",NA,NA,1,1,0,21,159,"CN",1996,0,0,"1996-07-05",1996,"1997-2010",2722,544,0,0,2,0,NA,0,1,0,1,0
"1983",2899,"CN_1996_107_1",2292,1,1,"1996-07-19","1996-08-06",NA,NA,1,0,0,21,164,"CN",1996,0,0,"1996-07-28",1996,"1997-2010",663,509,0,0,1,0,NA,0,1,0,1,0
"1984",2901,"CN_1996_110_1",2295,1,1,"1996-06-28","1996-06-28",NA,NA,1,1,0,21,167,"CN",1996,0,0,"1996-06-28",1996,"1997-2010",942,852,0,0,0,0,NA,0,1,0,1,0
"1985",2902,"CN_1996_112_1",2297,1,NA,"1996-06-14","1996-06-30",NA,NA,1,1,0,21,169,"CN",1996,0,0,"1996-06-22",1996,"1997-2010",2726,920,0,0,1,0,NA,0,1,0,1,0
"1986",2903,"CN_1996_15_1",2208,1,NA,"1996-06-26","1996-07-14",NA,NA,1,0,0,21,20,"CN",1996,0,0,"1996-07-05",1996,"1997-2010",840,597,0,0,1,0,NA,0,1,0,1,0
"1987",2909,"CN_1996_17_1",2210,1,1,"1996-07-10","1996-07-28",NA,NA,1,0,0,21,23,"CN",1996,0,0,"1996-07-19",1996,"1997-2010",1021,1020,0,0,0,0,NA,0,1,0,1,0
"1988",2911,"CN_1996_2_1",2199,1,NA,"1996-06-25","1996-06-26",NA,NA,1,0,0,21,3,"CN",1996,0,0,"1996-06-25",1996,"1997-2010",925,837,0,0,0,0,NA,0,1,0,1,0
"1989",2915,"CN_1996_23_1",2215,1,NA,"1996-07-08","1996-07-08",NA,NA,1,0,0,21,30,"CN",1996,0,0,"1996-07-08",1996,"1997-2010",2666,507,0,0,0,0,NA,0,1,0,1,0
"1990",2916,"CN_1996_24_2",11,1,NA,"1996-07-12","1996-07-12",NA,NA,1,0,0,21,32,"CN",1996,0,0,"1996-07-12",1996,"1997-2010",825,672,0,0,1,0,NA,0,1,0,1,0
"1991",2917,"CN_1996_25_1",2216,1,NA,"1996-07-01","1996-07-14",NA,NA,1,0,0,21,33,"CN",1996,0,0,"1996-07-07",1996,"1997-2010",503,470,1,0,0,0,NA,0,1,0,1,0
"1992",2918,"CN_1996_26_1",2217,1,NA,"1996-06-28","1996-07-16",NA,NA,1,0,0,21,34,"CN",1996,0,0,"1996-07-07",1996,"1997-2010",NA,NA,0,0,0,0,NA,0,1,0,1,0
"1993",2919,"CN_1996_28_1",2219,1,NA,"1996-06-20","1996-07-06",NA,NA,1,1,0,21,38,"CN",1996,0,0,"1996-06-28",1996,"1997-2010",441,42,0,0,2,0,NA,0,1,0,1,0
"1994",2921,"CN_1996_31_1",2223,1,NA,"1996-07-15","1996-07-20",NA,NA,1,0,0,21,44,"CN",1996,0,0,"1996-07-17",1996,"1997-2010",794,609,0,0,1,0,NA,0,1,0,1,0
"1995",2922,"CN_1996_33_1",2225,1,NA,"1996-06-20","1996-06-25",NA,NA,1,1,0,21,47,"CN",1996,0,0,"1996-06-22",1996,"1997-2010",604,921,0,0,1,0,NA,0,1,0,1,0
"1996",2923,"CN_1996_34_1",2227,1,NA,"1996-06-20","1996-07-08",NA,NA,1,0,0,21,49,"CN",1996,0,0,"1996-06-29",1996,"1997-2010",511,2672,0,0,1,0,NA,0,1,0,1,0
"1997",2924,"CN_1996_36_2",12,1,NA,"1996-07-12","1996-07-21",NA,NA,1,0,0,21,52,"CN",1996,0,0,"1996-07-16",1996,"1997-2010",464,25,0,0,2,0,NA,0,1,0,1,0
"1998",2926,"CN_1997_28_2",35,2,2,"1997-07-29","1997-07-29",NA,NA,1,0,0,22,38,"CN",1997,0,0,"1997-07-29",1997,"1997-2010",441,1165,0,0,2,0,NA,0,1,0,1,0
"1999",2927,"CN_1997_32_2",39,2,2,"1997-08-10","1997-08-12",NA,NA,1,0,0,22,45,"CN",1997,0,0,"1997-08-11",1997,"1997-2010",454,221,1,1,1,0,NA,0,1,0,1,0
"2000",2928,"CN_2001_1.1_1",3135,1,NA,"2001-06-29","2001-07-09",NA,NA,1,0,0,40,2,"CN",2001,0,0,"2001-07-04",2001,"1997-2010",927,501,0,0,1,0,NA,0,1,0,1,0
"2001",2929,"CN_2001_1_1",3134,1,NA,"2001-05-24","2001-06-08","2001-07-02","2001-07-12",1,1,1,40,1,"CN",2001,1,1,"2001-05-31",2001,"1997-2010",912,1348,1,1,1,0,NA,1,1,1,1,1
"2002",2931,"CN_2001_101.1_1",3239,1,NA,"2001-06-18","2001-07-06",NA,NA,1,0,0,40,155,"CN",2001,0,0,"2001-06-27",2001,"1997-2010",639,1610,0,0,0,0,NA,0,1,0,1,0
"2003",2932,"CN_2001_103.1_1",3241,1,NA,"2001-06-18","2001-07-06",NA,NA,1,0,0,40,159,"CN",2001,0,0,"2001-06-27",2001,"1997-2010",1517,544,0,0,1,0,NA,0,1,0,1,0
"2004",2933,"CN_2001_104_1",3242,1,NA,"2001-06-22","2001-07-10",NA,NA,1,0,0,40,160,"CN",2001,0,0,"2001-07-01",2001,"1997-2010",563,1430,0,0,1,0,NA,0,1,0,1,0
"2005",2937,"CN_2001_112_1",3246,1,NA,"2001-06-22","2001-07-04",NA,NA,1,0,0,40,169,"CN",2001,0,0,"2001-06-28",2001,"1997-2010",1155,1570,0,0,0,0,NA,0,1,0,1,0
"2006",2938,"CN_2001_114_1",3247,1,NA,"2001-06-22","2001-07-04",NA,NA,1,0,0,40,171,"CN",2001,0,0,"2001-06-28",2001,"1997-2010",524,634,0,0,1,0,NA,0,1,0,1,0
"2007",2939,"CN_2001_116_1",3248,1,NA,"2001-06-16","2001-07-04",NA,NA,1,0,0,40,173,"CN",2001,0,0,"2001-06-25",2001,"1997-2010",601,506,0,0,0,0,NA,0,1,0,1,0
"2008",2940,"CN_2001_12_1",3148,1,NA,"2001-06-20","2001-07-08",NA,NA,1,0,0,40,17,"CN",2001,0,0,"2001-06-29",2001,"1997-2010",1152,1349,0,0,1,0,NA,0,1,0,1,0
"2009",2942,"CN_2001_129_1",6473,1,NA,"2001-06-18","2001-07-06",NA,NA,1,0,0,40,480,"CN",2001,0,0,"2001-06-27",2001,"1997-2010",NA,NA,NA,NA,NA,0,NA,0,1,0,1,0
"2010",2943,"CN_2001_13_1",6474,1,NA,"2001-06-10","2001-06-28",NA,NA,1,0,0,40,18,"CN",2001,0,0,"2001-06-19",2001,"1997-2010",NA,NA,NA,NA,NA,0,NA,0,1,0,1,0
"2011",2944,"CN_2001_134_1",6475,1,NA,"2001-06-20","2001-07-08",NA,NA,1,0,0,40,490,"CN",2001,0,0,"2001-06-29",2001,"1997-2010",NA,NA,NA,NA,NA,0,NA,0,1,0,1,0
"2012",2945,"CN_2001_15_1",3149,1,NA,"2001-06-19","2001-06-28",NA,NA,1,0,0,40,20,"CN",2001,0,0,"2001-06-23",2001,"1997-2010",840,597,1,0,0,0,NA,0,1,0,1,0
"2013",2946,"CN_2001_18_1",3152,1,NA,"2001-06-22","2001-07-03",NA,NA,1,0,0,40,24,"CN",2001,0,0,"2001-06-27",2001,"1997-2010",1059,1515,0,0,1,0,NA,0,1,0,1,0
"2014",2948,"CN_2001_2_1",3136,1,NA,"2001-06-10","2001-06-28",NA,NA,1,0,0,40,3,"CN",2001,0,0,"2001-06-19",2001,"1997-2010",925,1287,0,0,1,0,NA,0,1,0,1,0
"2015",2950,"CN_2001_20_1",3154,1,NA,"2001-06-12","2001-06-30",NA,NA,1,0,0,40,26,"CN",2001,0,0,"2001-06-21",2001,"1997-2010",1531,220,1,0,1,0,NA,0,1,0,1,0
"2016",2951,"CN_2001_21_1",3155,1,NA,"2001-06-22","2001-07-03",NA,NA,1,0,0,40,27,"CN",2001,0,0,"2001-06-27",2001,"1997-2010",1346,1039,0,0,0,0,NA,0,1,0,1,0
"2017",2953,"CN_2001_22_2",3156,2,NA,"2001-06-22","2001-07-10",NA,NA,1,0,0,40,28,"CN",2001,0,0,"2001-07-01",2001,"1997-2010",1501,NA,0,0,1,0,NA,0,1,0,1,0
"2018",2954,"CN_2001_24_1",3158,1,NA,"2001-06-23","2001-07-03",NA,NA,1,0,0,40,32,"CN",2001,0,0,"2001-06-28",2001,"1997-2010",825,1286,0,0,0,0,NA,0,1,0,1,0
"2019",2955,"CN_2001_25_1",3159,1,NA,"2001-06-12","2001-06-23",NA,NA,1,1,0,40,33,"CN",2001,0,0,"2001-06-17",2001,"1997-2010",503,1214,0,0,0,0,NA,0,1,0,1,0
"2020",2956,"CN_2001_26.1_1",3161,1,NA,"2001-06-22","2001-07-03",NA,NA,1,0,0,40,35,"CN",2001,0,0,"2001-06-27",2001,"1997-2010",444,1166,0,0,0,0,NA,0,1,0,1,0
"2021",2957,"CN_2001_27_1",3162,1,NA,"2001-07-04","2001-07-09",NA,NA,1,0,0,40,37,"CN",2001,0,0,"2001-07-06",2001,"1997-2010",1218,NA,0,0,1,0,NA,0,1,0,1,0
"2022",2958,"CN_2001_28_1",3163,1,NA,"2001-06-22","2001-07-03",NA,NA,1,0,0,40,38,"CN",2001,0,0,"2001-06-27",2001,"1997-2010",441,1165,0,0,1,0,NA,0,1,0,1,0
"2023",2959,"CN_2001_29_1",3165,1,NA,"2001-05-22","2001-06-13",NA,NA,1,1,0,40,40,"CN",2001,0,0,"2001-06-02",2001,"1997-2010",1222,494,1,0,1,0,NA,0,1,0,1,0
"2024",2962,"CN_2001_33_1",3169,1,NA,"2001-06-12","2001-06-30",NA,NA,1,0,0,40,47,"CN",2001,0,0,"2001-06-21",2001,"1997-2010",1383,921,0,0,0,0,NA,0,1,0,1,0
"2025",2963,"CN_2001_33.1_1",3170,1,NA,"2001-06-20","2001-07-08",NA,NA,1,0,0,40,48,"CN",2001,0,0,"2001-06-29",2001,"1997-2010",826,1213,0,0,2,0,NA,0,1,0,1,0
"2026",2964,"CN_2001_34_1",3171,1,NA,"2001-06-20","2001-07-08",NA,NA,1,0,0,40,49,"CN",2001,0,0,"2001-06-29",2001,"1997-2010",1386,1557,0,0,2,0,NA,0,1,0,1,0
"2027",2965,"CN_2001_35_1",3173,1,NA,"2001-06-15","2001-07-03",NA,NA,1,0,0,40,51,"CN",2001,0,0,"2001-06-24",2001,"1997-2010",1361,51,0,0,0,0,NA,0,1,0,1,0
"2028",2966,"CN_2001_35_2",3173,2,NA,"2001-06-20","2001-07-08",NA,NA,1,0,0,40,51,"CN",2001,0,0,"2001-06-29",2001,"1997-2010",1361,51,0,0,0,0,NA,0,1,0,1,0
"2029",2967,"CN_2001_37_1",3175,1,NA,"2001-06-21","2001-07-01",NA,NA,1,0,0,40,53,"CN",2001,0,0,"2001-06-26",2001,"1997-2010",308,216,0,0,3,0,NA,0,1,0,1,0
"2030",2968,"CN_2001_38_1",3176,1,NA,"2001-06-22","2001-07-10",NA,NA,1,0,0,40,54,"CN",2001,0,0,"2001-07-01",2001,"1997-2010",1552,1504,0,0,0,0,NA,0,1,0,1,0
"2031",2969,"CN_2001_39_1",3177,2,NA,"2001-07-02","2001-07-09",NA,NA,1,0,0,40,55,"CN",2001,0,0,"2001-07-05",2001,"1997-2010",459,1441,1,0,0,0,NA,0,1,0,1,0
"2032",2971,"CN_2001_41_1",3178,1,NA,"2001-05-22","2001-06-13",NA,NA,1,1,0,40,57,"CN",2001,0,0,"2001-06-02",2001,"1997-2010",949,1540,0,0,0,0,NA,0,1,0,1,0
"2033",2972,"CN_2001_43_1",3180,1,NA,"2001-06-21","2001-07-09",NA,NA,1,0,0,40,60,"CN",2001,0,0,"2001-06-30",2001,"1997-2010",1369,1032,0,0,2,0,NA,0,1,0,1,0
"2034",2975,"CN_2001_47.1_1",3186,1,NA,"2001-06-20","2001-07-08",NA,NA,1,0,0,40,68,"CN",2001,0,0,"2001-06-29",2001,"1997-2010",1200,1156,0,0,0,0,NA,0,1,0,1,0
"2035",2976,"CN_2001_48_1",3187,1,NA,"2001-06-20","2001-07-04",NA,NA,1,0,0,40,69,"CN",2001,0,0,"2001-06-27",2001,"1997-2010",1193,NA,2,0,4,0,NA,0,1,0,1,0
"2036",2977,"CN_2001_50_1",3188,1,NA,"2001-06-22","2001-07-10",NA,NA,1,0,0,40,71,"CN",2001,0,0,"2001-07-01",2001,"1997-2010",1244,1188,0,0,0,0,NA,0,1,0,1,0
"2037",2978,"CN_2001_50.1_1",3189,1,NA,"2001-06-22","2001-07-04",NA,NA,1,0,0,40,72,"CN",2001,0,0,"2001-06-28",2001,"1997-2010",1186,1184,0,0,1,0,NA,0,1,0,1,0
"2038",2979,"CN_2001_51.1_1",3190,1,NA,"2001-06-19","2001-06-29",NA,NA,1,0,0,40,74,"CN",2001,0,0,"2001-06-24",2001,"1997-2010",NA,1031,0,0,1,0,NA,0,1,0,1,0
"2039",2980,"CN_2001_52_1",3192,1,NA,"2001-06-19","2001-06-29",NA,NA,1,0,0,40,76,"CN",2001,0,0,"2001-06-24",2001,"1997-2010",628,1358,1,0,0,0,NA,0,1,0,1,0
"2040",2981,"CN_2001_52.1_1",3193,1,NA,"2001-06-30","2001-07-10",NA,NA,1,0,0,40,77,"CN",2001,0,0,"2001-07-05",2001,"1997-2010",1158,1367,1,0,0,0,NA,0,1,0,1,0
"2041",2982,"CN_2001_53_1",3194,1,NA,"2001-06-23","2001-07-04",NA,NA,1,0,0,40,79,"CN",2001,0,0,"2001-06-28",2001,"1997-2010",1355,1357,0,0,0,0,NA,0,1,0,1,0
"2042",2985,"CN_2001_55_1",3197,1,NA,"2001-07-08","2001-07-08",NA,NA,1,0,0,40,82,"CN",2001,0,0,"2001-07-08",2001,"1997-2010",3227,1356,0,0,0,0,NA,0,1,0,1,0
"2043",2987,"CN_2001_59_1",3201,1,NA,"2001-07-05","2001-07-10",NA,NA,1,0,0,40,87,"CN",2001,0,0,"2001-07-07",2001,"1997-2010",1437,1578,0,0,0,0,NA,0,1,0,1,0
"2044",2988,"CN_2001_59.1_1",3202,1,NA,"2001-06-23","2001-07-11",NA,NA,1,0,0,40,88,"CN",2001,0,0,"2001-07-02",2001,"1997-2010",951,1196,0,0,1,0,NA,0,1,0,1,0
"2045",2989,"CN_2001_60_1",3203,1,NA,"2001-06-19","2001-07-07",NA,NA,1,0,0,40,89,"CN",2001,0,0,"2001-06-28",2001,"1997-2010",168,1045,0,0,0,0,NA,0,1,0,1,0
"2046",2991,"CN_2001_63_1",3207,1,NA,"2001-07-02","2001-07-04",NA,NA,1,0,0,40,94,"CN",2001,0,0,"2001-07-03",2001,"1997-2010",1195,NA,0,0,0,0,NA,0,1,0,1,0
"2047",2992,"CN_2001_64_1",3208,1,NA,"2001-06-23","2001-07-05",NA,NA,1,0,0,40,95,"CN",2001,0,0,"2001-06-29",2001,"1997-2010",1170,917,0,0,1,0,NA,0,1,0,1,0
"2048",2993,"CN_2001_66_1",3209,1,NA,"2001-06-23","2001-07-11",NA,NA,1,0,0,40,98,"CN",2001,0,0,"2001-07-02",2001,"1997-2010",1428,NA,0,0,2,0,NA,0,1,0,1,0
"2049",2994,"CN_2001_67_1",3210,1,NA,"2001-06-23","2001-07-05",NA,NA,1,0,0,40,99,"CN",2001,0,0,"2001-06-29",2001,"1997-2010",1161,1533,0,0,1,0,NA,0,1,0,1,0
"2050",2995,"CN_2001_68_1",3211,1,NA,"2001-06-20","2001-07-08",NA,NA,1,0,0,40,100,"CN",2001,0,0,"2001-06-29",2001,"1997-2010",476,1394,0,0,1,0,NA,0,1,0,1,0
"2051",2996,"CN_2001_69_1",3212,1,NA,"2001-06-22","2001-07-10",NA,NA,1,0,0,40,101,"CN",2001,0,0,"2001-07-01",2001,"1997-2010",1403,849,0,0,2,0,NA,0,1,0,1,0
"2052",2997,"CN_2001_72_1",6477,1,NA,"2001-06-16","2001-07-04",NA,NA,1,0,0,40,104,"CN",2001,0,0,"2001-06-25",2001,"1997-2010",NA,NA,NA,NA,NA,0,NA,0,1,0,1,0
"2053",2998,"CN_2001_74_1",6478,1,NA,"2001-06-11","2001-06-29",NA,NA,1,0,0,40,106,"CN",2001,0,0,"2001-06-20",2001,"1997-2010",NA,NA,NA,NA,NA,0,NA,0,1,0,1,0
"2054",2999,"CN_2001_75_1",3214,1,NA,"2001-06-23","2001-07-11",NA,NA,1,0,0,40,108,"CN",2001,0,0,"2001-07-02",2001,"1997-2010",1586,1199,0,0,0,0,NA,0,1,0,1,0
"2055",3000,"CN_2001_76_1",3215,1,NA,"2001-06-11","2001-06-29",NA,NA,1,0,0,40,109,"CN",2001,0,0,"2001-06-20",2001,"1997-2010",1592,1040,0,0,1,0,NA,0,1,0,1,0
"2056",3002,"CN_2001_78_1",3218,1,NA,"2001-06-22","2001-07-04",NA,NA,1,0,0,40,112,"CN",2001,0,0,"2001-06-28",2001,"1997-2010",1510,1396,0,0,0,0,NA,0,1,0,1,0
"2057",3003,"CN_2001_79_1",6479,1,NA,"2001-06-16","2001-07-04",NA,NA,1,0,0,40,113,"CN",2001,0,0,"2001-06-25",2001,"1997-2010",NA,NA,NA,NA,NA,0,NA,0,1,0,1,0
"2058",3004,"CN_2001_8_1",3144,1,NA,"2001-06-10","2001-06-28",NA,NA,1,0,0,40,13,"CN",2001,0,0,"2001-06-19",2001,"1997-2010",823,1268,1,0,1,0,NA,0,1,0,1,0
"2059",3005,"CN_2001_80_1",3219,1,NA,"2001-06-23","2001-07-04",NA,NA,1,0,0,40,115,"CN",2001,0,0,"2001-06-28",2001,"1997-2010",297,1862,0,0,0,0,NA,0,1,0,1,0
"2060",3008,"CN_2001_87_1",3227,1,NA,"2001-07-03","2001-07-10",NA,NA,1,0,0,40,127,"CN",2001,0,0,"2001-07-06",2001,"1997-2010",1024,676,0,0,1,0,NA,0,1,0,1,0
"2061",3009,"CN_2001_88_1",3229,1,NA,"2001-06-18","2001-07-06",NA,NA,1,0,0,40,129,"CN",2001,0,0,"2001-06-27",2001,"1997-2010",915,1412,0,0,0,0,NA,0,1,0,1,0
"2062",3011,"CN_2001_94_1",6480,1,NA,"2001-06-16","2001-07-04",NA,NA,1,0,0,40,138,"CN",2001,0,0,"2001-06-25",2001,"1997-2010",NA,NA,NA,NA,NA,0,NA,0,1,0,1,0
"2063",3012,"CN_2001_97.1_1",3238,1,NA,"2001-06-19","2001-07-07",NA,NA,1,0,0,40,147,"CN",2001,0,0,"2001-06-28",2001,"1997-2010",NA,668,0,0,1,0,NA,0,1,0,1,0
"2064",3014,"CN_1994_18_1",3311,1,NA,NA,"1994-06-03",NA,"1994-07-07",1,1,1,17,24,"CN",1994,1,1,"1994-06-03",1994,"1997-2010",594,29,0,0,1,0,NA,1,1,1,1,1
"2065",3015,"CN_1994_60_1",2019,1,NA,NA,"1994-06-03",NA,"1994-07-07",1,1,1,17,89,"CN",1994,1,1,"1994-06-03",1994,"1997-2010",168,632,0,0,2,0,NA,1,1,1,1,1
"2066",3018,"CN_1994_11_1",1988,1,NA,"1994-06-18","1994-07-06",NA,NA,1,0,0,17,16,"CN",1994,0,0,"1994-06-27",1994,"1997-2010",457,22,0,0,0,0,NA,0,1,0,1,0
"2067",3019,"CN_1994_39_1",2006,1,NA,"1994-06-19","1994-07-11",NA,NA,1,1,0,17,55,"CN",1994,0,0,"1994-06-30",1994,"1997-2010",462,465,1,0,2,0,NA,0,1,0,1,0
"2068",3021,"CN_1995_26.1_1",2098,1,NA,"1995-07-06","1995-07-24",NA,NA,1,0,0,19,35,"CN",1995,0,0,"1995-07-15",1995,"1997-2010",444,293,0,0,3,0,NA,0,1,0,1,0
"2069",3022,"CN_1997_38_2",46,2,NA,"1997-07-31","1997-08-07",NA,NA,1,0,0,22,54,"CN",1997,0,0,"1997-08-03",1997,"1997-2010",447,1203,0,0,0,0,NA,0,1,0,1,0
"2070",3023,"CN_1995_39_1",2109,1,NA,"1995-06-29","1995-07-17",NA,NA,1,0,0,19,55,"CN",1995,0,0,"1995-07-08",1995,"1997-2010",462,921,0,0,4,0,NA,0,1,0,1,0
"2071",3024,"CN_1995_15_1",2089,1,NA,NA,"1995-07-09",NA,"1995-08-12",1,1,1,19,20,"CN",1995,1,1,"1995-07-09",1995,"1997-2010",840,597,0,1,1,0,NA,1,1,1,1,1
"2072",3025,"CN_1995_33_1",2103,1,NA,NA,"1995-04-23",NA,"1995-05-27",1,1,1,19,47,"CN",1995,1,1,"1995-04-23",1995,"1997-2010",604,603,1,1,2,0,NA,1,1,1,1,1
"2073",3026,"CN_1995_22_1",2094,1,NA,NA,"1995-06-23",NA,"1995-07-27",1,1,1,19,28,"CN",1995,1,1,"1995-06-23",1995,"1997-2010",169,21,1,0,0,0,NA,1,1,1,1,1
"2074",3027,"CN_1996_47_2",2239,2,NA,"1996-07-10","1996-07-16",NA,NA,1,0,0,21,67,"CN",1996,0,0,"1996-07-13",1996,"1997-2010",561,467,1,0,0,0,NA,0,1,0,1,0
"2075",3028,"CN_1996_77_2",2265,2,NA,"1996-07-09","1996-07-13",NA,NA,1,1,0,21,110,"CN",1996,0,0,"1996-07-11",1996,"1997-2010",1017,1018,0,0,2,0,NA,0,1,0,1,0
"2076",3035,"CN_2013_50_2",6106,2,NA,"2013-08-12","2013-08-23",NA,NA,1,1,0,122,71,"CN",2013,0,0,"2013-08-17",2013,"2011-2024",4917,5847,0,1,1,0,NA,0,1,0,1,0
"2077",3037,"CN_2013_73_1",6146,1,NA,"2013-07-12","2013-07-26","2013-08-15","2013-08-29",1,1,1,122,105,"CN",2013,1,1,"2013-07-19",2013,"2011-2024",5128,5583,1,0,0,0,NA,1,1,1,1,1
"2078",3040,"CN_2002_44_1",3261,1,NA,NA,"2002-07-02",NA,"2002-08-05",1,1,1,41,61,"CN",2002,1,1,"2002-07-02",2002,"1997-2010",1563,1572,1,0,3,0,NA,1,1,1,1,1
"2079",3041,"CN_2002_45_1",3262,1,NA,"2002-07-15","2002-07-30",NA,NA,1,0,0,41,62,"CN",2002,0,0,"2002-07-22",2002,"1997-2010",1538,1539,0,0,1,0,NA,0,1,0,1,0
"2080",3042,"CN_2002_47.1_1",3265,1,NA,NA,"2002-07-21",NA,"2002-08-24",1,1,1,41,68,"CN",2002,1,1,"2002-07-21",2002,"1997-2010",1200,NA,1,0,3,0,NA,1,1,1,1,1
"2081",3043,"CN_2002_53_1",3267,1,NA,"2002-07-20","2002-07-31","2002-08-28","2002-09-03",1,1,1,41,79,"CN",2002,1,1,"2002-07-25",2002,"1997-2010",1355,NA,1,0,0,0,NA,1,1,1,1,1
"2082",3044,"CN_2002_94.1_1",3279,1,NA,"2002-07-18","2002-08-05",NA,NA,1,0,0,41,139,"CN",2002,0,0,"2002-07-27",2002,"1997-2010",1172,1171,0,0,0,0,NA,0,1,0,1,0
"2083",3045,"CN_2002_112_1",3283,1,NA,NA,"2002-07-18",NA,"2002-08-21",1,1,1,41,169,"CN",2002,1,1,"2002-07-18",2002,"1997-2010",1155,1570,1,0,0,0,NA,1,1,1,1,1
"2084",3046,"CN_2002_26.1_1",3256,1,NA,NA,"2002-06-17",NA,"2002-07-21",1,1,1,41,35,"CN",2002,1,1,"2002-06-17",2002,"1997-2010",3204,1166,0,0,1,0,NA,1,1,1,1,1
"2085",3047,"CN_2002_27_1",3258,1,NA,NA,"2002-06-17",NA,"2002-07-21",1,1,1,41,37,"CN",2002,1,1,"2002-06-17",2002,"1997-2010",1531,NA,1,0,0,0,NA,1,1,1,1,1
"2086",3049,"1998_28_4",212,4,NA,"1998-08-02","1998-08-05",NA,"1998-09-09",1,1,1,25,38,"CN",1998,1,1,"1998-08-03",1998,"1997-2010",441,1165,1,0,1,1,1,1,1,1,1,1
"2087",3053,"CN_1998_33_2",217,4,NA,"1998-08-12","1998-08-27",NA,NA,1,1,0,25,47,"CN",1998,0,0,"1998-08-19",1998,"1997-2010",604,921,1,1,0,0,NA,0,1,0,1,0
"2088",3055,"CN_1998_39_2",223,2,NA,"1998-09-06",NA,NA,NA,1,1,0,25,55,"CN",1998,0,0,"1998-09-06",1998,"1997-2010",462,NA,0,2,1,0,NA,0,1,0,1,0
"2089",3060,"1997_46.1_1",2304,1,1,"1997-07-20","1997-07-24",NA,NA,1,1,0,22,64,"CN",1997,0,0,"1997-07-22",1997,"1997-2010",848,3413,0,0,0,0,NA,0,1,0,1,0
"2090",3061,"1997_51.1_1",61,1,NA,"1997-07-18","1997-08-02",NA,NA,1,0,0,22,74,"CN",1997,0,0,"1997-07-25",1997,"1997-2010",835,860,0,0,1,0,NA,0,1,0,1,0
"2091",3064,"1997_80_2",85,2,NA,"1997-07-10","1997-07-28",NA,NA,1,0,0,22,115,"CN",1997,0,0,"1997-07-19",1997,"1997-2010",329,1862,1,1,2,0,NA,0,1,0,1,0
"2092",3067,"CN_2014_1.1_1",6510,1,NA,NA,"2014-01-03",NA,"2014-02-06",1,1,1,124,2,"CN",2014,1,1,"2014-01-03",2014,"2011-2024",5267,2960,1,0,1,0,NA,1,1,1,1,1
"2093",3068,"CN_2014_2_1",6511,1,NA,NA,"2014-01-12",NA,"2014-02-15",1,1,1,124,3,"CN",2014,1,1,"2014-01-12",2014,"2011-2024",3086,5829,1,1,3,0,NA,1,1,1,1,1
"2094",3069,"CN_1997_1_1",15,1,NA,NA,"1997-06-02",NA,"1997-07-06",1,1,1,22,1,"CN",1997,1,1,"1997-06-02",1997,"1997-2010",912,922,2,1,3,0,NA,1,1,1,1,1
"2095",3071,"CN_1995_47.1_1",2117,1,NA,"1995-07-14","1995-07-25",NA,NA,1,0,0,19,68,"CN",1995,0,0,"1995-07-19",1995,"1997-2010",878,879,0,0,1,0,NA,0,1,0,1,0
"2096",3072,"CN_2014_102_3",6660,3,NA,"2014-08-03","2014-08-04",NA,NA,1,1,0,125,157,"CN",2014,0,0,"2014-08-03",2014,"2011-2024",5075,5000,1,0,0,0,NA,0,1,0,1,0
"2097",3073,"CN_2014_46_2",6661,1,NA,"2014-05-16","2014-07-16","2014-06-19","2014-06-19",1,1,1,125,63,"CN",2014,1,1,"2014-06-15",2014,"2011-2024",5901,6019,2,3,0,0,NA,1,1,1,1,1
"2098",3074,"CN_2014_2_2",6662,2,2,NA,"2014-05-14",NA,"2014-06-17",1,1,1,125,3,"CN",2014,1,1,"2014-05-14",2014,"2011-2024",3086,5829,3,1,0,0,NA,1,1,1,1,1
"2099",3075,"CN_2014_104_1",6663,1,NA,"2014-05-25","2014-06-03","2014-07-03","2014-07-06",1,1,1,125,160,"CN",2014,1,1,"2014-05-29",2014,"2011-2024",5132,5498,2,0,0,0,NA,1,1,1,1,1
"2100",3076,"CN_2014_117_2",6665,1,NA,"2014-06-07","2014-06-14","2014-07-16","2014-07-20",1,1,1,125,174,"CN",2014,1,1,"2014-06-10",2014,"2011-2024",5162,5077,2,0,0,0,NA,1,1,1,1,1
"2101",3077,"CN_2014_18_2",6664,1,NA,NA,"2014-05-19",NA,"2014-06-22",1,1,1,125,24,"CN",2014,1,1,"2014-05-19",2014,"2011-2024",5630,2966,3,0,0,0,NA,1,1,1,1,1
"2102",3078,"CN_2014_94_2",6666,1,NA,"2014-05-09","2014-05-11","2014-06-18","2014-06-18",1,1,1,125,138,"CN",2014,1,1,"2014-05-10",2014,"2011-2024",3451,6196,1,1,0,0,NA,1,1,1,1,1
"2103",3079,"CN_2014_6_2",6667,1,1,"2014-06-01","2014-06-07","2014-07-05","2014-07-06",1,1,1,125,9,"CN",2014,1,1,"2014-06-04",2014,"2011-2024",1826,5780,1,0,1,0,NA,1,1,1,1,1
"2104",3080,"CN_2014_47_3",6668,1,NA,"2014-05-29","2014-06-07","2014-07-07","2014-07-11",1,1,1,125,67,"CN",2014,1,1,"2014-06-02",2014,"2011-2024",5195,6212,1,0,1,0,NA,1,1,1,1,1
"2105",3082,"CN_2014_1_2",6670,1,NA,"2014-07-12","2014-07-12","2014-08-21","2014-08-22",1,1,1,125,1,"CN",2014,1,1,"2014-07-12",2014,"2011-2024",6066,1750,1,1,0,0,NA,1,1,1,1,1
"2106",3084,"CN_2014_6.5_2",6672,1,NA,"2014-07-22","2014-07-24",NA,NA,1,0,0,125,11,"CN",2014,0,0,"2014-07-23",2014,"2011-2024",5841,5624,0,0,0,0,NA,0,1,0,1,0
"2107",3085,"CN_2014_34.5_2",6673,1,NA,NA,"2014-05-16",NA,"2014-06-19",1,1,1,125,50,"CN",2014,1,1,"2014-05-16",2014,"2011-2024",3608,5834,1,1,0,0,NA,1,1,1,1,1
"2108",3086,"CN_2014_63_2",6674,1,1,NA,"2014-05-21",NA,"2014-06-24",1,1,1,125,94,"CN",2014,1,1,"2014-05-21",2014,"2011-2024",5845,5249,1,2,1,0,NA,1,1,1,1,1
"2109",3088,"CN_2014_121_1",6676,1,NA,"2014-07-27","2014-07-27",NA,NA,1,0,0,125,178,"CN",2014,0,0,"2014-07-27",2014,"2011-2024",5511,2974,1,0,0,0,NA,0,1,0,1,0
"2110",3089,"CN_2014_101.1_1",6677,1,NA,"2014-08-03","2014-08-03",NA,NA,1,0,0,125,155,"CN",2014,0,0,"2014-08-03",2014,"2011-2024",4885,6050,0,0,0,0,NA,0,1,0,1,0
"2111",3091,"CN_2014_87_2",6679,1,NA,"2014-07-02","2014-07-07","2014-08-08","2014-08-10",1,1,1,125,127,"CN",2014,1,1,"2014-07-04",2014,"2011-2024",4965,5643,1,0,2,0,NA,1,1,1,1,1
"2112",3094,"CN_2014_67_3",6682,2,1,"2014-08-13","2014-08-13",NA,NA,1,0,0,125,99,"CN",2014,0,0,"2014-08-13",2014,"2011-2024",5851,1533,0,0,0,0,NA,0,1,0,1,0
"2113",3095,"CN_2014_33_2",6683,1,NA,NA,"2014-06-08",NA,"2014-07-12",1,1,1,125,47,"CN",2014,1,1,"2014-06-08",2014,"2011-2024",5770,5513,2,1,1,0,NA,1,1,1,1,1
"2114",3096,"CN_2014_41_2",6684,1,NA,NA,"2014-06-09",NA,"2014-07-13",2,2,2,125,57,"CN",2014,1,1,"2014-06-09",2014,"2011-2024",5514,5321,3,1,3,0,NA,2,2,1,1,1
"2115",3096,"CN_2014_41_2",6684,1,NA,NA,"2014-06-09",NA,"2014-07-13",2,2,2,125,57,"CN",2014,1,1,"2014-06-09",2014,"2011-2024",5514,5321,3,1,3,0,NA,2,2,1,2,1
"2116",3097,"CN_2014_130_1",6685,1,NA,"2014-06-30","2014-07-02","2014-08-01","2014-08-06",1,1,1,125,479,"CN",2014,1,1,"2014-07-01",2014,"2011-2024",5549,5612,2,0,1,0,NA,1,1,1,1,1
"2117",3098,"CN_2014_54_1",6686,1,NA,"2014-07-26","2014-07-26","2014-08-29","2014-09-04",1,0,0,125,81,"CN",2014,0,0,"2014-07-26",2014,"2011-2024",5537,4947,0,0,2,0,NA,0,1,0,1,0
"2118",3099,"CN_2014_129_2",6687,1,NA,"2014-07-24","2014-07-25","2014-08-27","2014-09-02",1,1,0,125,480,"CN",2014,0,0,"2014-07-24",2014,"2011-2024",5524,4860,0,1,0,0,NA,0,1,0,1,0
"2119",3100,"CN_2014_85_1",6688,1,NA,NA,"2014-06-09",NA,"2014-07-13",1,1,1,125,125,"CN",2014,1,1,"2014-06-09",2014,"2011-2024",5596,1877,1,0,2,0,NA,1,1,1,1,1
"2120",3101,"CN_2014_46_3",6661,2,NA,"2014-07-22","2014-07-24",NA,NA,1,0,0,125,63,"CN",2014,0,0,"2014-07-23",2014,"2011-2024",5901,6019,2,3,0,0,NA,0,1,0,1,0
"2121",3102,"CN_2014_112_3",6689,1,NA,"2014-07-06","2014-07-19",NA,NA,1,0,0,125,169,"CN",2014,0,0,"2014-07-12",2014,"2011-2024",3699,5821,0,0,0,0,NA,0,1,0,1,0
"2122",3103,"CN_2014_87.1_2",6690,1,NA,"2014-07-17","2014-07-22","2014-08-22","2014-08-25",1,1,1,125,128,"CN",2014,1,1,"2014-07-19",2014,"2011-2024",5277,4933,1,2,1,0,NA,1,1,1,1,1
"2123",3104,"CN_2014_122_2",6691,1,NA,"2014-07-26","2014-07-27","2014-08-27","2014-08-28",1,1,1,125,179,"CN",2014,1,1,"2014-07-26",2014,"2011-2024",5838,2991,1,0,2,0,NA,1,1,1,1,1
"2124",3109,"CN_2014_20_2",6696,1,NA,"2014-07-20","2014-07-22",NA,NA,1,0,0,125,26,"CN",2014,0,0,"2014-07-21",2014,"2011-2024",5607,5595,0,0,2,0,NA,0,1,0,1,0
"2125",3110,"CN_2014_50_2",6697,1,NA,"2014-07-11","2014-07-19",NA,NA,1,0,0,125,71,"CN",2014,0,0,"2014-07-15",2014,"2011-2024",4917,5847,2,1,2,0,NA,0,1,0,1,0
"2126",3111,"CN_2014_23_1",6698,1,NA,"2014-07-17","2014-07-18","2014-08-20","2014-08-22",1,1,1,125,30,"CN",2014,1,1,"2014-07-17",2014,"2011-2024",5750,5072,1,0,0,0,NA,1,1,1,1,1
"2127",3112,"CN_2014_28.1_2",6699,1,NA,"2014-07-24","2014-07-28","2014-08-29","2014-09-01",1,1,1,125,39,"CN",2014,1,1,"2014-07-26",2014,"2011-2024",5766,4890,1,1,0,0,NA,1,1,1,1,1
"2128",3113,"CN_2014_52.1_2",6700,1,NA,"2014-07-17","2014-07-25","2014-08-19","2014-08-20",1,1,1,125,77,"CN",2014,1,1,"2014-07-21",2014,"2011-2024",4958,5626,1,2,0,0,NA,1,1,1,1,1
"2129",3114,"CN_2014_51.2_2",6701,1,NA,"2014-07-29","2014-07-30","2014-09-03","2014-09-04",1,1,1,125,75,"CN",2014,1,1,"2014-07-29",2014,"2011-2024",5575,6018,1,1,0,0,NA,1,1,1,1,1
"2130",3116,"CN_2014_66_3",6702,1,1,"2014-07-20","2014-07-22",NA,NA,1,0,0,125,98,"CN",2014,0,0,"2014-07-21",2014,"2011-2024",1438,1708,0,0,0,0,NA,0,1,0,1,0
"2131",3117,"CN_2014_68_3",6703,1,NA,"2014-08-01","2014-08-04","2014-09-09","2014-09-10",1,1,1,125,100,"CN",2014,1,1,"2014-08-02",2014,"2011-2024",6061,5547,1,0,1,0,NA,1,1,1,1,1
"2132",3120,"CN_2014_131_4",6671,2,NA,"2014-07-19","2014-07-26","2014-08-20","2014-08-22",1,1,1,125,477,"CN",2014,1,1,"2014-07-22",2014,"2011-2024",1707,1710,1,2,1,0,NA,1,1,1,1,1
"2133",3121,"CN_2014_63_3",6674,2,2,"2014-07-27","2014-07-31","2014-09-02","2014-09-04",1,1,1,125,94,"CN",2014,1,1,"2014-07-29",2014,"2011-2024",5845,5249,1,2,1,0,NA,1,1,1,1,1
"2134",3122,"CN_2014_1.2_1",6706,1,NA,"2014-08-05","2014-08-08",NA,NA,1,0,0,125,616,"CN",2014,0,0,"2014-08-06",2014,"2011-2024",6034,5853,0,0,0,0,NA,0,1,0,1,0
"2135",3123,"CN_2014_42_1",6707,1,NA,"2014-07-14","2014-07-17","2014-08-09","2014-08-09",1,1,1,125,59,"CN",2014,1,1,"2014-07-15",2014,"2011-2024",6048,6014,1,0,1,1,NA,1,1,1,1,1
"2136",3124,"CN_2014_45_1",6708,1,NA,NA,"2014-06-17",NA,"2014-07-21",1,1,1,125,62,"CN",2014,1,1,"2014-06-17",2014,"2011-2024",3491,5291,1,0,1,0,NA,1,1,1,1,1
"2137",3125,"CN_2014_65_2",6709,1,1,"2014-07-21","2014-07-21","2014-08-30","2014-08-30",1,1,1,125,96,"CN",2014,1,1,"2014-07-21",2014,"2011-2024",5521,5118,2,0,2,0,NA,1,1,1,1,1
"2138",3126,"CN_2014_39_3",6710,1,NA,"2014-08-02","2014-08-05",NA,NA,1,1,0,125,55,"CN",2014,0,0,"2014-08-03",2014,"2011-2024",5641,5776,0,1,0,0,NA,0,1,0,1,0
"2139",3128,"CN_2014_41.1_3",6712,1,NA,"2014-07-24","2014-07-28","2014-08-30","2014-09-01",1,1,1,125,58,"CN",2014,1,1,"2014-07-26",2014,"2011-2024",5613,5779,1,0,0,0,NA,1,1,1,1,1
"2140",3129,"CN_2014_103.1_2",6713,1,NA,"2014-08-03","2014-08-03","2014-09-06","2014-09-09",1,1,1,125,159,"CN",2014,1,1,"2014-08-03",2014,"2011-2024",4861,5583,1,2,0,0,NA,1,1,1,1,1
"2141",3132,"CN_2014_92_3",6715,1,NA,"2014-08-07","2014-08-25",NA,NA,1,0,0,125,134,"CN",2014,0,0,"2014-08-16",2014,"2011-2024",5518,5456,0,0,2,0,NA,0,1,0,1,0
"2142",3133,"CN_2014_83_2",6716,1,1,"2014-07-29","2014-07-30",NA,NA,1,0,0,125,121,"CN",2014,0,0,"2014-07-29",2014,"2011-2024",6226,5226,0,0,0,0,NA,0,1,0,1,0
"2143",3135,"CN_2014_84_2",6718,1,NA,"2014-08-05","2014-08-07","2014-09-09","2014-09-10",1,1,1,125,123,"CN",2014,1,1,"2014-08-06",2014,"2011-2024",5749,5639,1,0,0,0,NA,1,1,1,1,1
"2144",3137,"CN_2014_60.1_2",6720,1,NA,"2014-07-15","2014-07-29",NA,NA,1,0,0,125,90,"CN",2014,0,0,"2014-07-22",2014,"2011-2024",3595,5292,1,0,1,0,NA,0,1,0,1,0
"2145",3138,"CN_2014_11_2",6721,1,NA,"2014-08-01","2014-08-04",NA,NA,1,0,0,125,16,"CN",2014,0,0,"2014-08-02",2014,"2011-2024",5642,5235,0,0,0,0,NA,0,1,0,1,0
"2146",3139,"CN_2014_62_3",6722,1,1,"2014-08-05","2014-08-08","2014-09-10","2014-09-17",1,0,0,125,92,"CN",2014,0,0,"2014-08-06",2014,"2011-2024",1717,4954,1,0,1,0,NA,0,1,0,1,0
"2147",3143,"CN_2014_82.1_2",6724,1,1,"2014-07-28","2014-08-01",NA,NA,1,1,0,125,118,"CN",2014,0,0,"2014-07-30",2014,"2011-2024",3698,1489,1,0,0,0,NA,0,1,0,1,0
"2148",3144,"CN_2014_133_3",6719,2,NA,"2014-08-06","2014-08-08","2014-09-11","2014-09-13",1,1,1,125,481,"CN",2014,1,1,"2014-08-07",2014,"2011-2024",5635,5620,1,2,1,0,NA,1,1,1,1,1
"2149",3145,"CN_2014_76_2",6725,1,1,"2014-08-04","2014-08-04",NA,NA,1,0,0,125,109,"CN",2014,0,0,"2014-08-04",2014,"2011-2024",1580,3643,0,0,0,0,NA,0,1,0,1,0
"2150",3146,"CN_2014_57.1_2",6726,1,NA,"2014-08-12","2014-08-12",NA,NA,1,0,0,125,85,"CN",2014,0,0,"2014-08-12",2014,"2011-2024",6044,5285,0,0,0,0,NA,0,1,0,1,0
"2151",3147,"CN_2014_93_2",6727,1,NA,"2014-08-01","2014-08-05",NA,NA,1,0,0,125,137,"CN",2014,0,0,"2014-08-03",2014,"2011-2024",3574,5908,0,0,3,0,NA,0,1,0,1,0
"2152",3148,"CN_2014_81_1",6728,1,1,"2014-08-09","2014-08-09",NA,NA,1,0,0,125,116,"CN",2014,0,0,"2014-08-09",2014,"2011-2024",5652,3486,0,0,1,0,NA,0,1,0,1,0
"2153",3150,"CN_2014_50_3",6697,2,NA,"2014-08-06","2014-08-08","2014-09-09","2014-09-09",2,2,2,125,71,"CN",2014,1,1,"2014-08-07",2014,"2011-2024",4917,5847,2,1,2,0,NA,2,2,1,1,1
"2154",3150,"CN_2014_50_3",6697,2,NA,"2014-08-06","2014-08-08","2014-09-09","2014-09-09",2,2,2,125,71,"CN",2014,1,1,"2014-08-07",2014,"2011-2024",4917,5847,2,1,2,0,NA,2,2,1,2,1
"2155",3151,"CN_2014_78_2",6730,1,NA,"2014-08-04","2014-08-04","2014-09-06","2014-09-08",1,1,1,125,112,"CN",2014,1,1,"2014-08-04",2014,"2011-2024",5625,5820,1,1,2,0,NA,1,1,1,1,1
"2156",3152,"CN_2014_126_2",6731,1,NA,"2014-08-03","2014-08-03","2014-09-06","2014-09-08",1,1,1,125,407,"CN",2014,1,1,"2014-08-03",2014,"2011-2024",6028,3456,1,1,1,0,NA,1,1,1,1,1
"2157",3155,"CN_2014_30_1",6734,1,NA,"2014-08-05","2014-08-05",NA,NA,1,0,0,125,41,"CN",2014,0,0,"2014-08-05",2014,"2011-2024",2986,5588,0,0,0,0,NA,0,1,0,1,0
"2158",3156,"CN_2014_10_3",6735,1,NA,"2014-07-30","2014-07-30","2014-09-02","2014-09-03",2,2,2,125,15,"CN",2014,1,1,"2014-07-30",2014,"2011-2024",5657,1762,2,1,2,0,NA,2,2,1,1,1
"2159",3156,"CN_2014_10_3",6735,1,NA,"2014-07-30","2014-07-30","2014-09-02","2014-09-03",2,2,2,125,15,"CN",2014,1,1,"2014-07-30",2014,"2011-2024",5657,1762,2,1,2,0,NA,2,2,1,2,1
"2160",3157,"CN_2014_53_2",6736,1,NA,"2014-07-24","2014-07-25","2014-08-30","2014-09-01",1,1,1,125,79,"CN",2014,1,1,"2014-07-24",2014,"2011-2024",5597,5602,1,1,1,0,NA,1,1,1,1,1
"2161",3159,"CN_2014_26.5_2",6738,1,NA,"2014-07-19","2014-07-23",NA,NA,1,1,0,125,36,"CN",2014,0,0,"2014-07-21",2014,"2011-2024",5769,5679,1,1,1,0,NA,0,1,0,1,0
"2162",3160,"CN_2014_33.1_3",6729,2,NA,"2014-07-30","2014-07-30","2014-09-02","2014-09-02",1,1,1,125,48,"CN",2014,1,1,"2014-07-30",2014,"2011-2024",4896,5764,1,0,0,0,NA,1,1,1,1,1
"2163",3161,"CN_2014_1.1_2",6739,1,NA,"2014-07-21","2014-07-21",NA,NA,1,1,0,125,2,"CN",2014,0,0,"2014-07-21",2014,"2011-2024",5267,2960,0,1,1,0,NA,0,1,0,1,0
"2164",3162,"CN_2014_49_2",6740,1,NA,"2014-06-22","2014-07-04","2014-07-31","2014-08-11",1,1,1,125,70,"CN",2014,1,1,"2014-06-28",2014,"2011-2024",1716,1881,1,0,0,0,NA,1,1,1,1,1
"2165",3163,"CN_2014_15_2",6741,1,NA,"2014-07-27","2014-07-30","2014-09-01","2014-09-04",1,1,1,125,20,"CN",2014,1,1,"2014-07-28",2014,"2011-2024",3085,1729,1,0,1,0,NA,1,1,1,1,1
"2166",3164,"CN_2014_5_4",6742,4,NA,"2014-07-24","2014-07-30",NA,NA,1,0,0,125,8,"CN",2014,0,0,"2014-07-27",2014,"2011-2024",1660,5837,0,1,1,0,NA,0,1,0,1,0
"2167",3165,"CN_2014_69_3",6695,2,1,"2014-08-04","2014-08-07",NA,NA,1,1,0,125,101,"CN",2014,0,0,"2014-08-05",2014,"2011-2024",5128,5606,0,1,2,0,NA,0,1,0,1,0
"2168",3166,"CN_2014_94.2_3",6678,2,NA,"2014-08-06","2014-08-07",NA,NA,1,0,0,125,140,"CN",2014,0,0,"2014-08-06",2014,"2011-2024",5534,1494,0,0,0,0,NA,0,1,0,1,0
"2169",3167,"CN_2014_120_4",6714,2,NA,"2014-08-01","2014-08-01","2014-09-04","2014-09-07",1,1,1,125,177,"CN",2014,1,1,"2014-08-01",2014,"2011-2024",5545,5638,1,1,0,0,NA,1,1,1,1,1
"2170",3169,"CN_2014_58_2",6744,1,1,"2014-08-15","2014-08-16",NA,NA,1,0,0,125,86,"CN",2014,0,0,"2014-08-15",2014,"2011-2024",5584,3089,0,0,0,0,NA,0,1,0,1,0
"2171",3171,"CN_2014_6.5_3",6672,2,NA,"2014-08-08","2014-08-08","2014-09-15","2014-09-17",1,1,1,125,11,"CN",2014,1,1,"2014-08-08",2014,"2011-2024",5841,5624,0,0,0,0,NA,1,1,1,1,1
"2172",3172,"CN_2014_33_3",6683,2,NA,"2014-08-14","2014-08-19",NA,NA,1,0,0,125,47,"CN",2014,0,0,"2014-08-16",2014,"2011-2024",5770,5513,2,1,1,0,NA,0,1,0,1,0
"2173",3173,"CN_2014_66_4",6702,2,2,"2014-08-17","2014-08-18",NA,NA,1,0,0,125,98,"CN",2014,0,0,"2014-08-17",2014,"2011-2024",1438,1708,0,0,0,0,NA,0,1,0,1,0
"2174",3174,"CN_2014_27.1_2",6733,2,NA,"2014-08-01","2014-08-06",NA,NA,1,1,0,125,605,"CN",2014,0,0,"2014-08-03",2014,"2011-2024",1824,6024,0,0,1,0,NA,0,1,0,1,0
"2175",3175,"CN_2014_9_3",6745,3,NA,"2014-08-14","2014-08-15",NA,NA,1,0,0,125,14,"CN",2014,0,0,"2014-08-14",2014,"2011-2024",5284,5775,0,0,1,0,NA,0,1,0,1,0
"2176",3178,"CN_2014_8_4",6746,2,NA,"2014-08-03","2014-08-03",NA,NA,1,1,0,125,13,"CN",2014,0,0,"2014-08-03",2014,"2011-2024",5621,1607,0,0,6,0,NA,0,1,0,1,0
"2177",3179,"CN_2014_50.1_1",6747,1,NA,"2014-08-01","2014-08-01",NA,NA,1,1,0,125,72,"CN",2014,0,0,"2014-08-01",2014,"2011-2024",5452,6029,0,0,1,0,NA,0,1,0,1,0
"2178",3182,"CN_2014_7_2",6749,1,NA,"2014-07-31","2014-08-04",NA,NA,1,1,0,125,12,"CN",2014,0,0,"2014-08-02",2014,"2011-2024",5282,5462,0,0,1,0,NA,0,1,0,1,0
"2179",3183,"CN_2014_25_2",6750,1,NA,"2014-08-08","2014-08-08","2014-09-15","2014-09-17",1,1,1,125,33,"CN",2014,1,1,"2014-08-08",2014,"2011-2024",5825,6027,1,0,0,0,NA,1,1,1,1,1
"2180",3184,"CN_2014_22_2",6751,1,NA,"2014-08-10","2014-08-12",NA,NA,2,2,0,125,28,"CN",2014,0,0,"2014-08-11",2014,"2011-2024",5843,5453,1,1,2,0,NA,0,2,0,1,0
"2181",3184,"CN_2014_22_2",6751,1,NA,"2014-08-10","2014-08-12",NA,NA,2,2,0,125,28,"CN",2014,0,0,"2014-08-11",2014,"2011-2024",5843,5453,1,1,2,0,NA,0,2,0,2,0
"2182",3185,"CN_2014_32.5_3",6680,2,NA,"2014-08-02","2014-08-08",NA,NA,1,0,0,125,46,"CN",2014,0,0,"2014-08-05",2014,"2011-2024",4973,1868,0,2,0,0,NA,0,1,0,1,0
"2183",3187,"CN_2014_111_3",6752,2,NA,"2014-08-19","2014-08-19",NA,NA,1,0,0,125,168,"CN",2014,0,0,"2014-08-19",2014,"2011-2024",5842,5333,1,0,0,0,NA,0,1,0,1,0
"2184",3188,"CN_2014_20_3",6696,2,NA,"2014-08-08","2014-08-12",NA,NA,1,0,0,125,26,"CN",2014,0,0,"2014-08-10",2014,"2011-2024",5607,5595,0,0,2,0,NA,0,1,0,1,0
"2185",3189,"CN_2014_46_5",6661,4,NA,"2014-08-01","2014-08-03","2014-09-06","2014-09-08",2,2,2,125,63,"CN",2014,1,1,"2014-08-02",2014,"2011-2024",5901,6019,2,3,0,0,NA,2,2,1,1,1
"2186",3189,"CN_2014_46_5",6661,4,NA,"2014-08-01","2014-08-03","2014-09-06","2014-09-08",2,2,2,125,63,"CN",2014,1,1,"2014-08-02",2014,"2011-2024",5901,6019,2,3,0,0,NA,2,2,1,2,1
"2187",3190,"CN_2014_37_1",6753,1,NA,"2014-08-06","2014-08-09","2014-09-13","2014-09-15",1,1,1,125,53,"CN",2014,1,1,"2014-08-07",2014,"2011-2024",3094,5855,1,0,0,0,NA,1,1,1,1,1
"2188",3191,"CN_2014_55_1",6754,1,NA,"2014-08-05","2014-08-05",NA,NA,1,0,0,125,82,"CN",2014,0,0,"2014-08-05",2014,"2011-2024",5530,5447,0,0,2,0,NA,0,1,0,1,0
"2189",3192,"CN_2014_86_3",6755,1,NA,"2014-08-10","2014-08-10",NA,NA,1,0,0,125,126,"CN",2014,0,0,"2014-08-10",2014,"2011-2024",6022,5522,0,0,2,0,NA,0,1,0,1,0
"2190",3195,"CN_2014_34.5_3",6673,2,NA,"2014-08-04","2014-08-09",NA,NA,1,1,0,125,50,"CN",2014,0,0,"2014-08-06",2014,"2011-2024",3608,5834,1,1,0,0,NA,0,1,0,1,0
"2191",3196,"CN_2014_47.1_3",6758,1,NA,"2014-07-23","2014-07-24",NA,"2014-08-25",1,1,1,125,68,"CN",2014,1,1,"2014-07-23",2014,"2011-2024",5337,6033,1,1,1,0,NA,1,1,1,1,1
"2192",3197,"CN_2014_18_3",6664,2,NA,"2014-08-19","2014-08-27","2014-09-22","2014-09-30",1,1,1,125,24,"CN",2014,1,1,"2014-08-23",2014,"2011-2024",5630,2966,3,0,0,0,NA,1,1,1,1,1
"2193",3200,"CN_2014_136_3",6717,2,NA,"2014-08-12","2014-08-12",NA,NA,1,0,0,125,516,"CN",2014,0,0,"2014-08-12",2014,"2011-2024",5009,5850,2,0,1,0,NA,0,1,0,1,0
"2194",3203,"CN_2014_26.5_3",6738,2,NA,"2014-08-16","2014-08-16","2014-09-22","2014-09-24",1,1,1,125,36,"CN",2014,1,1,"2014-08-16",2014,"2011-2024",5769,5679,1,1,1,0,NA,1,1,1,1,1
"2195",3204,"CN_2014_121_2",6676,2,NA,"2014-08-18","2014-08-18",NA,NA,1,0,0,125,178,"CN",2014,0,0,"2014-08-18",2014,"2011-2024",5511,2974,1,0,0,0,NA,0,1,0,1,0
"2196",3206,"CN_2014_32_2",6757,2,NA,"2014-08-17","2014-08-17",NA,NA,1,1,0,125,45,"CN",2014,0,0,"2014-08-17",2014,"2011-2024",4999,5513,0,0,4,0,NA,0,1,0,1,0
"2197",3207,"CN_2014_85_4",6688,4,NA,"2014-08-19","2014-08-20",NA,NA,1,0,0,125,125,"CN",2014,0,0,"2014-08-19",2014,"2011-2024",5596,1877,1,0,2,0,NA,0,1,0,1,0
"2198",3210,"CN_2014_92_2",6715,2,NA,"2014-08-04","2014-08-06",NA,NA,1,0,0,125,134,"CN",2014,0,0,"2014-08-05",2014,"2011-2024",5518,5456,0,0,2,0,NA,0,1,0,1,0
"2199",3211,"CN_2014_62_5",6722,3,2,"2014-08-12","2014-08-29",NA,NA,1,0,0,125,92,"CN",2014,0,0,"2014-08-20",2014,"2011-2024",1717,4954,1,0,1,0,NA,0,1,0,1,0
"2200",3213,"CN_2014_26_2",6761,1,NA,"2014-08-12","2014-08-13","2014-09-16","2014-09-19",1,1,1,125,34,"CN",2014,1,1,"2014-08-12",2014,"2011-2024",5833,5903,1,1,0,0,NA,1,1,1,1,1
"2201",3214,"CN_2014_5_5",6742,5,NA,"2014-08-16","2014-08-18",NA,NA,1,0,0,125,8,"CN",2014,0,0,"2014-08-17",2014,"2011-2024",1660,5837,0,1,1,0,NA,0,1,0,1,0
"2202",3215,"CN_2014_2_3",6662,2,NA,"2014-08-02","2014-08-09","2014-09-05","2014-09-05",1,1,1,125,3,"CN",2014,1,1,"2014-08-05",2014,"2011-2024",3086,5829,3,1,0,0,NA,1,1,1,1,1
"2203",3217,"CN_2014_88_3",6681,2,NA,"2014-08-15","2014-08-19",NA,NA,1,1,0,125,129,"CN",2014,0,0,"2014-08-17",2014,"2011-2024",5173,5904,1,0,2,0,NA,0,1,0,1,0
"2204",3218,"CN_2014_77_2",6693,2,1,"2014-08-03","2014-08-08","2014-09-09","2014-09-11",1,1,1,125,110,"CN",2014,1,1,"2014-08-05",2014,"2011-2024",5598,5582,1,1,1,0,NA,1,1,1,1,1
"2205",3219,"CN_2014_59.1_2",6762,1,1,"2014-07-18","2014-07-18","2014-08-22","2014-08-24",1,1,1,125,88,"CN",2014,1,1,"2014-07-18",2014,"2011-2024",4904,5283,1,0,1,0,NA,1,1,1,1,1
"2206",3221,"CN_2014_77.1_2",6763,1,NA,"2014-08-20","2014-08-21",NA,NA,1,1,0,125,111,"CN",2014,0,0,"2014-08-20",2014,"2011-2024",5212,5559,0,2,1,0,NA,0,1,0,1,0
"2207",3224,"CN_2014_6_3",6667,2,2,"2014-08-23","2014-08-23",NA,NA,1,0,0,125,9,"CN",2014,0,0,"2014-08-23",2014,"2011-2024",1826,5780,1,0,1,0,NA,0,1,0,1,0
"2208",3226,"CN_2014_11_3",6721,3,NA,"2014-08-19","2014-08-19",NA,NA,1,0,0,125,16,"CN",2014,0,0,"2014-08-19",2014,"2011-2024",5642,5235,0,0,0,0,NA,0,1,0,1,0
"2209",3227,"CN_2014_112_5",6689,5,NA,"2014-08-12","2014-08-19",NA,NA,1,0,0,125,169,"CN",2014,0,0,"2014-08-15",2014,"2011-2024",3699,5821,0,0,0,0,NA,0,1,0,1,0
"2210",3230,"CN_2014_60.1_4",6720,3,1,"2014-08-18","2014-08-21",NA,NA,1,1,0,125,90,"CN",2014,0,0,"2014-08-19",2014,"2011-2024",3595,5292,1,0,1,0,NA,0,1,0,1,0
"2211",3232,"CN_2014_29_5",6748,5,NA,"2014-08-29","2014-08-31",NA,NA,1,0,0,125,40,"CN",2014,0,0,"2014-08-30",2014,"2011-2024",3462,5590,0,0,0,0,NA,0,1,0,1,0
"2212",3234,"CN_2014_32.5_4",6680,3,NA,"2014-08-30","2014-09-01",NA,NA,1,1,0,125,46,"CN",2014,0,0,"2014-08-31",2014,"2011-2024",4973,1868,0,2,0,0,NA,0,1,0,1,0
"2213",3235,"CN_2014_47.2_4",6711,3,NA,"2014-08-14","2014-08-28",NA,NA,1,0,0,125,602,"CN",2014,0,0,"2014-08-21",2014,"2011-2024",6068,5826,0,0,0,0,NA,0,1,0,1,0
"2214",3236,"CN_2014_53.1_3",6756,2,NA,"2014-09-17","2014-09-21",NA,NA,1,0,0,125,80,"CN",2014,0,0,"2014-09-19",2014,"2011-2024",5589,6157,0,0,4,0,NA,0,1,0,1,0
"2215",3252,"CN_2009_1.1_2",4697,2,1,"2009-07-27","2009-07-27","2009-08-29","2009-09-05",1,1,1,92,2,"CN",2009,1,1,"2009-07-27",2009,"1997-2010",5267,2960,1,0,0,0,NA,1,1,1,1,1
"2216",3253,"CN_2009_26.5_3",4723,3,1,"2009-07-28","2009-07-28",NA,NA,1,1,0,92,36,"CN",2009,0,0,"2009-07-28",2009,"1997-2010",1824,4967,0,0,1,0,NA,0,1,0,1,0
"2217",3254,"CN_2008_15_1",4509,1,1,NA,"2008-05-07",NA,"2008-06-10",1,1,1,87,20,"CN",2008,1,1,"2008-05-07",2008,"1997-2010",3085,1729,1,0,1,0,NA,1,1,1,1,1
"2218",3259,"CN_2008_29_2",4523,1,NA,NA,"2008-06-06",NA,"2008-07-10",1,1,1,87,40,"CN",2008,1,1,"2008-06-06",2008,"1997-2010",3462,3093,1,0,0,0,NA,1,1,1,1,1
"2219",3260,"CN_2008_30.2_2",4525,2,1,NA,"2008-07-24",NA,"2008-08-27",1,1,1,87,43,"CN",2008,1,1,"2008-07-24",2008,"1997-2010",1854,1029,2,2,3,0,NA,1,1,1,1,1
"2220",3261,"CN_2008_33.1_1",4529,1,NA,NA,"2008-06-13",NA,"2008-07-17",1,1,1,87,48,"CN",2008,1,1,"2008-06-13",2008,"1997-2010",4896,2990,1,0,1,0,NA,1,1,1,1,1
"2221",3262,"CN_2008_34.5_1",4530,1,NA,NA,"2008-06-13",NA,"2008-07-17",1,1,1,87,50,"CN",2008,1,1,"2008-06-13",2008,"1997-2010",3608,1553,1,0,1,0,NA,1,1,1,1,1
"2222",3263,"CN_2008_37_1",4532,1,1,NA,"2008-06-23",NA,"2008-07-27",1,1,1,87,53,"CN",2008,1,1,"2008-06-23",2008,"1997-2010",3094,1739,1,0,3,0,NA,1,1,1,1,1
"2223",3264,"CN_2008_38_1",4533,1,NA,NA,"2008-06-13",NA,"2008-07-17",1,1,1,87,54,"CN",2008,1,1,"2008-06-13",2008,"1997-2010",1821,1504,1,0,0,0,NA,1,1,1,1,1
"2224",3265,"CN_2008_42_1",4537,1,1,NA,"2008-06-19",NA,"2008-07-23",1,1,1,87,59,"CN",2008,1,1,"2008-06-19",2008,"1997-2010",3022,3696,1,0,0,0,NA,1,1,1,1,1
"2225",3266,"CN_2008_45_1",4540,1,1,NA,"2008-06-19",NA,"2008-07-23",1,1,1,87,62,"CN",2008,1,1,"2008-06-19",2008,"1997-2010",5079,1539,1,0,0,0,NA,1,1,1,1,1
"2226",3267,"CN_2008_46.5_1",4542,1,1,NA,"2008-06-23",NA,"2008-07-27",1,1,1,87,66,"CN",2008,1,1,"2008-06-23",2008,"1997-2010",1558,3021,2,0,0,0,NA,1,1,1,1,1
"2227",3268,"CN_2008_47.1_1",4544,1,1,NA,"2008-06-13",NA,"2008-07-17",1,1,1,87,68,"CN",2008,1,1,"2008-06-13",2008,"1997-2010",1669,1897,1,1,1,0,NA,1,1,1,1,1
"2228",3269,"CN_2008_50_1",4547,1,NA,NA,"2008-06-13",NA,"2008-07-17",1,1,1,87,71,"CN",2008,1,1,"2008-06-13",2008,"1997-2010",4878,1742,1,0,1,0,NA,1,1,1,1,1
"2229",3270,"CN_2008_50.1_1",4548,1,NA,NA,"2008-06-12",NA,"2008-07-16",1,1,1,87,72,"CN",2008,1,1,"2008-06-12",2008,"1997-2010",1805,1774,1,0,2,0,NA,1,1,1,1,1
"2230",3271,"CN_2008_54_1",4555,1,NA,NA,"2008-06-08",NA,"2008-07-12",1,1,1,87,81,"CN",2008,1,1,"2008-06-08",2008,"1997-2010",1895,1754,1,0,1,0,NA,1,1,1,1,1
"2231",3272,"CN_2008_66_2",4567,1,1,NA,"2008-06-22",NA,"2008-07-26",1,1,1,87,98,"CN",2008,1,1,"2008-06-22",2008,"1997-2010",1438,1708,1,0,1,0,NA,1,1,1,1,1
"2232",3273,"CN_2008_69_1",4570,1,1,"2008-06-20","2008-08-17","2008-07-24","2008-07-24",1,1,1,87,101,"CN",2008,1,1,"2008-07-19",2008,"1997-2010",3518,3454,0,0,1,0,NA,1,1,1,1,1
"2233",3274,"CN_2008_85_1",4582,1,1,NA,"2008-06-11",NA,"2008-07-15",1,1,1,87,125,"CN",2008,1,1,"2008-06-11",2008,"1997-2010",1401,1877,1,0,3,0,NA,1,1,1,1,1
"2234",3275,"CN_2008_86_1",4583,1,1,NA,"2008-06-11",NA,"2008-07-15",1,1,1,87,126,"CN",2008,1,1,"2008-06-11",2008,"1997-2010",1563,3617,2,1,1,0,NA,1,1,1,1,1
"2235",3276,"CN_2008_88_1",4586,1,NA,NA,"2008-06-19",NA,"2008-07-23",1,1,1,87,129,"CN",2008,1,1,"2008-06-19",2008,"1997-2010",1678,1412,1,0,1,0,NA,1,1,1,1,1
"2236",3277,"CN_2008_92.1_1",4588,1,1,NA,"2008-06-11",NA,"2008-07-15",1,1,1,87,135,"CN",2008,1,1,"2008-06-11",2008,"1997-2010",3002,1581,1,0,2,0,NA,1,1,1,1,1
"2237",3278,"CN_2008_94_1",4590,1,NA,NA,"2008-06-17",NA,"2008-07-21",1,1,1,87,138,"CN",2008,1,1,"2008-06-17",2008,"1997-2010",3451,1801,1,0,0,0,NA,1,1,1,1,1
"2238",3280,"CN_2008_126_1",4610,1,NA,NA,"2008-06-12",NA,"2008-07-16",2,2,2,87,407,"CN",2008,1,1,"2008-06-12",2008,"1997-2010",3569,3456,2,0,2,0,NA,2,2,1,1,1
"2239",3280,"CN_2008_126_1",4610,1,NA,NA,"2008-06-12",NA,"2008-07-16",2,2,2,87,407,"CN",2008,1,1,"2008-06-12",2008,"1997-2010",3569,3456,2,0,2,0,NA,2,2,1,2,1
"2240",3282,"CN_2008_5_2",4501,2,NA,NA,"2008-06-07",NA,"2008-07-11",1,1,1,87,8,"CN",2008,1,1,"2008-06-07",2008,"1997-2010",1605,4939,1,1,0,0,NA,1,1,1,1,1
"2241",3283,"CN_2008_33_1",4528,1,1,NA,"2008-06-10",NA,"2008-07-14",1,1,1,87,47,"CN",2008,1,1,"2008-06-10",2008,"1997-2010",1765,1752,1,1,3,0,NA,1,1,1,1,1
"2242",3284,"CN_2008_78_1",4576,1,NA,NA,"2008-06-07",NA,"2008-07-11",1,1,1,87,112,"CN",2008,1,1,"2008-06-07",2008,"1997-2010",1790,1731,1,2,1,0,NA,1,1,1,1,1
"2243",3285,"CN_2010_131_1",5069,1,NA,NA,"2010-05-29",NA,"2010-07-02",1,1,1,104,477,"CN",2010,1,1,"2010-05-29",2010,"1997-2010",1707,1710,2,2,0,0,NA,1,1,1,1,1
"2244",3287,"CN_2010_47.1_3",5004,3,NA,NA,"2010-06-09",NA,"2010-07-13",1,1,1,104,68,"CN",2010,1,1,"2010-06-09",2010,"1997-2010",1669,5508,0,0,4,0,NA,1,1,1,1,1
"2245",3288,"CN_2011_9_1",5092,1,NA,NA,"2011-05-24",NA,"2011-06-27",1,1,1,105,14,"CN",2011,1,1,"2011-05-24",2011,"2011-2024",5284,5539,3,0,0,0,NA,1,1,1,1,1
"2246",3289,"CN_2011_22_1",5100,1,NA,NA,"2011-05-27",NA,"2011-06-30",1,1,1,105,28,"CN",2011,1,1,"2011-05-27",2011,"2011-2024",1857,5453,1,0,1,0,NA,1,1,1,1,1
"2247",3290,"CN_2011_32.5_2",5108,2,1,"2011-08-31","2011-09-11","2011-10-02","2011-10-18",1,1,1,105,46,"CN",2011,1,1,"2011-09-05",2011,"2011-2024",4973,1868,0,1,1,0,NA,1,1,1,1,1
"2248",3291,"CN_2011_111_3",5169,3,NA,NA,"2011-05-24",NA,"2011-06-27",1,1,1,105,168,"CN",2011,1,1,"2011-05-24",2011,"2011-2024",3517,5333,1,0,3,0,NA,1,1,1,1,1
"2249",3292,"CN_2011_2_1",5088,1,1,NA,"2011-05-24",NA,"2011-06-27",1,1,1,105,3,"CN",2011,1,1,"2011-05-24",2011,"2011-2024",1763,5557,1,1,3,0,NA,1,1,1,1,1
"2250",3293,"CN_2011_117_1",5172,1,1,NA,"2011-05-31",NA,"2011-07-04",1,1,1,105,174,"CN",2011,1,1,"2011-05-31",2011,"2011-2024",5162,5077,2,0,0,0,NA,1,1,1,1,1
"2251",3295,"CN_2012_1.1_1",5359,1,1,NA,"2012-05-01",NA,"2012-06-04",1,1,1,116,2,"CN",2012,1,1,"2012-05-01",2012,"2011-2024",5267,2960,1,1,5,0,NA,1,1,1,1,1
"2252",3296,"CN_2012_2_1",5313,1,1,NA,"2012-05-09",NA,"2012-06-12",1,1,1,116,3,"CN",2012,1,1,"2012-05-09",2012,"2011-2024",1763,5828,1,1,3,0,NA,1,1,1,1,1
"2253",3297,"CN_2012_8_1",5599,1,NA,NA,"2012-05-01",NA,"2012-06-04",1,1,1,116,13,"CN",2012,1,1,"2012-05-01",2012,"2011-2024",5621,1607,1,1,0,0,NA,1,1,1,1,1
"2254",3298,"CN_2012_22_1",5365,1,NA,NA,"2012-05-08",NA,"2012-06-11",1,1,1,116,28,"CN",2012,1,1,"2012-05-08",2012,"2011-2024",1857,5453,0,0,1,0,NA,1,1,1,1,1
"2255",3300,"CN_2012_23_1",5339,1,1,NA,"2012-05-05",NA,"2012-06-08",1,1,1,116,30,"CN",2012,1,1,"2012-05-05",2012,"2011-2024",5163,5072,0,1,0,0,NA,1,1,1,1,1
"2256",3301,"CN_2012_26.5_1",5319,1,1,NA,"2012-05-04",NA,"2012-06-07",1,1,1,116,36,"CN",2012,1,1,"2012-05-04",2012,"2011-2024",1824,5679,0,0,3,0,NA,1,1,1,1,1
"2257",3302,"CN_2012_45_1",5606,1,1,NA,"2012-05-11",NA,"2012-06-14",1,1,1,116,62,"CN",2012,1,1,"2012-05-11",2012,"2011-2024",3491,5290,2,0,0,0,NA,1,1,1,1,1
"2258",3303,"CN_2012_46_1",5340,1,1,NA,"2012-05-10",NA,"2012-06-13",1,1,1,116,63,"CN",2012,1,1,"2012-05-10",2012,"2011-2024",1042,1577,0,1,1,0,NA,1,1,1,1,1
"2259",3304,"CN_2012_46_3",5340,3,1,"2012-08-14","2012-08-23",NA,NA,1,0,0,116,63,"CN",2012,0,0,"2012-08-18",2012,"2011-2024",1042,1577,0,1,1,0,NA,0,1,0,1,0
"2260",3305,"CN_2012_60.1_1",5612,1,1,"2012-05-11","2012-07-18","2012-06-14","2012-06-14",1,1,1,116,90,"CN",2012,1,1,"2012-06-14",2012,"2011-2024",5216,5292,1,1,0,0,NA,1,1,1,1,1
"2261",3306,"CN_2012_62_2",5325,2,1,"2012-08-12","2012-08-20",NA,NA,1,0,0,116,92,"CN",2012,0,0,"2012-08-16",2012,"2011-2024",1717,4954,0,0,0,0,NA,0,1,0,1,0
"2262",3307,"CN_2012_63_1",5361,1,1,NA,"2012-05-09",NA,"2012-06-12",1,1,1,116,94,"CN",2012,1,1,"2012-05-09",2012,"2011-2024",5845,5249,0,0,1,0,NA,1,1,1,1,1
"2263",3308,"CN_2012_77_1",5617,1,1,NA,"2012-05-03",NA,"2012-06-06",1,1,1,116,110,"CN",2012,1,1,"2012-05-03",2012,"2011-2024",3645,5582,1,1,1,0,NA,1,1,1,1,1
"2264",3309,"CN_2012_77.1_1",5618,1,1,NA,"2012-05-23",NA,"2012-06-26",1,1,1,116,111,"CN",2012,1,1,"2012-05-23",2012,"2011-2024",5212,5559,2,0,0,0,NA,1,1,1,1,1
"2265",3310,"CN_2012_84_1",5620,1,1,NA,"2012-06-06",NA,"2012-07-10",1,1,1,116,123,"CN",2012,1,1,"2012-06-06",2012,"2011-2024",3694,5639,0,0,0,0,NA,1,1,1,1,1
"2266",3311,"CN_2012_92_1",5328,1,1,NA,"2012-05-25",NA,"2012-06-28",1,1,1,116,134,"CN",2012,1,1,"2012-05-25",2012,"2011-2024",5518,5456,1,0,0,0,NA,1,1,1,1,1
"2267",3312,"CN_2012_92.1_1",5621,1,1,NA,"2012-05-25",NA,"2012-06-28",1,1,1,116,135,"CN",2012,1,1,"2012-05-25",2012,"2011-2024",3002,5528,0,0,1,0,NA,1,1,1,1,1
"2268",3313,"CN_2012_101.1_1",5623,1,1,NA,"2012-06-03",NA,"2012-07-07",1,1,1,116,155,"CN",2012,1,1,"2012-06-03",2012,"2011-2024",4885,5338,1,0,0,0,NA,1,1,1,1,1
"2269",3314,"CN_2012_104_1",5624,1,1,NA,"2012-06-08",NA,"2012-07-12",1,1,1,116,160,"CN",2012,1,1,"2012-06-08",2012,"2011-2024",5132,5498,1,1,0,0,NA,1,1,1,1,1
"2270",3315,"CN_2012_112_1",5626,1,1,"2012-07-24","2012-07-31",NA,NA,1,0,0,116,169,"CN",2012,0,0,"2012-07-27",2012,"2011-2024",3699,5509,0,0,0,0,NA,0,1,0,1,0
"2271",3316,"CN_2012_116_1",5628,1,1,NA,"2012-05-21",NA,"2012-06-24",1,1,1,116,173,"CN",2012,1,1,"2012-05-21",2012,"2011-2024",1716,4892,2,0,2,0,NA,1,1,1,1,1
"2272",3317,"CN_2012_126_1",5317,1,1,NA,"2012-05-13",NA,"2012-06-16",1,1,1,116,407,"CN",2012,1,1,"2012-05-13",2012,"2011-2024",5616,3456,0,0,1,0,NA,1,1,1,1,1
"2273",3318,"CN_2012_117_1",5629,1,1,"2012-05-02","2012-05-15","2012-06-05","2012-06-05",1,1,1,116,174,"CN",2012,1,1,"2012-05-08",2012,"2011-2024",5162,5077,1,0,1,0,NA,1,1,1,1,1
"2274",3319,"CN_2012_83_1",5304,1,NA,NA,"2012-05-20",NA,"2012-06-23",1,1,1,116,121,"CN",2012,1,1,"2012-05-20",2012,"2011-2024",4803,1829,0,0,1,0,NA,1,1,1,1,1
"2275",3320,"CN_2012_59_1",5351,1,NA,NA,"2012-05-21",NA,"2012-06-24",1,1,1,116,87,"CN",2012,1,1,"2012-05-21",2012,"2011-2024",5174,1722,1,0,0,0,NA,1,1,1,1,1
"2276",3322,"CN_2014_5_3",6742,3,NA,"2014-06-21","2014-07-15","2014-07-25","2014-07-25",1,1,1,125,8,"CN",2014,1,1,"2014-07-03",2014,"2011-2024",1660,5837,0,1,1,0,NA,1,1,1,1,1
"2277",3323,"CN_2007_21_1",4208,1,1,NA,"2007-06-10",NA,"2007-07-14",1,1,1,82,27,"CN",2007,1,1,"2007-06-10",2007,"1997-2010",3490,3087,1,0,0,0,NA,1,1,1,1,1
"2278",3324,"CN_2007_25_1",4212,1,NA,NA,"2007-06-10",NA,"2007-07-14",1,1,1,82,33,"CN",2007,1,1,"2007-06-10",2007,"1997-2010",503,3615,0,0,0,0,NA,1,1,1,1,1
"2279",3325,"CN_2007_46_1",4235,1,1,NA,"2007-06-12",NA,"2007-07-16",1,1,1,82,63,"CN",2007,1,1,"2007-06-12",2007,"1997-2010",1042,1577,1,0,1,0,NA,1,1,1,1,1
"2280",3330,"CN_2007_5_2",4194,1,1,NA,"2007-06-16",NA,"2007-07-20",1,1,1,82,8,"CN",2007,1,1,"2007-06-16",2007,"1997-2010",1605,497,1,0,1,0,NA,1,1,1,1,1
"2281",3331,"CN_2005_42_1",3004,1,NA,NA,"2005-07-22",NA,"2005-08-25",1,1,1,37,59,"CN",2005,1,1,"2005-07-22",2005,"1997-2010",1541,0,1,0,0,0,NA,1,1,1,1,1
"2282",3332,"CN_2005_117_3",752,3,NA,NA,"2005-05-01",NA,"2005-06-04",1,1,1,37,174,"CN",2005,1,1,"2005-05-01",2005,"1997-2010",1781,1579,1,0,0,0,NA,1,1,1,1,1
"2283",3341,"CN_2014_102_4",6660,2,NA,NA,"2014-05-25",NA,"2014-06-28",1,1,1,125,157,"CN",2014,1,1,"2014-05-25",2014,"2011-2024",5075,5000,1,0,0,0,NA,1,1,1,1,1
"2284",3343,"CN_2009_30.1_4",4726,4,2,"2009-08-03","2009-08-11","2009-09-03","2009-09-05",1,1,1,92,42,"CN",2009,1,1,"2009-08-07",2009,"1997-2010",5119,1543,1,0,0,0,NA,1,1,1,1,1
"2285",3344,"CN_1995_46_2",2115,2,1,"1995-08-05","1995-08-23",NA,NA,2,1,0,19,63,"CN",1995,0,0,"1995-08-14",1995,"1997-2010",468,176,0,2,8,0,NA,0,2,0,1,0
"2286",3344,"CN_1995_46_2",2115,2,1,"1995-08-05","1995-08-23",NA,NA,2,1,0,19,63,"CN",1995,0,0,"1995-08-14",1995,"1997-2010",468,176,0,2,8,0,NA,0,2,0,2,0
"2287",3345,"CN_1995_11_1",2088,1,NA,"1995-05-29","1995-06-16",NA,NA,1,1,0,19,16,"CN",1995,0,0,"1995-06-07",1995,"1997-2010",457,22,0,0,1,0,NA,0,1,0,1,0
"2288",3346,"CN_2011_23_2",5101,2,1,"2011-07-15","2011-07-15",NA,NA,1,0,0,105,30,"CN",2011,0,0,"2011-07-15",2011,"2011-2024",5163,5072,0,0,0,0,NA,0,1,0,1,0
"2289",3348,"CN_2004_37_2",596,2,NA,"2004-07-21","2004-07-28",NA,NA,1,1,0,34,53,"CN",2004,0,0,"2004-07-24",2004,"1997-2010",2987,1739,0,0,0,0,NA,0,1,0,1,0
"2290",3349,"CN_2010_2_2",4960,1,1,NA,"2010-05-28",NA,"2010-07-01",1,1,1,104,3,"CN",2010,1,1,"2010-05-28",2010,"1997-2010",1763,5204,3,1,1,0,NA,1,1,1,1,1
"2291",3350,"CN_2003_21_2",465,2,NA,"2003-08-10","2003-08-12",NA,NA,1,1,1,30,27,"CN",2003,1,1,"2003-08-11",2003,"1997-2010",1346,1773,1,0,1,0,NA,1,1,1,1,1
"2292",3352,"CN_2009_67_3",4768,3,NA,NA,"2009-05-15",NA,"2009-06-18",1,1,1,92,99,"CN",2009,1,1,"2009-05-15",2009,"1997-2010",3604,1533,1,0,0,0,NA,1,1,1,1,1
"2293",3357,"CN_2003_85_2",530,2,1,"2003-07-11","2003-08-02",NA,NA,1,1,0,30,125,"CN",2003,0,0,"2003-07-22",2003,"1997-2010",1401,1788,0,0,1,0,NA,0,1,0,1,0
"2294",3358,"CN_1996_39_2",2231,1,NA,NA,"1996-05-29",NA,"1996-07-02",1,1,1,21,55,"CN",1996,1,1,"1996-05-29",1996,"1997-2010",462,947,1,1,3,0,NA,1,1,1,1,1
"2295",3359,"CN_2002_6_2",782,2,NA,"2002-07-20","2002-08-05",NA,NA,1,0,0,41,9,"CN",2002,0,0,"2002-07-28",2002,"1997-2010",595,1585,0,0,1,0,NA,0,1,0,1,0
"2296",3360,"CN_2002_16_3",790,2,NA,NA,"2002-07-14",NA,"2002-08-17",1,1,1,41,22,"CN",2002,1,1,"2002-07-14",2002,"1997-2010",1511,1499,1,0,1,0,NA,1,1,1,1,1
"2297",3361,"CN_2002_47_2",3264,2,NA,NA,"2002-07-21",NA,"2002-08-24",1,1,1,41,67,"CN",2002,1,1,"2002-07-21",2002,"1997-2010",1305,1595,1,0,0,0,NA,1,1,1,1,1
"2298",3362,"CN_2013_2_1",5643,1,NA,"2013-01-16","2013-01-23","2013-02-24","2013-02-26",1,1,1,118,3,"CN",2013,1,1,"2013-01-19",2013,"2011-2024",1763,5828,1,0,3,0,NA,1,1,1,1,1
"2299",3365,"CN_2013_33_2",5877,1,NA,NA,"2012-12-24",NA,"2013-01-27",1,1,1,118,47,"CN",2013,1,1,"2012-12-24",2012,"2011-2024",NA,5513,1,1,4,0,NA,1,1,1,1,1
"2300",3366,"CN_2013_53.1_2",5899,1,NA,NA,"2012-12-23",NA,"2013-01-26",1,1,1,118,80,"CN",2013,1,1,"2012-12-23",2012,"2011-2024",5589,5586,1,0,0,0,NA,1,1,1,1,1
"2301",3371,"CN_2013_76_2",5917,1,NA,NA,"2013-01-16",NA,"2013-02-19",1,1,1,118,109,"CN",2013,1,1,"2013-01-16",2013,"2011-2024",1580,3643,1,0,1,0,NA,1,1,1,1,1
"2302",3372,"CN_2013_87.1_2",5928,1,NA,"2012-12-15","2013-01-06",NA,NA,1,1,0,118,128,"CN",2013,0,0,"2012-12-26",2012,"2011-2024",5277,4933,0,0,2,0,NA,0,1,0,1,0
"2303",3373,"CN_2013_108_2",5941,1,NA,"2012-12-26","2013-01-05","2013-02-03","2013-02-08",1,1,1,118,165,"CN",2013,1,1,"2012-12-31",2012,"2011-2024",5634,4957,1,0,0,0,NA,1,1,1,1,1
"2304",3375,"CN_1996_46_1",2237,1,NA,NA,"1996-05-21",NA,"1996-06-24",1,1,1,21,63,"CN",1996,1,1,"1996-05-21",1996,"1997-2010",827,176,1,0,2,0,NA,1,1,1,1,1
"2305",3376,"CN_1996_51.1_1",2244,1,NA,NA,"1996-05-21",NA,"1996-06-24",1,1,1,21,74,"CN",1996,1,1,"1996-05-21",1996,"1997-2010",835,860,1,0,0,0,NA,1,1,1,1,1
"2306",3377,"CN_1996_88_1",2275,1,NA,NA,"1996-05-21",NA,"1996-06-24",1,1,1,21,129,"CN",1996,1,1,"1996-05-21",1996,"1997-2010",675,846,2,0,0,0,NA,1,1,1,1,1
"2307",3378,"CN_2004_2_1",2708,1,NA,NA,"2004-04-13",NA,"2004-05-17",1,1,1,32,3,"CN",2004,1,1,"2004-04-13",2004,"1997-2010",1763,1287,1,0,1,0,NA,1,1,1,1,1
"2308",3379,"CN_2001_56_1",3198,1,NA,NA,"2001-05-26",NA,"2001-06-29",1,1,1,40,83,"CN",2001,1,1,"2001-05-26",2001,"1997-2010",832,523,1,0,0,0,NA,1,1,1,1,1
"2309",3380,"CN_2006_112_2",5792,1,NA,NA,"2006-02-09",NA,"2006-03-15",1,1,1,74,169,"CN",2006,1,1,"2006-02-09",2006,"1997-2010",NA,NA,1,0,0,0,NA,1,1,1,1,1
"2310",3391,"CN_1997_57_3",67,3,NA,"1997-07-15","1997-07-28",NA,NA,1,0,0,22,84,"CN",1997,0,0,"1997-07-21",1997,"1997-2010",450,629,0,0,1,0,NA,0,1,0,1,0
"2311",3392,"CN_1998_6_5",194,5,NA,NA,"1998-09-10","1998-10-15","1998-10-20",1,0,0,25,9,"CN",1998,0,0,"1998-09-10",1998,"1997-2010",595,495,0,0,0,0,NA,0,1,0,1,0
"2312",3393,"CN_2008_28.1_2",4341,1,2,"2007-12-25","2008-01-12",NA,NA,1,0,0,85,39,"CN",2008,0,0,"2008-01-03",2008,"1997-2010",1415,1743,1,0,3,0,NA,0,1,0,1,0
"2313",3394,"CN_2008_46_2",4360,1,1,NA,"2007-12-22",NA,"2008-01-25",1,1,1,85,63,"CN",2008,1,1,"2007-12-22",2007,"1997-2010",1042,1577,1,0,1,0,NA,1,1,1,1,1
"2314",3395,"CN_1994_24_1",1993,1,1,NA,"1994-06-03",NA,"1994-07-07",1,1,1,17,32,"CN",1994,1,1,"1994-06-03",1994,"1997-2010",NA,599,1,0,1,0,NA,1,1,1,1,1
"2315",3396,"CN_1994_51_1",2014,1,1,NA,"1994-06-03",NA,"1994-07-07",1,1,1,17,73,"CN",1994,1,1,"1994-06-03",1994,"1997-2010",627,2649,1,0,1,0,NA,1,1,1,1,1
"2316",3397,"CN_1994_52_1",2015,1,1,NA,"1994-06-03",NA,"1994-07-07",1,1,1,17,76,"CN",1994,1,1,"1994-06-03",1994,"1997-2010",628,2650,1,0,0,0,NA,1,1,1,1,1
"2317",3398,"CN_1994_71_1",2023,1,1,NA,"1994-06-03",NA,"1994-07-07",2,2,2,17,103,"CN",1994,1,1,"1994-06-03",1994,"1997-2010",64,178,2,0,1,0,NA,2,2,1,1,1
"2318",3398,"CN_1994_71_1",2023,1,1,NA,"1994-06-03",NA,"1994-07-07",2,2,2,17,103,"CN",1994,1,1,"1994-06-03",1994,"1997-2010",64,178,2,0,1,0,NA,2,2,1,2,1
"2319",3399,"CN_1994_78_1",2030,1,1,NA,"1994-06-03",NA,"1994-07-07",1,1,1,17,112,"CN",1994,1,1,"1994-06-03",1994,"1997-2010",217,439,2,0,2,0,NA,1,1,1,1,1
"2320",3400,"CN_1994_80_1",2031,1,1,NA,"1994-06-03",NA,"1994-07-07",1,1,1,17,115,"CN",1994,1,1,"1994-06-03",1994,"1997-2010",297,298,2,0,1,0,NA,1,1,1,1,1
"2321",3401,"CN_1996_46_2",2237,2,1,"1996-05-24","1996-06-15","1996-07-02","1996-07-22",1,1,1,21,63,"CN",1996,1,1,"1996-06-04",1996,"1997-2010",827,176,1,0,2,1,1,1,1,1,1,1
"2322",3402,"CN_1996_51.1_2",2244,2,1,"1996-06-22","1996-07-14","1996-07-31","1996-08-20",1,1,1,21,74,"CN",1996,1,1,"1996-07-03",1996,"1997-2010",835,860,1,0,0,0,NA,1,1,1,1,1
"2323",3403,"CN_1996_88_2",2275,2,1,"1996-06-10","1996-07-02","1996-07-19","1996-08-08",2,2,1,21,129,"CN",1996,0.5,0.5,"1996-06-21",1996,"1997-2010",675,846,2,0,0,0,NA,1,2,0.5,1,1
"2324",3403,"CN_1996_88_2",2275,2,1,"1996-06-10","1996-07-02","1996-07-19","1996-08-08",2,2,1,21,129,"CN",1996,0.5,0.5,"1996-06-21",1996,"1997-2010",675,846,2,0,0,0,NA,1,2,0.5,2,0
"2325",3404,"CN_2001_56_2",3198,2,1,"2001-06-15","2001-07-07",NA,NA,1,1,0,40,83,"CN",2001,0,0,"2001-06-26",2001,"1997-2010",832,523,1,0,0,0,NA,0,1,0,1,0
"2326",3405,"CN_1998_24_5",209,5,1,"1998-09-08","1998-09-26",NA,NA,1,0,0,25,32,"CN",1998,0,0,"1998-09-17",1998,"1997-2010",825,672,1,0,1,0,NA,0,1,0,1,0
"2327",3406,"CN_1999_1_2",349,2,NA,NA,"1999-05-29",NA,"1999-07-02",1,1,1,28,1,"CN",1999,1,1,"1999-05-29",1999,"1997-2010",912,922,2,0,2,0,NA,1,1,1,1,1
"2328",3407,"CN_1999_1.1_2",350,2,NA,NA,"1999-05-29",NA,"1999-07-02",1,1,1,28,2,"CN",1999,1,1,"1999-05-29",1999,"1997-2010",927,501,1,0,1,0,NA,1,1,1,1,1
"2329",3408,"CN_1999_8_1",357,1,NA,NA,"1999-05-30",NA,"1999-07-03",1,1,1,28,13,"CN",1999,1,1,"1999-05-30",1999,"1997-2010",823,1268,0,0,0,0,NA,1,1,1,1,1
"2330",3409,"CN_1999_15_2",362,2,NA,NA,"1999-05-31",NA,"1999-07-04",1,1,1,28,20,"CN",1999,1,1,"1999-05-31",1999,"1997-2010",840,597,0,1,2,0,NA,1,1,1,1,1
"2331",3410,"CN_1999_46_2",391,2,NA,NA,"1999-05-30",NA,"1999-07-03",1,1,1,28,63,"CN",1999,1,1,"1999-05-30",1999,"1997-2010",1042,176,0,1,1,0,NA,1,1,1,1,1
"2332",3411,"CN_1999_46.2_1",2544,1,NA,NA,"1999-06-04",NA,"1999-07-08",1,1,1,28,65,"CN",1999,1,1,"1999-06-04",1999,"1997-2010",869,453,1,0,1,0,NA,1,1,1,1,1
"2333",3413,"CN_1999_48_1",2545,1,NA,NA,"1999-05-29",NA,"1999-07-02",1,1,1,28,69,"CN",1999,1,1,"1999-05-29",1999,"1997-2010",1193,1178,1,0,0,0,NA,1,1,1,1,1
"2334",3414,"CN_1999_95_3",431,3,NA,NA,"1999-06-05",NA,"1999-07-09",1,1,1,28,141,"CN",1999,1,1,"1999-06-05",1999,"1997-2010",677,1168,3,1,0,0,NA,1,1,1,1,1
"2335",3416,"CN_2015_92.1_1",6796,1,NA,"2014-12-07","2014-12-13","2015-01-12","2015-01-16",1,1,1,139,135,"CN",2015,1,1,"2014-12-10",2014,"2011-2024",5633,5528,1,1,0,0,NA,1,1,1,1,1
"2336",3417,"CN_2015_50_1",6797,1,NA,"2014-12-08","2014-12-14","2015-01-13","2015-01-17",1,1,1,139,71,"CN",2015,1,1,"2014-12-11",2014,"2011-2024",4917,5847,1,1,3,0,NA,1,1,1,1,1
"2337",3418,"CN_2015_9_1",6798,1,NA,"2014-12-08","2014-12-14","2015-01-13","2015-01-17",1,1,1,139,14,"CN",2015,1,1,"2014-12-11",2014,"2011-2024",5284,5775,1,0,0,0,NA,1,1,1,1,1
"2338",3419,"CN_2015_47_1",6799,1,NA,NA,"2015-02-25",NA,NA,1,0,0,139,67,"CN",2015,0,0,"2015-02-25",2015,"2011-2024",5195,6179,0,0,3,0,NA,0,1,0,1,0
"2339",3420,"CN_2015_39_1",6800,1,NA,"2014-12-08","2014-12-14","2015-01-13","2015-01-17",1,1,1,139,55,"CN",2015,1,1,"2014-12-11",2014,"2011-2024",5641,5776,1,0,1,0,NA,1,1,1,1,1
"2340",3421,"CN_2015_57.1_1",6801,1,NA,"2014-12-09","2014-12-15","2015-01-14","2015-01-18",1,1,1,139,85,"CN",2015,1,1,"2014-12-12",2014,"2011-2024",6044,5285,1,0,0,0,NA,1,1,1,1,1
"2341",3422,"CN_2015_60.1_1",6802,1,NA,"2014-12-09","2014-12-15","2015-01-14","2015-01-18",1,1,1,139,90,"CN",2015,1,1,"2014-12-12",2014,"2011-2024",3595,5292,1,0,2,0,NA,1,1,1,1,1
"2342",3423,"CN_2015_103.1_1",6803,1,NA,"2014-12-09","2014-12-15","2015-01-14","2015-01-18",1,1,1,139,159,"CN",2015,1,1,"2014-12-12",2014,"2011-2024",4861,5583,1,1,2,0,NA,1,1,1,1,1
"2343",3424,"CN_2015_78_1",6804,1,NA,"2014-12-09","2014-12-15","2015-01-14","2015-01-18",1,1,1,139,112,"CN",2015,1,1,"2014-12-12",2014,"2011-2024",5625,5820,1,0,2,0,NA,1,1,1,1,1
"2344",3425,"CN_2015_111_1",6805,1,NA,"2014-12-10","2014-12-16","2015-01-15","2015-01-19",1,1,1,139,168,"CN",2015,1,1,"2014-12-13",2014,"2011-2024",5842,6172,1,1,1,0,NA,1,1,1,1,1
"2345",3426,"CN_2015_64_1",6806,1,NA,"2014-12-10","2014-12-16","2015-01-15","2015-01-19",1,1,1,139,95,"CN",2015,1,1,"2014-12-13",2014,"2011-2024",6181,4872,1,0,1,0,NA,1,1,1,1,1
"2346",3427,"CN_2015_42_1",6807,1,NA,"2014-12-11","2014-12-17","2015-01-16","2015-01-20",1,1,1,139,59,"CN",2015,1,1,"2014-12-14",2014,"2011-2024",6048,6014,1,1,0,0,NA,1,1,1,1,1
"2347",3428,"CN_2015_108_1",6808,1,NA,"2014-12-11","2014-12-17","2015-01-16","2015-01-20",1,1,1,139,165,"CN",2015,1,1,"2014-12-14",2014,"2011-2024",5634,4957,1,0,1,0,NA,1,1,1,1,1
"2348",3429,"CN_2015_63_1",6809,1,NA,"2014-12-12","2014-12-18","2015-01-17","2015-01-21",1,1,1,139,94,"CN",2015,1,1,"2014-12-15",2014,"2011-2024",5845,5249,1,1,3,0,NA,1,1,1,1,1
"2349",3430,"CN_2015_101_1",6810,1,NA,"2014-12-12","2014-12-18","2015-01-17","2015-01-21",1,1,1,139,154,"CN",2015,1,1,"2014-12-15",2014,"2011-2024",6009,1869,1,0,3,0,NA,1,1,1,1,1
"2350",3431,"CN_2015_41_1",6811,1,NA,"2014-12-13","2014-12-19","2015-01-18","2015-01-22",1,1,1,139,57,"CN",2015,1,1,"2014-12-16",2014,"2011-2024",5514,5321,1,1,5,0,NA,1,1,1,1,1
"2351",3432,"CN_2015_86_1",6812,1,NA,"2014-12-13","2014-12-19","2015-01-18","2015-01-22",1,1,1,139,126,"CN",2015,1,1,"2014-12-16",2014,"2011-2024",6022,5522,2,0,1,0,NA,1,1,1,1,1
"2352",3434,"CN_2015_92_1",6814,1,NA,"2014-12-13","2014-12-19","2015-01-18","2015-01-22",1,1,1,139,134,"CN",2015,1,1,"2014-12-16",2014,"2011-2024",5518,5456,1,0,1,0,NA,1,1,1,1,1
"2353",3436,"CN_2015_87.1_1",6816,1,NA,"2014-12-17","2014-12-23","2015-01-22","2015-01-26",1,1,1,139,128,"CN",2015,1,1,"2014-12-20",2014,"2011-2024",5277,4933,1,1,3,0,NA,1,1,1,1,1
"2354",3437,"CN_2015_130_1",6817,1,NA,"2014-12-18","2014-12-24","2015-01-23","2015-01-27",1,1,1,139,479,"CN",2015,1,1,"2014-12-21",2014,"2011-2024",5549,5612,1,0,2,0,NA,1,1,1,1,1
"2355",3438,"CN_2015_120_1",6818,1,NA,"2015-01-19","2015-01-29",NA,NA,1,1,0,139,177,"CN",2015,0,0,"2015-01-24",2015,"2011-2024",5545,5638,0,0,2,0,NA,0,1,0,1,0
"2356",3439,"CN_2015_82.1_1",6819,1,NA,"2015-01-14","2015-01-24","2015-02-22","2015-02-27",1,1,1,139,118,"CN",2015,1,1,"2015-01-19",2015,"2011-2024",3698,1489,1,0,1,0,NA,1,1,1,1,1
"2357",3440,"CN_2015_121_1",6820,1,NA,"2015-01-13","2015-01-21","2015-02-21","2015-02-24",1,1,1,139,178,"CN",2015,1,1,"2015-01-17",2015,"2011-2024",5511,2974,1,0,1,0,NA,1,1,1,1,1
"2358",3441,"CN_2015_41_2",6811,1,NA,"2015-01-21","2015-02-04",NA,NA,1,1,0,139,57,"CN",2015,0,0,"2015-01-28",2015,"2011-2024",5514,5321,1,1,5,0,NA,0,1,0,1,0
"2359",3458,"CN_2014_54_2",6686,1,2,"2014-08-20","2014-08-21","2014-09-15","2014-09-30",1,0,0,125,81,"CN",2014,0,0,"2014-08-20",2014,"2011-2024",5537,4947,0,0,2,0,NA,0,1,0,1,0
"2360",3462,"CN_2015_93_1",7042,1,NA,NA,"2015-07-09","2015-08-16","2015-08-18",1,1,1,142,137,"CN",2015,1,1,"2015-07-09",2015,"2011-2024",3574,5908,1,0,1,0,NA,1,1,1,1,1
"2361",3463,"CN_2015_51.2_2",7043,1,NA,"2015-07-07","2015-07-07",NA,NA,1,1,0,142,75,"CN",2015,0,0,"2015-07-07",2015,"2011-2024",5575,6018,0,0,1,0,NA,0,1,0,1,0
"2362",3464,"CN_2015_129_1",7044,1,NA,"2015-07-04","2015-07-04","2015-08-07","2015-08-07",1,1,1,142,480,"CN",2015,1,1,"2015-07-04",2015,"2011-2024",5524,4860,2,0,1,0,NA,1,1,1,1,1
"2363",3467,"CN_2015_130_2",7047,1,NA,"2015-07-07","2015-07-11",NA,NA,1,1,0,142,479,"CN",2015,0,0,"2015-07-09",2015,"2011-2024",5549,5612,0,1,0,0,NA,0,1,0,1,0
"2364",3470,"CN_2015_76_1",7050,1,NA,"2015-07-17","2015-07-18",NA,NA,1,1,0,142,109,"CN",2015,0,0,"2015-07-17",2015,"2011-2024",1580,3643,1,0,1,0,NA,0,1,0,1,0
"2365",3471,"CN_2015_22_1",7051,1,NA,"2015-07-10","2015-07-13",NA,NA,1,0,0,142,28,"CN",2015,0,0,"2015-07-11",2015,"2011-2024",5843,6189,1,0,3,0,NA,0,1,0,1,0
"2366",3473,"CN_2015_78_2",7053,1,NA,"2015-06-30","2015-07-12",NA,NA,1,0,0,142,112,"CN",2015,0,0,"2015-07-06",2015,"2011-2024",5909,5820,1,0,5,0,NA,0,1,0,1,0
"2367",3476,"CN_2015_6.5_1",7055,1,NA,"2015-06-28","2015-07-02","2015-08-03","2015-08-05",1,1,1,142,11,"CN",2015,1,1,"2015-06-30",2015,"2011-2024",5841,5624,1,0,0,0,NA,1,1,1,1,1
"2368",3477,"CN_2015_24_1",7056,1,NA,"2015-07-17","2015-07-20",NA,NA,1,0,0,142,32,"CN",2015,0,0,"2015-07-18",2015,"2011-2024",3497,5835,0,0,1,0,NA,0,1,0,1,0
"2369",3478,"CN_2015_10_1",7057,1,NA,"2015-07-18","2015-07-18","2015-08-24","2015-08-25",1,1,1,142,15,"CN",2015,1,1,"2015-07-18",2015,"2011-2024",5657,1762,1,1,2,0,NA,1,1,1,1,1
"2370",3479,"CN_2015_123_1",7058,1,NA,"2015-07-18","2015-07-18",NA,NA,1,1,0,142,172,"CN",2015,0,0,"2015-07-18",2015,"2011-2024",3594,6171,0,0,1,0,NA,0,1,0,1,0
"2371",3480,"CN_2015_122_2",7059,2,NA,"2015-07-15","2015-07-18","2015-08-20","2015-08-20",1,1,1,142,179,"CN",2015,1,1,"2015-07-16",2015,"2011-2024",5838,2991,1,0,2,0,NA,1,1,1,1,1
"2372",3481,"CN_2015_131_1",7060,1,NA,"2015-07-12","2015-07-12",NA,NA,1,0,0,142,477,"CN",2015,0,0,"2015-07-12",2015,"2011-2024",1707,1710,0,0,1,0,NA,0,1,0,1,0
"2373",3482,"CN_2015_1_1",7061,1,NA,"2015-07-30","2015-07-31",NA,NA,1,1,0,142,1,"CN",2015,0,0,"2015-07-30",2015,"2011-2024",6215,1750,0,0,1,0,NA,0,1,0,1,0
"2374",3483,"CN_2015_26.5_1",7062,1,NA,"2015-07-17","2015-07-18",NA,NA,1,0,0,142,36,"CN",2015,0,0,"2015-07-17",2015,"2011-2024",6159,5679,2,0,1,0,NA,0,1,0,1,0
"2375",3484,"CN_2015_33.1_1",7063,1,NA,"2015-07-19","2015-07-19","2015-08-24","2015-08-24",1,1,1,142,48,"CN",2015,1,1,"2015-07-19",2015,"2011-2024",4896,6213,1,0,2,0,NA,1,1,1,1,1
"2376",3485,"CN_2015_6_3",7052,3,NA,"2015-07-18","2015-07-18",NA,NA,1,0,0,142,9,"CN",2015,0,0,"2015-07-18",2015,"2011-2024",1826,5624,0,0,2,0,NA,0,1,0,1,0
"2377",3487,"CN_2015_77_1",7065,1,NA,"2015-07-09","2015-07-15",NA,NA,1,0,0,142,110,"CN",2015,0,0,"2015-07-12",2015,"2011-2024",5598,6012,1,0,0,0,NA,0,1,0,1,0
"2378",3489,"CN_2015_20_1",7067,1,NA,"2015-07-18","2015-07-18",NA,NA,1,0,0,142,26,"CN",2015,0,0,"2015-07-18",2015,"2011-2024",6160,5595,0,0,1,0,NA,0,1,0,1,0
"2379",3490,"CN_2015_126_1",7068,1,NA,"2015-07-12","2015-07-18",NA,NA,1,0,0,142,407,"CN",2015,0,0,"2015-07-15",2015,"2011-2024",6028,3456,1,0,1,0,NA,0,1,0,1,0
"2380",3492,"CN_2015_33_2",7069,2,NA,"2015-07-26","2015-07-26",NA,NA,1,1,0,142,47,"CN",2015,0,0,"2015-07-26",2015,"2011-2024",6138,5513,0,0,2,0,NA,0,1,0,1,0
"2381",3494,"CN_2015_15_1",7070,1,1,"2015-07-10","2015-07-10","2015-08-19","2015-08-31",2,2,2,142,20,"CN",2015,1,1,"2015-07-10",2015,"2011-2024",3085,6045,1,0,3,0,NA,2,2,1,1,1
"2382",3494,"CN_2015_15_1",7070,1,1,"2015-07-10","2015-07-10","2015-08-19","2015-08-31",2,2,2,142,20,"CN",2015,1,1,"2015-07-10",2015,"2011-2024",3085,6045,1,0,3,0,NA,2,2,1,2,1
"2383",3495,"CN_2015_101_2",7071,1,NA,"2015-07-07","2015-07-15",NA,NA,1,0,0,142,154,"CN",2015,0,0,"2015-07-11",2015,"2011-2024",6009,5583,0,0,4,0,NA,0,1,0,1,0
"2384",3499,"CN_2015_56_1",7075,1,1,"2015-06-28","2015-07-01","2015-08-05","2015-08-07",1,1,1,142,83,"CN",2015,1,1,"2015-06-29",2015,"2011-2024",5854,5822,1,0,1,0,NA,1,1,1,1,1
"2385",3500,"CN_2015_58_2",7041,2,1,"2015-07-14","2015-07-14",NA,NA,1,0,0,142,86,"CN",2015,0,0,"2015-07-14",2015,"2011-2024",6143,3089,0,0,1,0,NA,0,1,0,1,0
"2386",3501,"CN_2015_57.1_2",7076,1,1,"2015-07-15","2015-07-18","2015-08-20","2015-08-22",1,1,1,142,85,"CN",2015,1,1,"2015-07-16",2015,"2011-2024",6044,6222,1,0,2,0,NA,1,1,1,1,1
"2387",3502,"CN_2015_23_1",7077,1,NA,"2015-07-07","2015-07-15",NA,NA,1,0,0,142,30,"CN",2015,0,0,"2015-07-11",2015,"2011-2024",5750,6136,0,0,3,0,NA,0,1,0,1,0
"2388",3504,"CN_2015_32.5_1",7078,1,NA,"2015-07-08","2015-07-10",NA,NA,1,1,0,142,46,"CN",2015,0,0,"2015-07-09",2015,"2011-2024",5611,1868,0,0,1,0,NA,0,1,0,1,0
"2389",3505,"CN_2015_41_3",7079,1,1,"2015-06-23","2015-06-26","2015-07-28","2015-07-28",1,1,1,142,57,"CN",2015,1,1,"2015-06-24",2015,"2011-2024",5514,5321,2,1,2,0,NA,1,1,1,1,1
"2390",3506,"CN_2015_37_1",7080,1,NA,"2015-07-07","2015-07-10",NA,NA,1,0,0,142,53,"CN",2015,0,0,"2015-07-08",2015,"2011-2024",3094,5855,0,1,0,0,NA,0,1,0,1,0
"2391",3507,"CN_2015_136_1",7081,1,NA,"2015-06-17","2015-07-05",NA,NA,1,0,0,142,516,"CN",2015,0,0,"2015-06-26",2015,"2011-2024",5009,5850,0,0,1,0,NA,0,1,0,1,0
"2392",3509,"CN_2015_120_2",7083,1,NA,"2015-07-10","2015-07-10","2015-08-15","2015-08-16",1,1,1,142,177,"CN",2015,1,1,"2015-07-10",2015,"2011-2024",5545,5638,1,0,2,0,NA,1,1,1,1,1
"2393",3511,"CN_2015_41.1_1",7085,1,1,"2015-07-17","2015-07-18",NA,NA,1,1,0,142,58,"CN",2015,0,0,"2015-07-17",2015,"2011-2024",5613,5779,1,2,0,0,NA,0,1,0,1,0
"2394",3512,"CN_2015_121_2",7086,1,1,"2015-07-05","2015-07-09","2015-08-12","2015-08-14",2,2,2,142,178,"CN",2015,1,1,"2015-07-07",2015,"2011-2024",5511,2974,2,0,2,0,NA,2,2,1,1,1
"2395",3512,"CN_2015_121_2",7086,1,1,"2015-07-05","2015-07-09","2015-08-12","2015-08-14",2,2,2,142,178,"CN",2015,1,1,"2015-07-07",2015,"2011-2024",5511,2974,2,0,2,0,NA,2,2,1,2,1
"2396",3514,"CN_2015_35.1_1",7088,1,1,"2015-07-17","2015-07-19","2015-08-24","2015-08-26",1,1,1,142,618,"CN",2015,1,1,"2015-07-18",2015,"2011-2024",6036,6163,1,1,0,0,NA,1,1,1,1,1
"2397",3516,"CN_2015_84_1",7090,1,1,"2015-06-30","2015-07-05","2015-08-04","2015-08-04",1,1,1,142,123,"CN",2015,1,1,"2015-07-02",2015,"2011-2024",5749,5639,1,0,2,0,NA,1,1,1,1,1
"2398",3517,"CN_2015_88_1",7091,1,1,"2015-06-27","2015-07-12",NA,NA,1,0,0,142,129,"CN",2015,0,0,"2015-07-04",2015,"2011-2024",5173,5904,1,0,1,0,NA,0,1,0,1,0
"2399",3518,"CN_2015_116_1",7092,1,1,"2015-07-26","2015-07-30",NA,NA,1,0,0,142,173,"CN",2015,0,0,"2015-07-28",2015,"2011-2024",6233,6030,0,0,1,0,NA,0,1,0,1,0
"2400",3519,"CN_2015_85_1",7093,1,1,"2015-07-07","2015-07-09","2015-08-11","2015-08-11",1,1,1,142,125,"CN",2015,1,1,"2015-07-08",2015,"2011-2024",3596,1877,1,1,1,0,NA,1,1,1,1,1
"2401",3520,"CN_2015_94_1",7094,1,1,"2015-06-20","2015-06-27","2015-07-29","2015-07-31",1,1,1,142,138,"CN",2015,1,1,"2015-06-23",2015,"2011-2024",3451,6196,1,1,0,0,NA,1,1,1,1,1
"2402",3521,"CN_2015_92_2",7095,1,NA,"2015-07-06","2015-07-09","2015-08-09","2015-08-12",1,1,1,142,134,"CN",2015,1,1,"2015-07-07",2015,"2011-2024",5518,5456,1,0,1,0,NA,1,1,1,1,1
"2403",3523,"CN_2015_102_2",7073,2,NA,"2015-07-10","2015-07-15",NA,NA,1,1,0,142,157,"CN",2015,0,0,"2015-07-12",2015,"2011-2024",5075,5583,1,0,2,0,NA,0,1,0,1,0
"2404",3524,"CN_2015_66_1",7097,1,NA,"2015-08-05","2015-08-08","2015-09-10","2015-09-11",1,1,1,142,98,"CN",2015,1,1,"2015-08-06",2015,"2011-2024",6185,1708,1,0,1,0,NA,1,1,1,1,1
"2405",3525,"CN_2015_65_1",7098,1,NA,"2015-07-22","2015-07-26","2015-08-29","2015-08-31",1,1,1,142,96,"CN",2015,1,1,"2015-07-24",2015,"2011-2024",5521,6218,1,1,1,0,NA,1,1,1,1,1
"2406",3526,"CN_2015_133_2",7046,2,NA,"2015-07-22","2015-07-25",NA,NA,1,0,0,142,481,"CN",2015,0,0,"2015-07-23",2015,"2011-2024",5635,6193,1,0,2,0,NA,0,1,0,1,0
"2407",3528,"CN_2015_112_1",7099,1,NA,"2015-06-30","2015-07-18",NA,NA,1,0,0,142,169,"CN",2015,0,0,"2015-07-09",2015,"2011-2024",3699,5821,0,0,0,0,NA,0,1,0,1,0
"2408",3532,"CN_2015_53_1",7101,1,NA,"2015-07-23","2015-07-28",NA,NA,1,0,0,142,79,"CN",2015,0,0,"2015-07-25",2015,"2011-2024",5597,5602,1,0,1,0,NA,0,1,0,1,0
"2409",3533,"CN_2015_45_1",7102,1,NA,"2015-07-28","2015-08-04",NA,NA,1,0,0,142,62,"CN",2015,0,0,"2015-07-31",2015,"2011-2024",6214,5291,0,0,0,0,NA,0,1,0,1,0
"2410",3534,"CN_2015_59.1_1",7103,1,NA,"2015-07-26","2015-07-29","2015-08-31","2015-09-01",2,2,2,142,88,"CN",2015,1,1,"2015-07-27",2015,"2011-2024",6182,5283,2,0,1,0,NA,2,2,1,1,1
"2411",3534,"CN_2015_59.1_1",7103,1,NA,"2015-07-26","2015-07-29","2015-08-31","2015-09-01",2,2,2,142,88,"CN",2015,1,1,"2015-07-27",2015,"2011-2024",6182,5283,2,0,1,0,NA,2,2,1,2,1
"2412",3535,"CN_2015_53.1_1",7104,1,NA,"2015-06-21","2015-06-27","2015-07-30","2015-07-31",1,1,1,142,80,"CN",2015,1,1,"2015-06-24",2015,"2011-2024",5589,6157,1,0,1,0,NA,1,1,1,1,1
"2413",3536,"CN_2015_52.1_2",7074,2,NA,"2015-07-12","2015-07-12","2015-08-15","2015-08-15",1,1,1,142,77,"CN",2015,1,1,"2015-07-12",2015,"2011-2024",4958,5626,1,0,2,0,NA,1,1,1,1,1
"2414",3537,"CN_2015_127_1",7105,1,NA,"2015-07-29","2015-07-30",NA,NA,1,0,0,142,478,"CN",2015,0,0,"2015-07-29",2015,"2011-2024",5683,6375,0,0,1,0,NA,0,1,0,1,0
"2415",3538,"CN_2015_30_1",7106,1,NA,"2015-07-27","2015-07-31",NA,NA,1,0,0,142,41,"CN",2015,0,0,"2015-07-29",2015,"2011-2024",6145,5588,1,0,1,0,NA,0,1,0,1,0
"2416",3539,"CN_2015_8_1",7107,1,NA,"2015-07-29","2015-07-31",NA,NA,1,0,0,142,13,"CN",2015,0,0,"2015-07-30",2015,"2011-2024",6229,6155,0,0,5,0,NA,0,1,0,1,0
"2417",3540,"CN_2015_28.1_1",7108,1,NA,"2015-07-27","2015-07-31",NA,NA,1,0,0,142,39,"CN",2015,0,0,"2015-07-29",2015,"2011-2024",6139,6210,0,0,2,0,NA,0,1,0,1,0
"2418",3541,"CN_2015_18_1",7109,1,NA,"2015-07-09","2015-07-11","2015-08-17","2015-08-17",2,2,2,142,24,"CN",2015,1,1,"2015-07-10",2015,"2011-2024",5630,2966,2,0,2,0,NA,2,2,1,1,1
"2419",3541,"CN_2015_18_1",7109,1,NA,"2015-07-09","2015-07-11","2015-08-17","2015-08-17",2,2,2,142,24,"CN",2015,1,1,"2015-07-10",2015,"2011-2024",5630,2966,2,0,2,0,NA,2,2,1,2,1
"2420",3543,"CN_2015_69_1",7111,1,NA,"2015-07-16","2015-08-02",NA,NA,1,0,0,142,101,"CN",2015,0,0,"2015-07-24",2015,"2011-2024",5128,5606,0,0,3,0,NA,0,1,0,1,0
"2421",3544,"CN_2015_62_2",7112,1,NA,"2015-08-02","2015-08-02",NA,NA,1,1,0,142,92,"CN",2015,0,0,"2015-08-02",2015,"2011-2024",1717,4954,0,0,1,0,NA,0,1,0,1,0
"2422",3545,"CN_2015_111_2",7113,1,NA,"2015-08-02","2015-08-09","2015-09-11","2015-09-16",1,1,1,142,168,"CN",2015,1,1,"2015-08-05",2015,"2011-2024",5825,6172,1,0,3,0,NA,1,1,1,1,1
"2423",3546,"CN_2015_67_1",7114,1,NA,"2015-07-31","2015-08-03","2015-09-08","2015-09-09",1,1,1,142,99,"CN",2015,1,1,"2015-08-01",2015,"2011-2024",5851,6175,1,0,1,0,NA,1,1,1,1,1
"2424",3547,"CN_2015_88_2",7091,2,NA,"2015-07-13","2015-07-18",NA,NA,1,0,0,142,129,"CN",2015,0,0,"2015-07-15",2015,"2011-2024",5173,5904,1,0,1,0,NA,0,1,0,1,0
"2425",3549,"CN_2015_86_2",7116,1,NA,"2015-07-18","2015-07-18","2015-08-27","2015-09-02",1,1,1,142,126,"CN",2015,1,1,"2015-07-18",2015,"2011-2024",6022,5522,1,0,2,0,NA,1,1,1,1,1
"2426",3550,"CN_2015_112_2",7099,2,NA,"2015-07-15","2015-07-27",NA,NA,1,0,0,142,169,"CN",2015,0,0,"2015-07-21",2015,"2011-2024",3699,5821,0,0,0,0,NA,0,1,0,1,0
"2427",3551,"CN_2015_7_1",7117,1,NA,"2015-08-06","2015-08-06","2015-09-09","2015-09-09",1,1,1,142,12,"CN",2015,1,1,"2015-08-06",2015,"2011-2024",5621,6156,1,0,2,0,NA,1,1,1,1,1
"2428",3553,"CN_2015_55_4",7100,4,NA,"2015-07-10","2015-07-28",NA,NA,1,0,0,142,82,"CN",2015,0,0,"2015-07-19",2015,"2011-2024",5530,6026,0,0,1,0,NA,0,1,0,1,0
"2429",3554,"CN_2015_78_3",7053,2,NA,"2015-07-28","2015-07-28","2015-09-01","2015-09-02",1,1,1,142,112,"CN",2015,1,1,"2015-07-28",2015,"2011-2024",5909,5820,1,0,5,0,NA,1,1,1,1,1
"2430",3555,"CN_2015_117_2",7118,1,NA,"2015-07-21","2015-07-28",NA,NA,1,0,0,142,174,"CN",2015,0,0,"2015-07-24",2015,"2011-2024",5162,5077,0,0,0,0,NA,0,1,0,1,0
"2431",3557,"CN_2015_37_2",7080,2,NA,"2015-07-31","2015-08-04",NA,NA,1,0,0,142,53,"CN",2015,0,0,"2015-08-02",2015,"2011-2024",3094,5855,0,1,0,0,NA,0,1,0,1,0
"2432",3558,"CN_2015_81_1",7120,1,NA,"2015-08-08","2015-08-10",NA,NA,1,0,0,142,116,"CN",2015,0,0,"2015-08-09",2015,"2011-2024",5652,3486,0,0,2,0,NA,0,1,0,1,0
"2433",3559,"CN_2015_59.2_1",7121,1,NA,"2015-08-03","2015-08-07","2015-09-11","2015-09-13",1,1,1,142,603,"CN",2015,1,1,"2015-08-05",2015,"2011-2024",5174,6032,1,0,1,0,NA,1,1,1,1,1
"2434",3561,"CN_2015_26.5_2",7062,2,NA,"2015-08-01","2015-08-07","2015-09-09","2015-09-12",2,2,2,142,36,"CN",2015,1,1,"2015-08-04",2015,"2011-2024",6159,5679,2,0,1,0,NA,2,2,1,1,1
"2435",3561,"CN_2015_26.5_2",7062,2,NA,"2015-08-01","2015-08-07","2015-09-09","2015-09-12",2,2,2,142,36,"CN",2015,1,1,"2015-08-04",2015,"2011-2024",6159,5679,2,0,1,0,NA,2,2,1,2,1
"2436",3563,"CN_2015_23_2",7077,2,NA,"2015-08-03","2015-08-07",NA,NA,1,1,0,142,30,"CN",2015,0,0,"2015-08-05",2015,"2011-2024",5750,6136,0,0,3,0,NA,0,1,0,1,0
"2437",3564,"CN_2015_46_1",7122,1,NA,"2015-07-24","2015-07-28","2015-08-30","2015-08-31",2,1,1,142,63,"CN",2015,0.5,1,"2015-07-26",2015,"2011-2024",5901,6019,1,1,4,0,NA,1,2,0.5,1,1
"2438",3564,"CN_2015_46_1",7122,1,NA,"2015-07-24","2015-07-28","2015-08-30","2015-08-31",2,1,1,142,63,"CN",2015,0.5,1,"2015-07-26",2015,"2011-2024",5901,6019,1,1,4,0,NA,1,2,0.5,2,0
"2439",3566,"CN_2015_39_2",7124,1,NA,"2015-08-06","2015-08-12",NA,NA,1,0,0,142,55,"CN",2015,0,0,"2015-08-09",2015,"2011-2024",5641,5776,0,0,1,0,NA,0,1,0,1,0
"2440",3567,"CN_2015_49_3",7089,3,NA,"2015-08-12","2015-08-14",NA,NA,1,0,0,142,70,"CN",2015,0,0,"2015-08-13",2015,"2011-2024",1716,6166,0,0,2,0,NA,0,1,0,1,0
"2441",3569,"CN_2015_26_1",7125,1,NA,"2015-08-09","2015-08-11",NA,NA,1,0,0,142,34,"CN",2015,0,0,"2015-08-10",2015,"2011-2024",5833,6219,0,0,3,0,NA,0,1,0,1,0
"2442",3570,"CN_2015_43_1",7126,1,NA,"2015-07-29","2015-08-02",NA,NA,1,0,0,142,60,"CN",2015,0,0,"2015-07-31",2015,"2011-2024",1821,5523,0,0,1,0,NA,0,1,0,1,0
"2443",3572,"CN_2015_68_1",7127,2,NA,"2015-08-05","2015-08-08","2015-09-11","2015-09-11",2,2,2,142,100,"CN",2015,1,1,"2015-08-06",2015,"2011-2024",6061,5547,2,0,1,0,NA,2,2,1,1,1
"2444",3572,"CN_2015_68_1",7127,2,NA,"2015-08-05","2015-08-08","2015-09-11","2015-09-11",2,2,2,142,100,"CN",2015,1,1,"2015-08-06",2015,"2011-2024",6061,5547,2,0,1,0,NA,2,2,1,2,1
"2445",3573,"CN_2015_101_3",7071,2,NA,"2015-08-01","2015-08-03",NA,NA,1,1,0,142,154,"CN",2015,0,0,"2015-08-02",2015,"2011-2024",6009,5583,0,0,4,0,NA,0,1,0,1,0
"2446",3575,"CN_2015_63_2",7128,1,NA,"2015-07-16","2015-07-23",NA,NA,1,0,0,142,94,"CN",2015,0,0,"2015-07-19",2015,"2011-2024",5845,6167,0,1,1,0,NA,0,1,0,1,0
"2447",3576,"CN_2015_63_3",7128,2,NA,"2015-08-03","2015-08-03","2015-09-09","2015-09-11",1,1,1,142,94,"CN",2015,1,1,"2015-08-03",2015,"2011-2024",5845,6167,0,1,1,0,NA,1,1,1,1,1
"2448",3577,"CN_2015_60.1_2",7129,1,NA,"2015-07-12","2015-07-30",NA,NA,1,0,0,142,90,"CN",2015,0,0,"2015-07-21",2015,"2011-2024",3595,5292,0,0,2,0,NA,0,1,0,1,0
"2449",3578,"CN_2015_60.1_3",7129,2,NA,"2015-07-26","2015-08-01",NA,NA,1,0,0,142,90,"CN",2015,0,0,"2015-07-29",2015,"2011-2024",3595,5292,0,0,2,0,NA,0,1,0,1,0
"2450",3579,"CN_2015_51.2_4",7043,3,NA,"2015-08-07","2015-08-10",NA,NA,1,0,0,142,75,"CN",2015,0,0,"2015-08-08",2015,"2011-2024",5575,6018,0,0,1,0,NA,0,1,0,1,0
"2451",3580,"CN_2015_133_3",7046,3,NA,"2015-07-17","2015-08-04",NA,NA,1,0,0,142,481,"CN",2015,0,0,"2015-07-26",2015,"2011-2024",5635,6193,1,0,2,0,NA,0,1,0,1,0
"2452",3582,"CN_2015_30_2",7106,2,NA,"2015-08-07","2015-08-11","2015-09-13","2015-09-15",1,1,1,142,41,"CN",2015,1,1,"2015-08-09",2015,"2011-2024",6145,5588,1,0,1,0,NA,1,1,1,1,1
"2453",3583,"CN_2015_77_2",7065,2,NA,"2015-07-18","2015-08-05",NA,NA,1,0,0,142,110,"CN",2015,0,0,"2015-07-27",2015,"2011-2024",5598,6012,1,0,0,0,NA,0,1,0,1,0
"2454",3584,"CN_2015_69_2",7111,2,NA,"2015-08-09","2015-08-10",NA,NA,1,0,0,142,101,"CN",2015,0,0,"2015-08-09",2015,"2011-2024",5128,5606,0,0,3,0,NA,0,1,0,1,0
"2455",3585,"CN_2015_55_5",7100,5,NA,"2015-07-22","2015-08-09",NA,NA,1,0,0,142,82,"CN",2015,0,0,"2015-07-31",2015,"2011-2024",5530,6026,0,0,1,0,NA,0,1,0,1,0
"2456",3587,"CN_2015_77.1_4",7064,4,NA,"2015-08-08","2015-08-08","2015-09-11","2015-09-11",1,1,1,142,111,"CN",2015,1,1,"2015-08-08",2015,"2011-2024",5212,5559,1,0,2,0,NA,1,1,1,1,1
"2457",3588,"CN_2015_50_4",7066,3,NA,"2015-08-02","2015-08-03",NA,NA,1,0,0,142,71,"CN",2015,0,0,"2015-08-02",2015,"2011-2024",4917,6370,1,1,4,0,NA,0,1,0,1,0
"2458",3589,"CN_2015_41.1_2",7085,2,NA,"2015-08-10","2015-08-14","2015-09-18","2015-09-20",1,1,1,142,58,"CN",2015,1,1,"2015-08-12",2015,"2011-2024",5613,5779,1,2,0,0,NA,1,1,1,1,1
"2459",3590,"CN_2015_112_3",7099,3,NA,"2015-08-13","2015-08-14",NA,NA,1,0,0,142,169,"CN",2015,0,0,"2015-08-13",2015,"2011-2024",3699,5821,0,0,0,0,NA,0,1,0,1,0
"2460",3591,"CN_2015_29_2",7131,2,NA,"2015-08-07","2015-08-07",NA,NA,1,1,0,142,40,"CN",2015,0,0,"2015-08-07",2015,"2011-2024",3462,5590,0,0,0,0,NA,0,1,0,1,0
"2461",3595,"CN_2015_102_3",7073,3,NA,"2015-08-07","2015-08-11","2015-09-15","2015-09-17",1,1,1,142,157,"CN",2015,1,1,"2015-08-09",2015,"2011-2024",5075,5583,1,0,2,0,NA,1,1,1,1,1
"2462",3596,"CN_2015_86.1_1",7133,1,NA,"2015-08-13","2015-08-13",NA,NA,1,0,0,142,636,"CN",2015,0,0,"2015-08-13",2015,"2011-2024",6188,6216,0,0,0,0,NA,0,1,0,1,0
"2463",3597,"CN_2015_28.1_3",7108,3,NA,"2015-08-14","2015-08-14","2015-09-20","2015-09-23",1,1,0,142,39,"CN",2015,0,0,"2015-08-14",2015,"2011-2024",6139,6210,0,0,2,0,NA,0,1,0,1,0
"2464",3598,"CN_2015_45_2",7102,2,NA,"2015-08-13","2015-08-15",NA,NA,1,0,0,142,62,"CN",2015,0,0,"2015-08-14",2015,"2011-2024",6214,5291,0,0,0,0,NA,0,1,0,1,0
"2465",3600,"CN_2015_42_2",7134,1,NA,"2015-08-24","2015-08-27",NA,NA,1,0,0,142,59,"CN",2015,0,0,"2015-08-25",2015,"2011-2024",6048,6203,0,0,3,0,NA,0,1,0,1,0
"2466",3601,"CN_2015_77_3",7065,3,NA,"2015-08-17","2015-08-18","2015-09-21","2015-09-21",1,1,1,142,110,"CN",2015,1,1,"2015-08-17",2015,"2011-2024",5598,6012,1,0,0,0,NA,1,1,1,1,1
"2467",3603,"CN_2015_133_4",7046,4,NA,"2015-08-02","2015-08-08","2015-09-10","2015-09-12",1,1,1,142,481,"CN",2015,1,1,"2015-08-05",2015,"2011-2024",5635,6193,1,0,2,0,NA,1,1,1,1,1
"2468",3604,"CN_2015_50_5",7066,4,NA,"2015-07-15","2015-07-23","2015-08-23","2015-08-26",1,1,1,142,71,"CN",2015,1,1,"2015-07-19",2015,"2011-2024",4917,6370,1,1,4,0,NA,1,1,1,1,1
"2469",3605,"CN_2015_76_2",7050,2,NA,"2015-08-12","2015-08-12","2015-09-14","2015-09-20",1,1,1,142,109,"CN",2015,1,1,"2015-08-12",2015,"2011-2024",1580,3643,1,0,1,0,NA,1,1,1,1,1
"2470",3607,"CN_2015_87.1_3",7115,2,NA,"2015-08-16","2015-08-18",NA,NA,1,1,0,142,128,"CN",2015,0,0,"2015-08-17",2015,"2011-2024",5644,NA,0,1,5,0,NA,0,1,0,1,0
"2471",3608,"CN_2015_88_4",7091,4,NA,"2015-08-16","2015-08-18","2015-09-23","2015-09-24",1,1,1,142,129,"CN",2015,1,1,"2015-08-17",2015,"2011-2024",5173,5904,1,0,1,0,NA,1,1,1,1,1
"2472",3609,"CN_2015_108_4",7123,3,NA,"2015-08-16","2015-08-20","2015-09-23","2015-09-26",1,1,1,142,165,"CN",2015,1,1,"2015-08-18",2015,"2011-2024",5634,6379,1,0,3,0,NA,1,1,1,1,1
"2473",3610,"CN_2015_32.5_2",7078,2,NA,"2015-08-07","2015-08-11",NA,NA,1,0,0,142,46,"CN",2015,0,0,"2015-08-09",2015,"2011-2024",5611,1868,0,0,1,0,NA,0,1,0,1,0
"2474",3611,"CN_2015_41_4",7079,2,NA,"2015-08-10","2015-08-10","2015-09-13","2015-09-15",1,1,1,142,57,"CN",2015,1,1,"2015-08-10",2015,"2011-2024",5514,5321,2,1,2,0,NA,1,1,1,1,1
"2475",3612,"CN_2015_43_2",7126,2,NA,"2015-08-25","2015-08-25",NA,NA,1,0,0,142,60,"CN",2015,0,0,"2015-08-25",2015,"2011-2024",1821,5523,0,0,1,0,NA,0,1,0,1,0
"2476",3613,"CN_2015_104_3",7096,3,NA,"2015-08-19","2015-08-25",NA,NA,1,0,0,142,160,"CN",2015,0,0,"2015-08-22",2015,"2011-2024",5132,0,0,0,2,0,NA,0,1,0,1,0
"2477",3615,"CN_2015_21_1",7136,1,NA,"2015-07-18","2015-07-23","2015-08-24","2015-08-26",1,1,1,142,27,"CN",2015,1,1,"2015-07-20",2015,"2011-2024",3490,3087,1,1,0,0,NA,1,1,1,1,1
"2478",3616,"CN_2015_127_2",7105,2,NA,"2015-08-22","2015-08-22",NA,NA,1,0,0,142,478,"CN",2015,0,0,"2015-08-22",2015,"2011-2024",5683,6375,0,0,1,0,NA,0,1,0,1,0
"2479",3617,"CN_2015_55.1_1",7137,1,NA,"2015-08-31","2015-08-31",NA,NA,1,1,0,142,637,"CN",2015,0,0,"2015-08-31",2015,"2011-2024",6272,6221,0,0,1,0,NA,0,1,0,1,0
"2480",3618,"CN_2015_130_3",7047,2,NA,"2015-08-06","2015-08-09","2015-09-14","2015-09-15",1,1,1,142,479,"CN",2015,1,1,"2015-08-07",2015,"2011-2024",5549,5612,0,1,0,0,NA,1,1,1,1,1
"2481",3619,"CN_2015_60.1_4",7129,3,NA,"2015-08-18","2015-08-24",NA,NA,1,0,0,142,90,"CN",2015,0,0,"2015-08-21",2015,"2011-2024",3595,5292,0,0,2,0,NA,0,1,0,1,0
"2482",3620,"CN_2015_45_3",7102,3,NA,"2015-08-29","2015-09-01",NA,NA,1,1,0,142,62,"CN",2015,0,0,"2015-08-30",2015,"2011-2024",6214,5291,0,0,0,0,NA,0,1,0,1,0
"2483",3622,"CN_2015_64_2",7138,1,NA,"2015-07-20","2015-07-30",NA,NA,1,0,0,142,95,"CN",2015,0,0,"2015-07-25",2015,"2011-2024",6181,4872,1,0,2,0,NA,0,1,0,1,0
"2484",3623,"CN_2015_64_3",7138,2,NA,"2015-08-09","2015-08-13","2015-09-15","2015-09-17",1,1,1,142,95,"CN",2015,1,1,"2015-08-11",2015,"2011-2024",6181,4872,1,0,2,0,NA,1,1,1,1,1
"2485",3624,"CN_2015_32_1",7139,1,NA,"2015-07-30","2015-08-03",NA,NA,1,0,0,142,45,"CN",2015,0,0,"2015-08-01",2015,"2011-2024",5465,6231,1,1,2,0,NA,0,1,0,1,0
"2486",3625,"CN_2015_32_2",7139,2,NA,"2015-08-31","2015-09-03",NA,NA,1,1,0,142,45,"CN",2015,0,0,"2015-09-01",2015,"2011-2024",5465,6231,1,1,2,0,NA,0,1,0,1,0
"2487",3626,"CN_2015_6_5",7052,4,NA,"2015-08-20","2015-08-22",NA,NA,1,1,0,142,9,"CN",2015,0,0,"2015-08-21",2015,"2011-2024",1826,5624,0,0,2,0,NA,0,1,0,1,0
"2488",3627,"CN_2015_87_1",7140,1,NA,"2015-07-24","2015-07-24",NA,NA,1,0,0,142,127,"CN",2015,0,0,"2015-07-24",2015,"2011-2024",4965,5643,0,0,3,0,NA,0,1,0,1,0
"2489",3628,"CN_2015_123_3",7058,3,NA,"2015-08-28","2015-09-04",NA,NA,1,0,0,142,172,"CN",2015,0,0,"2015-08-31",2015,"2011-2024",3594,6171,0,0,1,0,NA,0,1,0,1,0
"2490",3629,"CN_2015_29_3",7131,3,NA,"2015-09-09","2015-09-12",NA,NA,1,0,0,142,40,"CN",2015,0,0,"2015-09-10",2015,"2011-2024",3462,5590,0,0,0,0,NA,0,1,0,1,0
"2491",3630,"CN_2015_27.1_1",7141,1,1,"2015-07-26","2015-07-28","2015-08-31","2015-08-31",1,1,1,142,605,"CN",2015,1,1,"2015-07-27",2015,"2011-2024",6217,6024,1,0,1,0,NA,1,1,1,1,1
"2492",3633,"CN_2015_25.1_2",7110,2,NA,"2015-08-02","2015-08-05","2015-09-08","2015-09-08",1,1,1,142,617,"CN",2015,1,1,"2015-08-03",2015,"2011-2024",5823,5839,1,0,0,0,NA,1,1,1,1,1
"2493",3634,"CN_2015_53_2",7101,2,NA,"2015-08-15","2015-08-15","2015-09-23","2015-09-24",1,1,1,142,79,"CN",2015,1,1,"2015-08-15",2015,"2011-2024",5597,5602,1,0,1,0,NA,1,1,1,1,1
"2494",3635,"CN_2015_1.2_3",7054,3,NA,"2015-08-15","2015-08-15","2015-09-24","2015-09-27",1,1,1,142,616,"CN",2015,1,1,"2015-08-15",2015,"2011-2024",6034,5853,1,0,1,0,NA,1,1,1,1,1
"2495",3636,"CN_2015_53.2_3",7130,3,NA,"2015-08-20","2015-08-24",NA,NA,1,0,0,142,633,"CN",2015,0,0,"2015-08-22",2015,"2011-2024",6067,6267,0,0,0,0,NA,0,1,0,1,0
"2496",3637,"CN_2015_51.2_5",7043,4,NA,"2015-08-24","2015-08-24","2015-09-29","2015-10-01",1,1,1,142,75,"CN",2015,1,1,"2015-08-24",2015,"2011-2024",5575,6018,0,0,1,0,NA,1,1,1,1,1
"2497",3638,"CN_2015_129_2",7044,2,NA,"2015-08-27","2015-08-31","2015-10-02","2015-10-05",1,1,1,142,480,"CN",2015,1,1,"2015-08-29",2015,"2011-2024",5524,4860,2,0,1,0,NA,1,1,1,1,1
"2498",3642,"CN_2015_26_2",7125,2,NA,"2015-08-29","2015-09-09",NA,NA,1,0,0,142,34,"CN",2015,0,0,"2015-09-03",2015,"2011-2024",5833,6219,0,0,3,0,NA,0,1,0,1,0
"2499",3643,"CN_2015_1.1_2",7144,2,NA,"2015-09-15","2015-09-18",NA,NA,1,0,0,142,2,"CN",2015,0,0,"2015-09-16",2015,"2011-2024",5517,2960,1,0,2,0,NA,0,1,0,1,0
"2500",3644,"CN_2015_20_3",7067,4,NA,"2015-08-24","2015-09-11",NA,NA,1,0,0,142,26,"CN",2015,0,0,"2015-09-02",2015,"2011-2024",6160,5595,0,0,1,0,NA,0,1,0,1,0
"2501",3645,"CN_2015_34.5_3",7087,3,NA,"2015-09-12","2015-09-22",NA,NA,1,0,0,142,50,"CN",2015,0,0,"2015-09-17",2015,"2011-2024",6194,5834,0,0,1,0,NA,0,1,0,1,0
"2502",3648,"CN_2015_126_2",7068,2,NA,"2015-08-04","2015-08-05","2015-09-07","2015-09-09",1,1,1,142,407,"CN",2015,1,1,"2015-08-04",2015,"2011-2024",6028,3456,1,0,1,0,NA,1,1,1,1,1
"2503",3649,"CN_2015_69_3",7111,3,NA,"2015-08-16","2015-08-17",NA,NA,1,1,0,142,101,"CN",2015,0,0,"2015-08-16",2015,"2011-2024",5128,5606,0,0,3,0,NA,0,1,0,1,0
"2504",3650,"CN_2015_39_3",7124,2,NA,"2015-08-18","2015-08-22",NA,NA,1,1,0,142,55,"CN",2015,0,0,"2015-08-20",2015,"2011-2024",5641,5776,0,0,1,0,NA,0,1,0,1,0
"2505",3662,"CN_2015_1.1_1",7144,1,1,"2015-07-12","2015-07-12","2015-08-16","2015-08-18",1,1,1,142,2,"CN",2015,1,1,"2015-07-12",2015,"2011-2024",5517,2960,1,0,2,0,NA,1,1,1,1,1
"2506",3664,"CN_2015_2_2",7049,2,NA,"2015-07-22","2015-07-25","2015-08-26","2015-08-26",1,1,1,142,3,"CN",2015,1,1,"2015-07-23",2015,"2011-2024",3086,5829,1,0,1,0,NA,1,1,1,1,1
"2507",3665,"CN_2015_5_4",7045,3,NA,"2015-08-03","2015-08-12",NA,NA,1,0,0,142,8,"CN",2015,0,0,"2015-08-07",2015,"2011-2024",1660,5837,0,0,1,0,NA,0,1,0,1,0
"2508",3668,"CN_2015_8_3",7107,3,NA,"2015-09-02","2015-09-02",NA,NA,1,1,0,142,13,"CN",2015,0,0,"2015-09-02",2015,"2011-2024",6229,6155,0,0,5,0,NA,0,1,0,1,0
"2509",3669,"CN_2015_11_2",7119,2,NA,"2015-08-08","2015-08-15",NA,NA,1,0,0,142,16,"CN",2015,0,0,"2015-08-11",2015,"2011-2024",6199,5235,0,0,1,0,NA,0,1,0,1,0
"2510",3670,"CN_2015_11_3",7119,3,NA,"2015-08-25","2015-09-02",NA,NA,1,1,0,142,16,"CN",2015,0,0,"2015-08-29",2015,"2011-2024",6199,5235,0,0,1,0,NA,0,1,0,1,0
"2511",3671,"CN_2015_20_4",7067,3,NA,"2015-08-09","2015-08-10",NA,NA,1,1,0,142,26,"CN",2015,0,0,"2015-08-09",2015,"2011-2024",6160,5595,0,0,1,0,NA,0,1,0,1,0
"2512",3674,"CN_2015_22_3",7051,1,2,"2015-08-12","2015-08-13","2015-09-18","2015-09-21",1,1,1,142,28,"CN",2015,1,1,"2015-08-12",2015,"2011-2024",5843,6189,1,0,3,0,NA,1,1,1,1,1
"2513",3675,"CN_2015_23_3",7077,3,NA,"2015-09-09","2015-09-13",NA,NA,1,0,0,142,30,"CN",2015,0,0,"2015-09-11",2015,"2011-2024",5750,6136,0,0,3,0,NA,0,1,0,1,0
"2514",3676,"CN_2015_24_2",7056,2,NA,"2015-08-08","2015-08-10",NA,NA,1,1,0,142,32,"CN",2015,0,0,"2015-08-09",2015,"2011-2024",3497,5835,0,0,1,0,NA,0,1,0,1,0
"2515",3677,"CN_2015_24_3",7056,3,NA,"2015-09-03","2015-09-05",NA,NA,1,1,0,142,32,"CN",2015,0,0,"2015-09-04",2015,"2011-2024",3497,5835,0,0,1,0,NA,0,1,0,1,0
"2516",3679,"CN_2015_29_1",7131,1,NA,"2015-07-05","2015-07-13",NA,NA,1,0,0,142,40,"CN",2015,0,0,"2015-07-09",2015,"2011-2024",3462,5590,0,0,0,0,NA,0,1,0,1,0
"2517",3680,"CN_2015_30.2_2",7048,2,NA,"2015-07-31","2015-08-02","2015-09-06","2015-09-08",2,2,2,142,43,"CN",2015,1,1,"2015-08-01",2015,"2011-2024",6211,6011,2,0,1,0,NA,2,2,1,1,1
"2518",3680,"CN_2015_30.2_2",7048,2,NA,"2015-07-31","2015-08-02","2015-09-06","2015-09-08",2,2,2,142,43,"CN",2015,1,1,"2015-08-01",2015,"2011-2024",6211,6011,2,0,1,0,NA,2,2,1,2,1
"2519",3681,"CN_2015_32.5_3",7078,3,NA,"2015-09-05","2015-09-09",NA,NA,1,0,0,142,46,"CN",2015,0,0,"2015-09-07",2015,"2011-2024",5611,1868,0,0,1,0,NA,0,1,0,1,0
"2520",3682,"CN_2015_34.5_2",7087,2,NA,"2015-08-19","2015-08-19",NA,NA,1,0,0,142,50,"CN",2015,0,0,"2015-08-19",2015,"2011-2024",6194,5834,0,0,1,0,NA,0,1,0,1,0
"2521",3683,"CN_2015_35.1_2",7088,2,NA,"2015-08-30","2015-09-16",NA,NA,1,0,0,142,618,"CN",2015,0,0,"2015-09-07",2015,"2011-2024",6036,6163,1,1,0,0,NA,0,1,0,1,0
"2522",3685,"CN_2015_37_4",7080,4,NA,"2015-09-01","2015-09-05",NA,NA,1,1,0,142,53,"CN",2015,0,0,"2015-09-03",2015,"2011-2024",3094,5855,0,1,0,0,NA,0,1,0,1,0
"2523",3686,"CN_2015_42_3",7134,2,NA,"2015-08-27","2015-09-14",NA,NA,1,0,0,142,59,"CN",2015,0,0,"2015-09-05",2015,"2011-2024",6048,6203,0,0,3,0,NA,0,1,0,1,0
"2524",3687,"CN_2015_47.1_3",7143,1,NA,"2015-07-22","2015-07-28",NA,NA,1,1,0,142,68,"CN",2015,0,0,"2015-07-25",2015,"2011-2024",5337,6164,0,0,4,0,NA,0,1,0,1,0
"2525",3689,"CN_2015_47.2_1",7155,1,NA,"2015-07-29","2015-08-02","2015-09-04","2015-09-06",1,1,1,142,602,"CN",2015,1,1,"2015-07-31",2015,"2011-2024",6068,5826,1,0,0,0,NA,1,1,1,1,1
"2526",3693,"CN_2015_50_6",7066,5,NA,"2015-09-03","2015-09-05",NA,NA,1,0,0,142,71,"CN",2015,0,0,"2015-09-04",2015,"2011-2024",4917,6370,1,1,4,0,NA,0,1,0,1,0
"2527",3694,"CN_2015_50_7",7066,6,NA,"2015-09-09","2015-09-14",NA,NA,1,0,0,142,71,"CN",2015,0,0,"2015-09-11",2015,"2011-2024",4917,6370,1,1,4,0,NA,0,1,0,1,0
"2528",3696,"CN_2015_50.1_1",7156,1,NA,"2015-07-28","2015-07-30",NA,NA,1,0,0,142,72,"CN",2015,0,0,"2015-07-29",2015,"2011-2024",5452,6029,0,0,0,0,NA,0,1,0,1,0
"2529",3697,"CN_2015_50.1_2",7156,2,NA,"2015-08-15","2015-08-15",NA,NA,1,0,0,142,72,"CN",2015,0,0,"2015-08-15",2015,"2011-2024",5452,6029,0,0,0,0,NA,0,1,0,1,0
"2530",3698,"CN_2015_53.2_1",7130,1,NA,"2015-07-27","2015-07-29",NA,NA,1,0,0,142,633,"CN",2015,0,0,"2015-07-28",2015,"2011-2024",6067,6267,0,0,0,0,NA,0,1,0,1,0
"2531",3699,"CN_2015_54_1",7157,1,NA,"2015-07-15","2015-07-16","2015-08-22","2015-08-24",1,1,1,142,81,"CN",2015,1,1,"2015-07-15",2015,"2011-2024",5537,4947,1,0,0,0,NA,1,1,1,1,1
"2532",3703,"CN_2015_73_2",7142,2,NA,"2015-08-14","2015-08-25",NA,NA,1,0,0,142,105,"CN",2015,0,0,"2015-08-19",2015,"2011-2024",6195,6249,0,0,0,0,NA,0,1,0,1,0
"2533",3706,"CN_2015_82.1_2",7158,1,NA,"2015-08-05","2015-08-11",NA,NA,1,0,0,142,118,"CN",2015,0,0,"2015-08-08",2015,"2011-2024",3698,6158,0,0,4,0,NA,0,1,0,1,0
"2534",3707,"CN_2015_82.1_3",7158,2,NA,"2015-08-31","2015-09-03",NA,NA,1,0,0,142,118,"CN",2015,0,0,"2015-09-01",2015,"2011-2024",3698,6158,0,0,4,0,NA,0,1,0,1,0
"2535",3708,"CN_2015_83_2",7135,2,NA,"2015-08-19","2015-08-25",NA,NA,1,0,0,142,121,"CN",2015,0,0,"2015-08-22",2015,"2011-2024",6226,6158,0,0,0,0,NA,0,1,0,1,0
"2536",3711,"CN_2015_87_2",7140,2,NA,"2015-08-06","2015-08-16",NA,NA,1,0,0,142,127,"CN",2015,0,0,"2015-08-11",2015,"2011-2024",4965,5643,0,0,3,0,NA,0,1,0,1,0
"2537",3712,"CN_2015_87_3",7140,3,NA,"2015-09-04","2015-09-05",NA,NA,1,0,0,142,127,"CN",2015,0,0,"2015-09-04",2015,"2011-2024",4965,5643,0,0,3,0,NA,0,1,0,1,0
"2538",3714,"CN_2015_112_4",7099,4,NA,"2015-09-03","2015-09-11",NA,NA,1,0,0,142,169,"CN",2015,0,0,"2015-09-07",2015,"2011-2024",3699,5821,0,0,0,0,NA,0,1,0,1,0
"2539",3716,"CN_2015_117_3",7118,2,NA,"2015-08-08","2015-08-08",NA,NA,1,0,0,142,174,"CN",2015,0,0,"2015-08-08",2015,"2011-2024",5162,5077,0,0,0,0,NA,0,1,0,1,0
"2540",3717,"CN_2015_123_2",7058,2,NA,"2015-08-13","2015-08-19",NA,NA,1,0,0,142,172,"CN",2015,0,0,"2015-08-16",2015,"2011-2024",3594,6171,0,0,1,0,NA,0,1,0,1,0
"2541",3719,"CN_2015_131_3",7060,3,NA,"2015-08-29","2015-09-08",NA,NA,1,0,0,142,477,"CN",2015,0,0,"2015-09-03",2015,"2011-2024",1707,1710,0,0,1,0,NA,0,1,0,1,0
"2542",4771,"CN_2016_46_1",7518,1,1,"2016-07-11","2016-07-18","2016-08-18","2016-08-22",1,1,1,159,63,"CN",2016,1,1,"2016-07-14",2016,"2011-2024",5901,6019,1,1,2,0,NA,1,1,1,1,1
"2543",4772,"CN_2016_47.1_1",7519,1,NA,"2016-07-21","2016-07-25","2016-08-26","2016-08-29",1,1,1,159,68,"CN",2016,1,1,"2016-07-23",2016,"2011-2024",6191,6164,1,1,1,0,NA,1,1,1,1,1
"2544",4773,"CN_2016_29_1",7520,1,NA,"2016-07-23","2016-07-29",NA,NA,1,0,NA,159,40,"CN",2016,NA,NA,"2016-07-26",2016,"2011-2024",3462,5590,1,0,0,0,NA,0,1,0,1,0
"2545",4774,"CN_2016_50_1",7521,1,1,"2016-07-15","2016-07-18","2016-08-18","2016-08-22",1,1,1,159,71,"CN",2016,1,1,"2016-07-16",2016,"2011-2024",4917,6370,1,2,4,0,NA,1,1,1,1,1
"2546",4775,"CN_2016_52.1_1",7522,1,1,"2016-06-18","2016-06-27","2016-07-27","2016-08-01",1,1,1,159,77,"CN",2016,1,1,"2016-06-22",2016,"2011-2024",4958,5626,1,0,1,0,NA,1,1,1,1,1
"2547",4776,"CN_2016_129_1",7523,1,1,"2016-06-27","2016-07-09",NA,NA,1,0,0,159,480,"CN",2016,0,0,"2016-07-03",2016,"2011-2024",5524,4860,1,1,1,0,NA,0,1,0,1,0
"2548",4777,"CN_2016_50.1_1",7524,1,1,"2016-07-13","2016-07-17","2016-08-17","2016-08-20",1,1,1,159,72,"CN",2016,1,1,"2016-07-15",2016,"2011-2024",5452,6029,1,0,0,0,NA,1,1,1,1,1
"2549",4779,"CN_2016_25.1_1",7526,1,NA,"2016-07-20","2016-07-22","2016-08-27","2016-08-28",1,1,1,159,617,"CN",2016,1,1,"2016-07-21",2016,"2011-2024",5823,5839,1,0,1,0,NA,1,1,1,1,1
"2550",4780,"CN_2016_85_1",7527,1,NA,"2016-07-27","2016-07-27",NA,NA,1,1,0,159,125,"CN",2016,0,0,"2016-07-27",2016,"2011-2024",3596,1877,0,1,1,0,NA,0,1,0,1,0
"2551",4782,"CN_2016_1.1_1",7529,1,1,"2016-07-26","2016-07-26","2016-09-02","2016-09-02",1,1,1,159,2,"CN",2016,1,1,"2016-07-26",2016,"2011-2024",5517,2960,1,0,4,0,NA,1,1,1,1,1
"2552",4783,"CN_2016_1.2_1",7530,1,NA,"2016-07-31","2016-08-01","2016-09-07","2016-09-10",1,1,1,159,616,"CN",2016,1,1,"2016-07-31",2016,"2011-2024",6034,5853,1,0,1,0,NA,1,1,1,1,1
"2553",4784,"CN_2016_2_1",7531,1,1,"2016-07-22","2016-07-22","2016-08-31","2016-09-02",1,1,0,159,3,"CN",2016,0,0,"2016-07-22",2016,"2011-2024",3086,5829,1,0,2,0,NA,0,1,0,1,0
"2554",4786,"CN_2016_6_1",7533,1,NA,"2016-08-05","2016-08-06","2016-09-10","2016-09-11",1,1,1,159,9,"CN",2016,1,1,"2016-08-05",2016,"2011-2024",1826,5624,2,0,1,0,NA,1,1,1,1,1
"2555",4788,"CN_2016_10_1",7535,1,1,"2016-07-10","2016-07-28",NA,NA,1,0,NA,159,15,"CN",2016,NA,NA,"2016-07-19",2016,"2011-2024",5657,1762,0,0,1,0,NA,0,1,0,1,0
"2556",4789,"CN_2016_15_1",7536,1,2,"2016-08-03","2016-08-03",NA,NA,2,1,NA,159,20,"CN",2016,NA,NA,"2016-08-03",2016,"2011-2024",3085,6045,0,0,0,0,NA,0,2,0,1,0
"2557",4789,"CN_2016_15_1",7536,1,2,"2016-08-03","2016-08-03",NA,NA,2,1,NA,159,20,"CN",2016,NA,NA,"2016-08-03",2016,"2011-2024",3085,6045,0,0,0,0,NA,0,2,0,2,0
"2558",4790,"CN_2016_18_1",7537,1,1,"2016-07-31","2016-07-31",NA,NA,1,1,0,159,24,"CN",2016,0,0,"2016-07-31",2016,"2011-2024",5630,2966,0,0,2,0,NA,0,1,0,1,0
"2559",4791,"CN_2016_20_1",7538,1,NA,"2016-07-31","2016-08-03","2016-09-05","2016-09-07",1,1,1,159,26,"CN",2016,1,1,"2016-08-01",2016,"2011-2024",6160,5595,1,0,0,0,NA,1,1,1,1,1
"2560",4792,"CN_2016_26_1",7539,1,1,"2016-07-24","2016-07-26","2016-08-29","2016-09-01",1,1,1,159,34,"CN",2016,1,1,"2016-07-25",2016,"2011-2024",5833,6219,1,0,0,0,NA,1,1,1,1,1
"2561",4793,"CN_2016_26.5_1",7616,1,1,"2016-07-22","2016-07-29",NA,NA,1,0,0,159,36,"CN",2016,0,0,"2016-07-25",2016,"2011-2024",6159,5679,0,0,1,0,NA,0,1,0,1,0
"2562",4794,"CN_2016_27.1_1",7540,1,NA,"2016-07-30","2016-07-31","2016-09-06","2016-09-06",2,2,2,159,605,"CN",2016,1,1,"2016-07-30",2016,"2011-2024",6217,6309,2,0,2,0,NA,2,2,1,1,1
"2563",4794,"CN_2016_27.1_1",7540,1,NA,"2016-07-30","2016-07-31","2016-09-06","2016-09-06",2,2,2,159,605,"CN",2016,1,1,"2016-07-30",2016,"2011-2024",6217,6309,2,0,2,0,NA,2,2,1,2,1
"2564",4796,"CN_2016_29_2",7520,2,NA,"2016-08-09","2016-08-09","2016-09-14","2016-09-14",1,1,1,159,40,"CN",2016,1,1,"2016-08-09",2016,"2011-2024",3462,5590,1,0,0,0,NA,1,1,1,1,1
"2565",4797,"CN_2016_30.2_1",7542,1,1,"2016-07-25","2016-07-28",NA,NA,1,0,0,159,43,"CN",2016,0,0,"2016-07-26",2016,"2011-2024",6211,6011,0,0,1,0,NA,0,1,0,1,0
"2566",4798,"CN_2016_32.5_1",7543,1,1,"2016-07-22","2016-07-26",NA,NA,1,0,0,159,46,"CN",2016,0,0,"2016-07-24",2016,"2011-2024",5611,1868,0,0,0,0,NA,0,1,0,1,0
"2567",4800,"CN_2016_51.2_1",7545,1,NA,"2016-08-01","2016-08-01","2016-09-04","2016-09-07",1,1,1,159,75,"CN",2016,1,1,"2016-08-01",2016,"2011-2024",6139,6018,1,0,1,0,NA,1,1,1,1,1
"2568",4801,"CN_2016_53_1",7546,1,1,"2016-07-28","2016-07-28","2016-09-02","2016-09-06",1,1,0,159,79,"CN",2016,0,0,"2016-07-28",2016,"2011-2024",5597,5602,0,0,1,0,NA,0,1,0,1,0
"2569",4802,"CN_2016_54_1",7547,1,NA,"2016-07-29","2016-08-04","2016-09-04","2016-09-07",1,1,1,159,81,"CN",2016,1,1,"2016-08-01",2016,"2011-2024",5537,4947,1,0,2,0,NA,1,1,1,1,1
"2570",4805,"CN_2016_56_1",7550,1,1,"2016-07-23","2016-07-25","2016-08-26","2016-08-28",2,2,2,159,83,"CN",2016,1,1,"2016-07-24",2016,"2011-2024",5854,5822,2,0,0,0,NA,2,2,1,1,1
"2571",4805,"CN_2016_56_1",7550,1,1,"2016-07-23","2016-07-25","2016-08-26","2016-08-28",2,2,2,159,83,"CN",2016,1,1,"2016-07-24",2016,"2011-2024",5854,5822,2,0,0,0,NA,2,2,1,2,1
"2572",4807,"CN_2016_63_1",7552,1,1,"2016-07-14","2016-07-19","2016-08-21","2016-08-24",1,1,1,159,94,"CN",2016,1,1,"2016-07-16",2016,"2011-2024",5845,6167,1,0,2,0,NA,1,1,1,1,1
"2573",4811,"CN_2016_68_2",7555,2,1,"2016-08-04","2016-08-08","2016-09-10","2016-09-14",1,1,1,159,100,"CN",2016,1,1,"2016-08-06",2016,"2011-2024",6061,5547,1,0,3,0,NA,1,1,1,1,1
"2574",4812,"CN_2016_78_1",7556,1,1,"2016-07-27","2016-07-29","2016-08-30","2016-09-01",1,1,1,159,112,"CN",2016,1,1,"2016-07-28",2016,"2011-2024",1707,5820,1,1,3,0,NA,1,1,1,1,1
"2575",4815,"CN_2016_94.2_1",7558,1,NA,"2016-08-17","2016-08-17",NA,NA,1,0,0,159,140,"CN",2016,0,0,"2016-08-17",2016,"2011-2024",6169,6170,0,0,1,0,NA,0,1,0,1,0
"2576",4817,"CN_2016_108_1",7560,1,NA,"2016-07-27","2016-08-02","2016-09-01","2016-09-01",1,1,1,159,165,"CN",2016,1,1,"2016-07-30",2016,"2011-2024",5634,6567,1,0,2,0,NA,1,1,1,1,1
"2577",4818,"CN_2016_112_1",7561,1,1,"2016-07-23","2016-07-27",NA,NA,1,1,0,159,169,"CN",2016,0,0,"2016-07-25",2016,"2011-2024",3699,5821,0,0,0,0,NA,0,1,0,1,0
"2578",4820,"CN_2016_122_1",7563,1,1,"2016-07-17","2016-07-22","2016-08-22","2016-08-25",1,1,1,159,179,"CN",2016,1,1,"2016-07-19",2016,"2011-2024",5838,2991,1,1,1,0,NA,1,1,1,1,1
"2579",4821,"CN_2016_126_1",7564,1,1,"2016-07-24","2016-07-26","2016-09-01","2016-09-01",1,1,1,159,407,"CN",2016,1,1,"2016-07-25",2016,"2011-2024",6028,3456,1,0,2,0,NA,1,1,1,1,1
"2580",4822,"CN_2016_127_1",7565,1,1,"2016-07-25","2016-07-25","2016-08-29","2016-08-31",1,1,1,159,478,"CN",2016,1,1,"2016-07-25",2016,"2011-2024",5683,6375,1,0,3,0,NA,1,1,1,1,1
"2581",4823,"CN_2016_133_1",7566,1,1,"2016-07-26","2016-07-29",NA,NA,1,1,NA,159,481,"CN",2016,NA,NA,"2016-07-27",2016,"2011-2024",5635,6193,0,1,1,0,NA,0,1,0,1,0
"2582",4825,"CN_2016_11_1",7568,1,NA,"2016-07-26","2016-08-03","2016-08-24","2016-08-24",1,1,1,159,16,"CN",2016,1,1,"2016-07-30",2016,"2011-2024",6199,5235,1,0,0,0,NA,1,1,1,1,1
"2583",4826,"CN_2016_21_1",7569,1,NA,"2016-08-12","2016-08-14",NA,NA,1,0,NA,159,27,"CN",2016,NA,NA,"2016-08-13",2016,"2011-2024",3490,3087,0,0,3,0,NA,0,1,0,1,0
"2584",4827,"CN_2016_22_1",7570,1,1,"2016-07-23","2016-07-29",NA,NA,1,1,0,159,28,"CN",2016,0,0,"2016-07-26",2016,"2011-2024",5843,6189,0,0,1,0,NA,0,1,0,1,0
"2585",4828,"CN_2016_24_1",7571,1,1,"2016-07-30","2016-08-02","2016-09-05","2016-09-07",1,1,1,159,32,"CN",2016,1,1,"2016-07-31",2016,"2011-2024",3497,6314,1,0,1,0,NA,1,1,1,1,1
"2586",4829,"CN_2016_77.1_1",7572,1,1,"2016-07-23","2016-07-29","2016-08-28","2016-09-01",1,1,1,159,111,"CN",2016,1,1,"2016-07-26",2016,"2011-2024",5212,5559,1,0,2,0,NA,1,1,1,1,1
"2587",4830,"CN_2016_129_2",7523,2,NA,"2016-08-02","2016-08-03","2016-09-08","2016-09-10",1,1,1,159,480,"CN",2016,1,1,"2016-08-02",2016,"2011-2024",5524,4860,1,1,1,0,NA,1,1,1,1,1
"2588",4831,"CN_2016_8_1",7573,1,NA,"2016-08-03","2016-08-05","2016-09-07","2016-09-10",1,1,1,159,13,"CN",2016,1,1,"2016-08-04",2016,"2011-2024",6229,6155,1,1,0,0,NA,1,1,1,1,1
"2589",4832,"CN_2016_32_1",7574,1,1,"2016-07-15","2016-07-22","2016-08-23","2016-08-28",1,1,0,159,45,"CN",2016,0,0,"2016-07-18",2016,"2011-2024",5465,6231,0,1,0,0,NA,0,1,0,1,0
"2590",4833,"CN_2016_33_1",7575,1,NA,"2016-07-21","2016-07-26","2016-08-26","2016-08-29",1,1,1,159,47,"CN",2016,1,1,"2016-07-23",2016,"2011-2024",6138,5513,1,0,3,0,NA,1,1,1,1,1
"2591",4834,"CN_2016_34.5_1",7576,1,NA,"2016-08-09","2016-08-10",NA,NA,1,1,0,159,50,"CN",2016,0,0,"2016-08-09",2016,"2011-2024",6174,6382,0,0,2,0,NA,0,1,0,1,0
"2592",4837,"CN_2016_41_1",7579,1,NA,"2016-08-03","2016-08-08","2016-09-08","2016-09-11",1,1,1,159,57,"CN",2016,1,1,"2016-08-05",2016,"2011-2024",5514,5321,1,1,1,0,NA,1,1,1,1,1
"2593",4838,"CN_2016_45_1",7580,1,NA,"2016-08-01","2016-08-01","2016-09-07","2016-09-08",1,1,1,159,62,"CN",2016,1,1,"2016-08-01",2016,"2011-2024",6214,5291,1,0,1,0,NA,1,1,1,1,1
"2594",4839,"CN_2016_88_1",7581,1,NA,"2016-08-09","2016-08-09",NA,NA,2,0,0,159,129,"CN",2016,0,0,"2016-08-09",2016,"2011-2024",5173,5904,0,0,3,0,NA,0,2,0,1,0
"2595",4839,"CN_2016_88_1",7581,1,NA,"2016-08-09","2016-08-09",NA,NA,2,0,0,159,129,"CN",2016,0,0,"2016-08-09",2016,"2011-2024",5173,5904,0,0,3,0,NA,0,2,0,2,0
"2596",4840,"CN_2016_87_1",7582,1,NA,"2016-07-31","2016-08-09",NA,NA,1,0,0,159,127,"CN",2016,0,0,"2016-08-04",2016,"2011-2024",4965,5643,0,0,1,0,NA,0,1,0,1,0
"2597",4841,"CN_2016_86_1",7583,1,NA,"2016-07-22","2016-08-09",NA,NA,1,0,0,159,126,"CN",2016,0,0,"2016-07-31",2016,"2011-2024",6022,NA,0,0,3,0,NA,0,1,0,1,0
"2598",4843,"CN_2016_81_1",7584,1,1,"2016-08-17","2016-08-20",NA,NA,1,1,0,159,116,"CN",2016,0,0,"2016-08-18",2016,"2011-2024",6647,3486,0,0,1,0,NA,0,1,0,1,0
"2599",4844,"CN_2016_65_2",7553,2,NA,"2016-08-13","2016-08-14",NA,NA,1,0,0,159,96,"CN",2016,0,0,"2016-08-13",2016,"2011-2024",5521,6146,0,0,1,0,NA,0,1,0,1,0
"2600",4845,"CN_2016_58_1",7585,1,NA,"2016-07-24","2016-07-28","2016-08-29","2016-08-31",1,1,1,159,86,"CN",2016,1,1,"2016-07-26",2016,"2011-2024",6143,3089,1,0,0,0,NA,1,1,1,1,1
"2601",4847,"CN_2016_30_1",7586,1,NA,"2016-07-25","2016-07-31","2016-09-01","2016-09-03",1,1,NA,159,41,"CN",2016,NA,NA,"2016-07-28",2016,"2011-2024",6145,5588,1,1,0,0,NA,0,1,0,1,0
"2602",4848,"CN_2016_32.5_2",7543,2,NA,"2016-08-14","2016-08-17",NA,NA,1,1,0,159,46,"CN",2016,0,0,"2016-08-15",2016,"2011-2024",5611,1868,0,0,0,0,NA,0,1,0,1,0
"2603",4849,"CN_2016_37_1",7587,1,NA,"2016-07-25","2016-07-30","2016-08-30","2016-09-02",1,1,1,159,53,"CN",2016,1,1,"2016-07-27",2016,"2011-2024",3094,5855,1,0,1,0,NA,1,1,1,1,1
"2604",4850,"CN_2016_47.2_1",7588,1,NA,"2016-07-25","2016-08-03","2016-09-02","2016-09-06",1,1,1,159,602,"CN",2016,1,1,"2016-07-29",2016,"2011-2024",6068,5826,1,0,0,0,NA,1,1,1,1,1
"2605",4851,"CN_2016_84_3",7557,3,NA,"2016-07-29","2016-08-05","2016-09-06","2016-09-09",1,1,1,159,123,"CN",2016,1,1,"2016-08-01",2016,"2011-2024",5749,5639,1,1,0,0,NA,1,1,1,1,1
"2606",4852,"CN_2016_102_1",7589,1,NA,"2016-08-04","2016-08-09","2016-09-12","2016-09-15",1,1,1,159,157,"CN",2016,1,1,"2016-08-06",2016,"2011-2024",5075,5583,1,1,2,0,NA,1,1,1,1,1
"2607",4853,"CN_2016_92_1",7590,1,2,"2016-08-14","2016-08-14",NA,NA,1,0,0,159,134,"CN",2016,0,0,"2016-08-14",2016,"2011-2024",6377,5456,0,0,1,0,NA,0,1,0,1,0
"2608",4855,"CN_2016_130_1",7592,1,NA,"2016-07-27","2016-07-31","2016-09-01","2016-09-03",1,1,1,159,479,"CN",2016,1,1,"2016-07-29",2016,"2011-2024",5549,5612,1,1,1,0,NA,1,1,1,1,1
"2609",4856,"CN_2016_42_1",7593,1,NA,"2016-07-27","2016-08-14",NA,NA,1,0,0,159,59,"CN",2016,0,0,"2016-08-05",2016,"2011-2024",6048,6158,0,0,2,0,NA,0,1,0,1,0
"2610",4857,"CN_2016_67_1",7594,1,NA,"2016-08-05","2016-08-10","2016-09-11","2016-09-14",1,1,1,159,99,"CN",2016,1,1,"2016-08-07",2016,"2011-2024",5851,6032,1,0,3,0,NA,1,1,1,1,1
"2611",4858,"CN_2016_117_1",7595,1,NA,"2016-08-06","2016-08-11","2016-09-11","2016-09-14",1,1,1,159,174,"CN",2016,1,1,"2016-08-08",2016,"2011-2024",5162,5077,1,0,0,0,NA,1,1,1,1,1
"2612",4860,"CN_2016_30.2_2",7542,2,NA,"2016-08-20","2016-08-21",NA,NA,1,1,0,159,43,"CN",2016,0,0,"2016-08-20",2016,"2011-2024",6211,6011,0,0,1,0,NA,0,1,0,1,0
"2613",4862,"CN_2016_104_1",7597,1,NA,"2016-08-05","2016-08-17",NA,NA,1,0,0,159,160,"CN",2016,0,0,"2016-08-11",2016,"2011-2024",5132,6651,0,0,1,0,NA,0,1,0,1,0
"2614",4863,"CN_2016_103.1_2",7559,2,NA,"2016-08-03","2016-08-09","2016-09-09","2016-09-12",1,1,1,159,159,"CN",2016,1,1,"2016-08-06",2016,"2011-2024",4861,5583,1,0,1,0,NA,1,1,1,1,1
"2615",4864,"CN_2016_116_2",7562,2,NA,"2016-08-06","2016-08-11",NA,NA,1,1,0,159,173,"CN",2016,0,0,"2016-08-08",2016,"2011-2024",6233,6172,0,0,1,0,NA,0,1,0,1,0
"2616",4867,"CN_2016_64_1",7600,1,1,"2016-08-07","2016-08-21",NA,NA,1,0,0,159,95,"CN",2016,0,0,"2016-08-14",2016,"2011-2024",6181,4872,0,0,1,0,NA,0,1,0,1,0
"2617",4868,"CN_2016_73_1",7601,1,NA,"2016-08-08","2016-08-22",NA,NA,1,0,0,159,105,"CN",2016,0,0,"2016-08-15",2016,"2011-2024",6195,6249,0,0,0,0,NA,0,1,0,1,0
"2618",4871,"CN_2016_83_1",7602,1,NA,"2016-08-13","2016-08-23",NA,NA,1,0,0,159,121,"CN",2016,0,0,"2016-08-18",2016,"2011-2024",6226,NA,0,0,0,0,NA,0,1,0,1,0
"2619",4873,"CN_2016_86_2",7583,2,NA,"2016-08-28","2016-09-05",NA,NA,1,0,0,159,126,"CN",2016,0,0,"2016-09-01",2016,"2011-2024",6022,NA,0,0,3,0,NA,0,1,0,1,0
"2620",4874,"CN_2016_69_1",7603,1,NA,"2016-08-13","2016-08-25",NA,NA,1,0,0,159,101,"CN",2016,0,0,"2016-08-19",2016,"2011-2024",5128,NA,0,0,2,0,NA,0,1,0,1,0
"2621",4875,"CN_2016_55_2",7549,2,NA,"2016-08-29","2016-08-30",NA,NA,1,0,0,159,82,"CN",2016,0,0,"2016-08-29",2016,"2011-2024",5530,6222,0,0,1,0,NA,0,1,0,1,0
"2622",4876,"CN_2016_136_1",7604,1,NA,"2016-08-06","2016-08-12","2016-09-14","2016-09-16",1,1,1,159,516,"CN",2016,1,1,"2016-08-09",2016,"2011-2024",5009,5850,1,0,1,0,NA,1,1,1,1,1
"2623",4877,"CN_2016_120_2",7605,2,NA,"2016-08-20","2016-08-26",NA,NA,1,1,0,159,177,"CN",2016,0,0,"2016-08-23",2016,"2011-2024",5545,6565,0,0,2,0,NA,0,1,0,1,0
"2624",4878,"CN_2016_87.1_1",7606,1,NA,"2016-08-06","2016-08-06","2016-09-09","2016-09-11",1,1,1,159,128,"CN",2016,1,1,"2016-08-06",2016,"2011-2024",5644,5904,1,1,0,0,NA,1,1,1,1,1
"2625",4879,"CN_2016_39_1",7607,1,1,"2016-07-25","2016-07-29","2016-09-02","2016-09-04",1,1,1,159,55,"CN",2016,1,1,"2016-07-27",2016,"2011-2024",5641,5776,1,1,0,0,NA,1,1,1,1,1
"2626",4881,"CN_2016_94_1",7608,1,NA,"2016-08-03","2016-08-19",NA,NA,3,0,0,159,138,"CN",2016,0,0,"2016-08-11",2016,"2011-2024",3451,6196,0,1,1,0,NA,0,3,0,1,0
"2627",4881,"CN_2016_94_1",7608,1,NA,"2016-08-03","2016-08-19",NA,NA,3,0,0,159,138,"CN",2016,0,0,"2016-08-11",2016,"2011-2024",3451,6196,0,1,1,0,NA,0,3,0,2,0
"2628",4881,"CN_2016_94_1",7608,1,NA,"2016-08-03","2016-08-19",NA,NA,3,0,0,159,138,"CN",2016,0,0,"2016-08-11",2016,"2011-2024",3451,6196,0,1,1,0,NA,0,3,0,3,0
"2629",4884,"CN_2016_139_1",7609,1,NA,"2016-08-08","2016-08-20",NA,NA,1,1,0,159,664,"CN",2016,0,0,"2016-08-14",2016,"2011-2024",6168,6146,0,0,0,0,NA,0,1,0,1,0
"2630",4885,"CN_2016_82.1_1",7610,1,NA,"2016-08-04","2016-08-23",NA,NA,1,1,0,159,118,"CN",2016,0,0,"2016-08-13",2016,"2011-2024",3698,6158,0,0,2,0,NA,0,1,0,1,0
"2631",4886,"CN_2016_32.5_3",7543,3,NA,"2016-08-28","2016-09-15",NA,NA,1,0,0,159,46,"CN",2016,0,0,"2016-09-06",2016,"2011-2024",5611,1868,0,0,0,0,NA,0,1,0,1,0
"2632",4888,"CN_2016_133_2",7566,2,NA,"2016-08-23","2016-08-29",NA,NA,1,1,0,159,481,"CN",2016,0,0,"2016-08-26",2016,"2011-2024",5635,6193,0,1,1,0,NA,0,1,0,1,0
"2633",4889,"CN_2016_10_2",7535,2,NA,"2016-08-05","2016-08-07","2016-09-13","2016-09-13",1,1,1,159,15,"CN",2016,1,1,"2016-08-06",2016,"2011-2024",5657,1762,0,0,1,0,NA,1,1,1,1,1
"2634",4890,"CN_2016_46.1_1",7599,1,NA,"2016-07-28","2016-08-04",NA,NA,1,0,0,159,64,"CN",2016,0,0,"2016-07-31",2016,"2011-2024",6187,6261,0,0,0,0,NA,0,1,0,1,0
"2635",4891,"CN_2016_55.1_1",7611,1,NA,"2016-08-13","2016-08-15",NA,NA,1,1,0,159,637,"CN",2016,0,0,"2016-08-14",2016,"2011-2024",6272,6221,0,0,3,0,NA,0,1,0,1,0
"2636",4892,"CN_2016_57.1_1",7612,1,NA,"2016-08-13","2016-08-21",NA,NA,1,0,0,159,85,"CN",2016,0,0,"2016-08-17",2016,"2011-2024",6044,6222,0,0,1,0,NA,0,1,0,1,0
"2637",4893,"CN_2016_60.1_2",7551,2,NA,"2016-08-05","2016-08-14",NA,NA,1,1,0,159,90,"CN",2016,0,0,"2016-08-09",2016,"2011-2024",3595,5292,0,0,0,0,NA,0,1,0,1,0
"2638",4894,"CN_2016_66_2",7554,2,NA,"2016-08-15","2016-08-15",NA,NA,1,1,0,159,98,"CN",2016,0,0,"2016-08-15",2016,"2011-2024",6185,1708,0,0,0,0,NA,0,1,0,1,0
"2639",4895,"CN_2016_77_2",7567,2,NA,"2016-08-16","2016-08-23",NA,NA,1,1,0,159,110,"CN",2016,0,0,"2016-08-19",2016,"2011-2024",6186,6384,0,0,3,0,NA,0,1,0,1,0
"2640",4896,"CN_2016_86.1_1",7598,1,NA,"2016-08-05","2016-08-08",NA,NA,1,0,0,159,636,"CN",2016,0,0,"2016-08-06",2016,"2011-2024",6188,6216,0,0,0,0,NA,0,1,0,1,0
"2641",4897,"CN_2016_101_1",7613,1,NA,"2016-08-11","2016-08-12","2016-09-16","2016-09-16",1,1,1,159,154,"CN",2016,1,1,"2016-08-11",2016,"2011-2024",6009,6249,0,0,1,0,NA,1,1,1,1,1
"2642",4898,"CN_2016_121_2",7525,2,NA,"2016-08-11","2016-08-19",NA,NA,1,1,0,159,178,"CN",2016,0,0,"2016-08-15",2016,"2011-2024",5511,2974,0,0,1,0,NA,0,1,0,1,0
"2643",4899,"CN_2016_123_1",7614,1,NA,"2016-07-16","2016-07-18","2016-08-21","2016-08-21",1,1,1,159,172,"CN",2016,1,1,"2016-07-17",2016,"2011-2024",5621,6171,1,0,3,0,NA,1,1,1,1,1
"2644",4905,"CN_2017_50_1",7733,1,1,"2017-07-03","2017-07-06","2017-08-08","2017-08-09",1,1,1,164,71,"CN",2017,1,1,"2017-07-04",2017,"2011-2024",5543,6370,1,2,3,0,NA,1,1,1,1,1
"2645",4906,"CN_2017_77.1_1",7734,1,1,"2017-05-15","2017-06-06",NA,NA,1,1,0,164,111,"CN",2017,0,0,"2017-05-26",2017,"2011-2024",5212,5559,1,0,2,0,NA,0,1,0,1,0
"2646",4907,"CN_2017_67_1",7735,1,1,"2017-06-24","2017-06-28",NA,NA,1,1,0,164,99,"CN",2017,0,0,"2017-06-26",2017,"2011-2024",5851,6032,0,0,2,0,NA,0,1,0,1,0
"2647",4908,"CN_2017_84_1",7736,1,1,"2017-05-16","2017-05-25","2017-06-24","2017-06-28",1,1,1,164,123,"CN",2017,1,1,"2017-05-20",2017,"2011-2024",5749,5639,1,1,3,1,1,1,1,1,1,1
"2648",4909,"CN_2017_52.1_1",7737,1,1,"2017-06-21","2017-06-25",NA,NA,1,0,0,164,77,"CN",2017,0,0,"2017-06-23",2017,"2011-2024",4958,5626,0,0,1,0,NA,0,1,0,1,0
"2649",4911,"CN_2017_122_2",7738,2,NA,"2017-07-11","2017-07-14","2017-08-15","2017-08-18",1,1,1,164,179,"CN",2017,1,1,"2017-07-12",2017,"2011-2024",5838,6294,1,0,2,1,1,1,1,1,1,1
"2650",4912,"CN_2017_1_1",7739,1,1,"2017-05-22","2017-05-28","2017-06-30","2017-07-03",1,1,1,164,1,"CN",2017,1,1,"2017-05-25",2017,"2011-2024",6215,6144,1,0,1,1,NA,1,1,1,1,1
"2651",4913,"CN_2017_66_1",7740,1,1,"2017-06-11","2017-06-15","2017-07-20","2017-07-22",1,1,1,164,98,"CN",2017,1,1,"2017-06-13",2017,"2011-2024",6185,1708,1,0,0,1,NA,1,1,1,1,1
"2652",4914,"CN_2017_77_1",7741,1,1,"2017-05-25","2017-05-31",NA,"2017-07-04",1,1,1,164,110,"CN",2017,1,1,"2017-05-28",2017,"2011-2024",6186,6384,1,0,2,0,NA,1,1,1,1,1
"2653",4915,"CN_2017_130_1",7742,1,1,"2017-05-28","2017-06-08","2017-07-06","2017-07-14",1,1,1,164,479,"CN",2017,1,1,"2017-06-02",2017,"2011-2024",5549,5612,1,1,1,1,NA,1,1,1,1,1
"2654",4916,"CN_2017_65_2",7743,1,1,"2017-06-11","2017-06-18","2017-07-20","2017-07-26",1,1,0,164,96,"CN",2017,0,0,"2017-06-14",2017,"2011-2024",5521,6146,0,0,1,0,NA,0,1,0,1,0
"2655",4917,"CN_2017_126_2",7744,2,2,"2017-07-05","2017-07-09","2017-08-17","2017-08-21",1,1,1,164,407,"CN",2017,1,1,"2017-07-07",2017,"2011-2024",6028,3456,2,0,1,0,NA,1,1,1,1,1
"2656",4918,"CN_2017_78_1",7745,1,1,"2017-07-12","2017-07-14",NA,NA,1,0,0,164,112,"CN",2017,0,0,"2017-07-13",2017,"2011-2024",1707,5820,0,0,3,0,NA,0,1,0,1,0
"2657",4919,"CN_2017_56_1",7746,1,1,"2017-06-16","2017-06-25",NA,NA,1,1,0,164,83,"CN",2017,0,0,"2017-06-20",2017,"2011-2024",6378,5822,2,0,4,0,NA,0,1,0,1,0
"2658",4920,"CN_2017_32_1",7747,1,1,"2017-05-28","2017-06-04","2017-07-07","2017-07-10",2,2,2,164,45,"CN",2017,1,1,"2017-05-31",2017,"2011-2024",5465,6231,2,1,1,2,2,2,2,1,1,1
"2659",4920,"CN_2017_32_1",7747,1,1,"2017-05-28","2017-06-04","2017-07-07","2017-07-10",2,2,2,164,45,"CN",2017,1,1,"2017-05-31",2017,"2011-2024",5465,6231,2,1,1,2,2,2,2,1,2,1
"2660",4922,"CN_2017_41.1_1",7749,1,1,"2017-06-30","2017-07-04","2017-08-05","2017-08-08",1,1,1,164,58,"CN",2017,1,1,"2017-07-02",2017,"2011-2024",6554,5779,1,0,1,1,1,1,1,1,1,1
"2661",4923,"CN_2017_18_1",7750,1,1,"2017-06-23","2017-06-27","2017-07-29","2017-08-01",1,1,1,164,24,"CN",2017,1,1,"2017-06-25",2017,"2011-2024",5630,2966,1,0,1,0,NA,1,1,1,1,1
"2662",4924,"CN_2017_112_1",7751,1,1,"2017-07-17","2017-07-20",NA,NA,1,0,0,164,169,"CN",2017,0,0,"2017-07-18",2017,"2011-2024",6670,5821,0,0,1,0,NA,0,1,0,1,0
"2663",4926,"CN_2017_77.1_2",7734,2,2,"2017-07-02","2017-07-07","2017-08-07","2017-08-10",1,1,1,164,111,"CN",2017,1,1,"2017-07-04",2017,"2011-2024",5212,5559,1,0,2,0,NA,1,1,1,1,1
"2664",4927,"CN_2017_26.5_1",7753,1,1,"2017-06-13","2017-06-20","2017-07-22","2017-07-26",1,1,1,164,36,"CN",2017,1,1,"2017-06-16",2017,"2011-2024",6159,5679,1,0,1,0,NA,1,1,1,1,1
"2665",4928,"CN_2017_93_1",7754,1,1,"2017-06-05","2017-06-27",NA,NA,1,1,0,164,137,"CN",2017,0,0,"2017-06-16",2017,"2011-2024",6773,6649,0,0,1,0,NA,0,1,0,1,0
"2666",4929,"CN_2017_104_1",7755,1,1,"2017-06-28","2017-06-30","2017-08-03","2017-08-03",1,1,1,164,160,"CN",2017,1,1,"2017-06-29",2017,"2011-2024",6657,6651,1,0,1,1,1,1,1,1,1,1
"2667",4930,"CN_2017_86_1",7756,1,1,"2017-07-01","2017-07-17",NA,NA,1,0,0,164,126,"CN",2017,0,0,"2017-07-09",2017,"2011-2024",6022,6708,0,0,1,0,NA,0,1,0,1,0
"2668",4931,"CN_2017_41_1",7757,1,1,"2017-07-18","2017-07-19","2017-08-25","2017-08-25",1,1,1,164,57,"CN",2017,1,1,"2017-07-18",2017,"2011-2024",5514,5321,1,2,0,1,1,1,1,1,1,1
"2669",4932,"CN_2017_32.5_1",7758,1,1,"2017-07-23","2017-07-25",NA,NA,1,0,0,164,46,"CN",2017,0,0,"2017-07-24",2017,"2011-2024",5611,1868,0,0,0,0,NA,0,1,0,1,0
"2670",4934,"CN_2017_10_2",7759,2,1,"2017-07-13","2017-07-17","2017-08-19","2017-08-22",1,1,1,164,15,"CN",2017,1,1,"2017-07-15",2017,"2011-2024",5657,1762,1,0,1,0,NA,1,1,1,1,1
"2671",4935,"CN_2017_27.1_1",7760,1,1,"2017-06-12","2017-06-20","2017-07-21","2017-07-24",1,1,1,164,605,"CN",2017,1,1,"2017-06-16",2017,"2011-2024",6217,6309,1,0,2,0,NA,1,1,1,1,1
"2672",4936,"CN_2017_43_1",7761,1,1,"2017-07-31","2017-08-01","2017-09-05","2017-09-07",1,1,1,164,60,"CN",2017,1,1,"2017-07-31",2017,"2011-2024",6568,5523,1,0,1,0,NA,1,1,1,1,1
"2673",4938,"CN_2017_56_2",7746,2,2,"2017-08-03","2017-08-08","2017-09-09","2017-09-12",2,2,2,164,83,"CN",2017,1,1,"2017-08-05",2017,"2011-2024",6378,5822,2,0,4,2,2,2,2,1,1,1
"2674",4938,"CN_2017_56_2",7746,2,2,"2017-08-03","2017-08-08","2017-09-09","2017-09-12",2,2,2,164,83,"CN",2017,1,1,"2017-08-05",2017,"2011-2024",6378,5822,2,0,4,2,2,2,2,1,2,1
"2675",4939,"CN_2017_81_1",7763,1,1,"2017-07-14","2017-07-21","2017-08-22","2017-08-25",1,1,1,164,116,"CN",2017,1,1,"2017-07-17",2017,"2011-2024",6647,3486,0,0,0,0,NA,1,1,1,1,1
"2676",4940,"CN_2017_53_1",7764,1,1,"2017-07-31","2017-08-06",NA,NA,1,0,0,164,79,"CN",2017,0,0,"2017-08-03",2017,"2011-2024",5597,5602,0,0,0,0,NA,0,1,0,1,0
"2677",4941,"CN_2017_29_1",7765,1,1,"2017-07-12","2017-07-14","2017-08-19","2017-08-21",1,1,1,164,40,"CN",2017,1,1,"2017-07-13",2017,"2011-2024",3462,5590,1,1,0,1,1,1,1,1,1,1
"2678",4943,"CN_2017_123_2",7767,2,2,"2017-07-28","2017-08-01",NA,NA,1,1,0,164,172,"CN",2017,0,0,"2017-07-30",2017,"2011-2024",5621,6171,1,0,3,0,NA,0,1,0,1,0
"2679",4944,"CN_2017_7_1",7768,1,1,"2017-07-19","2017-07-25",NA,NA,1,1,0,164,12,"CN",2017,0,0,"2017-07-22",2017,"2011-2024",6700,6645,0,0,2,0,NA,0,1,0,1,0
"2680",4945,"CN_2017_21_1",7769,1,1,"2017-08-02","2017-08-06","2017-09-08","2017-09-11",1,1,0,164,27,"CN",2017,0,0,"2017-08-04",2017,"2011-2024",6279,3087,0,0,1,0,NA,0,1,0,1,0
"2681",4946,"CN_2017_11_1",7770,1,1,"2017-07-25","2017-07-29","2017-09-01","2017-09-04",1,1,1,164,16,"CN",2017,1,1,"2017-07-27",2017,"2011-2024",6199,6570,1,0,2,0,NA,1,1,1,1,1
"2682",4948,"CN_2017_129_2",7771,2,1,"2017-08-10","2017-08-10",NA,NA,1,0,0,164,480,"CN",2017,0,0,"2017-08-10",2017,"2011-2024",6658,4860,0,0,2,0,NA,0,1,0,1,0
"2683",4949,"CN_2017_120_1",7772,1,1,"2017-06-13","2017-06-18","2017-07-22","2017-07-26",1,1,1,164,177,"CN",2017,1,1,"2017-06-15",2017,"2011-2024",5545,6565,1,1,3,0,NA,1,1,1,1,1
"2684",4950,"CN_2017_94.2_1",7773,1,1,"2017-06-11","2017-06-18","2017-07-20","2017-07-22",1,1,1,164,140,"CN",2017,1,1,"2017-06-14",2017,"2011-2024",6169,6170,1,0,3,1,1,1,1,1,1,1
"2685",4951,"CN_2017_129.1_1",7774,1,1,"2017-08-05","2017-08-07",NA,NA,1,1,0,164,740,"CN",2017,0,0,"2017-08-06",2017,"2011-2024",6550,6697,0,0,1,0,NA,0,1,0,1,0
"2686",4952,"CN_2017_54_1",7775,1,1,"2017-07-28","2017-08-01",NA,NA,1,0,0,164,81,"CN",2017,0,0,"2017-07-30",2017,"2011-2024",5537,4947,0,0,2,0,NA,0,1,0,1,0
"2687",4953,"CN_2017_52.1_2",7737,2,2,"2017-07-28","2017-08-01",NA,NA,1,0,0,164,77,"CN",2017,0,0,"2017-07-30",2017,"2011-2024",4958,5626,0,0,1,0,NA,0,1,0,1,0
"2688",4954,"CN_2017_51.2_1",7776,1,1,"2017-07-10","2017-07-15","2017-08-18","2017-08-22",1,1,1,164,75,"CN",2017,1,1,"2017-07-12",2017,"2011-2024",6139,6018,1,2,2,1,1,1,1,1,1,1
"2689",4956,"CN_2017_85_2",7777,2,1,"2017-08-09","2017-08-12",NA,NA,1,0,0,164,125,"CN",2017,0,0,"2017-08-10",2017,"2011-2024",3596,1877,0,2,0,0,NA,0,1,0,1,0
"2690",4957,"CN_2017_64_1",7778,1,1,"2017-07-07","2017-07-15","2017-08-15","2017-08-18",1,1,1,164,95,"CN",2017,1,1,"2017-07-11",2017,"2011-2024",6181,4872,1,0,0,0,NA,1,1,1,1,1
"2691",4958,"CN_2017_102_2",7779,2,1,"2017-08-03","2017-08-09",NA,NA,1,0,0,164,157,"CN",2017,0,0,"2017-08-06",2017,"2011-2024",5075,5583,0,0,0,0,NA,0,1,0,1,0
"2692",4959,"CN_2017_117_1",7780,1,1,"2017-08-06","2017-08-09",NA,NA,1,1,0,164,174,"CN",2017,0,0,"2017-08-07",2017,"2011-2024",5162,5077,0,0,1,0,NA,0,1,0,1,0
"2693",4961,"CN_2017_24_1",7782,1,1,"2017-08-11","2017-08-16",NA,NA,1,1,NA,164,32,"CN",2017,NA,NA,"2017-08-13",2017,"2011-2024",3497,6557,0,0,2,0,NA,0,1,0,1,0
"2694",4962,"CN_2017_108_2",7783,2,2,"2017-08-08","2017-08-10","2017-09-11","2017-09-16",2,2,2,164,165,"CN",2017,1,1,"2017-08-09",2017,"2011-2024",5634,6567,3,1,1,2,2,2,2,1,1,1
"2695",4962,"CN_2017_108_2",7783,2,2,"2017-08-08","2017-08-10","2017-09-11","2017-09-16",2,2,2,164,165,"CN",2017,1,1,"2017-08-09",2017,"2011-2024",5634,6567,3,1,1,2,2,2,2,1,2,1
"2696",4963,"CN_2017_33.1_1",7784,1,1,"2017-07-16","2017-07-20",NA,NA,1,1,0,164,48,"CN",2017,0,0,"2017-07-18",2017,"2011-2024",6274,6213,0,2,1,0,NA,0,1,0,1,0
"2697",4964,"CN_2017_34.5_1",7785,1,1,"2017-07-16","2017-07-23",NA,NA,1,1,0,164,50,"CN",2017,0,0,"2017-07-19",2017,"2011-2024",6660,6548,0,0,3,0,NA,0,1,0,1,0
"2698",4965,"CN_2017_33_1",7786,1,1,"2017-08-13","2017-08-15",NA,NA,1,0,0,164,47,"CN",2017,0,0,"2017-08-14",2017,"2011-2024",6138,5513,0,0,2,0,NA,0,1,0,1,0
"2699",4967,"CN_2017_58_2",7752,2,NA,"2017-08-06","2017-08-10","2017-09-11","2017-09-13",1,1,1,164,86,"CN",2017,1,1,"2017-08-08",2017,"2011-2024",6143,3089,1,1,3,0,NA,1,1,1,1,1
"2700",4970,"CN_2017_15_1",7789,1,1,"2017-08-04","2017-08-07","2017-09-12","2017-09-14",1,1,1,164,20,"CN",2017,1,1,"2017-08-05",2017,"2011-2024",6673,6045,1,0,1,0,NA,1,1,1,1,1
"2701",4972,"CN_2017_46.1_1",7791,1,1,"2017-07-30","2017-08-03","2017-09-05","2017-09-07",1,1,1,164,64,"CN",2017,1,1,"2017-08-01",2017,"2011-2024",6187,6261,1,0,0,0,NA,1,1,1,1,1
"2702",4973,"CN_2017_86.1_1",7792,1,NA,"2017-07-26","2017-08-10",NA,NA,1,0,0,164,636,"CN",2017,0,0,"2017-08-02",2017,"2011-2024",6188,6574,0,0,2,0,NA,0,1,0,1,0
"2703",4974,"CN_2017_45_2",7793,2,2,"2017-07-26","2017-07-28","2017-09-04","2017-09-06",2,2,2,164,62,"CN",2017,1,1,"2017-07-27",2017,"2011-2024",6214,5291,3,1,0,0,NA,2,2,1,1,1
"2704",4974,"CN_2017_45_2",7793,2,2,"2017-07-26","2017-07-28","2017-09-04","2017-09-06",2,2,2,164,62,"CN",2017,1,1,"2017-07-27",2017,"2011-2024",6214,5291,3,1,0,0,NA,2,2,1,2,1
"2705",4975,"CN_2017_130_2",7742,2,2,"2017-08-12","2017-08-14",NA,NA,1,1,0,164,479,"CN",2017,0,0,"2017-08-13",2017,"2011-2024",5549,5612,1,1,1,0,NA,0,1,0,1,0
"2706",4976,"CN_2017_49_2",7794,2,2,"2017-08-09","2017-08-10",NA,"2017-09-12",1,1,1,164,70,"CN",2017,1,1,"2017-08-09",2017,"2011-2024",6652,6166,2,0,1,0,NA,1,1,1,1,1
"2707",4978,"CN_2017_32_2",7747,2,2,"2017-08-13","2017-08-18",NA,NA,1,1,NA,164,45,"CN",2017,NA,NA,"2017-08-15",2017,"2011-2024",5465,6231,2,1,1,0,NA,0,1,0,1,0
"2708",4979,"CN_2017_25.1_3",7781,3,1,"2017-08-17","2017-08-22",NA,NA,1,1,0,164,617,"CN",2017,0,0,"2017-08-19",2017,"2011-2024",5823,6556,0,0,2,0,NA,0,1,0,1,0
"2709",4980,"CN_2017_46_3",7796,2,2,"2017-07-23","2017-07-24",NA,NA,1,1,NA,164,63,"CN",2017,NA,NA,"2017-07-23",2017,"2011-2024",5901,6019,1,1,3,0,NA,0,1,0,1,0
"2710",4981,"CN_2017_47.1_2",7748,2,2,"2017-07-27","2017-08-04","2017-09-04","2017-09-07",1,1,1,164,68,"CN",2017,1,1,"2017-07-31",2017,"2011-2024",6191,6164,1,2,0,0,NA,1,1,1,1,1
"2711",4982,"CN_2017_101_3",7787,3,2,"2017-08-23","2017-08-24",NA,NA,1,1,NA,164,154,"CN",2017,NA,NA,"2017-08-23",2017,"2011-2024",6009,6249,1,0,1,0,NA,0,1,0,1,0
"2712",4988,"CN_2017_1.2_1",7801,1,1,"2017-06-13","2017-06-20","2017-07-22","2017-07-26",1,1,1,164,616,"CN",2017,1,1,"2017-06-16",2017,"2011-2024",6034,5853,1,0,2,1,1,1,1,1,1,1
"2713",4989,"CN_2017_37_1",7802,1,1,"2017-07-26","2017-07-28","2017-08-28","2017-08-31",1,1,1,164,53,"CN",2017,1,1,"2017-07-27",2017,"2011-2024",3094,5855,1,0,2,0,NA,1,1,1,1,1
"2714",4991,"CN_2017_57.1",7803,1,1,"2017-08-01","2017-08-04",NA,NA,1,0,0,164,85,"CN",2017,0,0,"2017-08-02",2017,"2011-2024",6044,6222,1,0,2,0,NA,0,1,0,1,0
"2715",4993,"CN_2017_87.1_1",7823,1,1,"2017-07-31","2017-08-04","2017-09-05","2017-09-07",1,1,1,164,128,"CN",2017,1,1,"2017-08-02",2017,"2011-2024",5644,5904,2,0,9,1,1,1,1,1,1,1
"2716",4994,"CN_2017_68_2",7804,2,2,"2017-08-19","2017-08-20",NA,NA,1,1,NA,164,100,"CN",2017,NA,NA,"2017-08-19",2017,"2011-2024",6061,5547,1,0,2,0,NA,0,1,0,1,0
"2717",4995,"CN_2017_77_2",7741,2,2,"2017-08-06","2017-08-11",NA,NA,1,1,NA,164,110,"CN",2017,NA,NA,"2017-08-08",2017,"2011-2024",6186,6384,1,0,2,0,NA,0,1,0,1,0
"2718",4998,"CN_2017_34.5_2",7785,2,2,"2017-08-03","2017-08-21",NA,NA,1,0,0,164,50,"CN",2017,0,0,"2017-08-12",2017,"2011-2024",6660,6548,0,0,3,0,NA,0,1,0,1,0
"2719",4999,"CN_2017_69_1",7806,1,1,"2017-08-28","2017-08-30",NA,NA,1,0,0,164,101,"CN",2017,0,0,"2017-08-29",2017,"2011-2024",5128,6381,0,0,3,0,NA,0,1,0,1,0
"2720",5000,"CN_2017_84_3",7736,3,2,"2017-09-01","2017-09-05",NA,NA,1,0,0,164,123,"CN",2017,0,0,"2017-09-03",2017,"2011-2024",5749,5639,1,1,3,0,NA,0,1,0,1,0
"2721",5003,"CN_2017_22_2",7807,2,2,"2017-08-09","2017-08-21",NA,NA,1,1,NA,164,28,"CN",2017,NA,NA,"2017-08-15",2017,"2011-2024",5843,6230,1,1,1,0,NA,0,1,0,1,0
"2722",5006,"CN_2017_6_1",7809,1,NA,"2017-04-19","2017-05-07","2017-05-29","2017-06-12",1,1,1,164,9,"CN",2017,1,1,"2017-04-28",2017,"2011-2024",1826,5624,1,0,0,0,NA,1,1,1,1,1
"2723",5007,"CN_2017_6_2",7809,2,NA,"2017-08-03","2017-08-21",NA,NA,1,0,0,164,9,"CN",2017,0,0,"2017-08-12",2017,"2011-2024",1826,5624,1,0,0,0,NA,0,1,0,1,0
"2724",5008,"CN_2017_8_1",7810,1,1,"2017-05-21","2017-06-02","2017-06-29","2017-07-12",1,1,1,164,13,"CN",2017,1,1,"2017-05-27",2017,"2011-2024",6229,6155,1,0,4,0,NA,1,1,1,1,1
"2725",5010,"CN_2017_20_1",7811,1,1,"2017-06-04","2017-06-15","2017-07-13","2017-07-20",1,1,1,164,26,"CN",2017,1,1,"2017-06-09",2017,"2011-2024",6160,5595,1,0,0,0,NA,1,1,1,1,1
"2726",5011,"CN_2017_22_1",7807,1,1,"2017-06-02","2017-06-08","2017-07-08","2017-07-12",1,1,1,164,28,"CN",2017,1,1,"2017-06-05",2017,"2011-2024",5843,6230,1,1,1,0,NA,1,1,1,1,1
"2727",5012,"CN_2017_26_1",7805,1,1,"2017-05-06","2017-05-18","2017-06-15","2017-06-24",1,1,1,164,34,"CN",2017,1,1,"2017-05-12",2017,"2011-2024",5833,6219,1,0,2,1,NA,1,1,1,1,1
"2728",5013,"CN_2017_30.2_1",7808,1,1,"2017-05-31","2017-06-13","2017-07-10","2017-07-20",1,1,1,164,43,"CN",2017,1,1,"2017-06-06",2017,"2011-2024",6211,6011,1,0,0,0,NA,1,1,1,1,1
"2729",5015,"CN_2017_35.1_1",7812,1,1,"2017-05-14","2017-06-01","2017-06-23","2017-07-07",2,2,2,164,618,"CN",2017,1,1,"2017-05-23",2017,"2011-2024",6036,6163,2,1,2,2,2,2,2,1,1,1
"2730",5015,"CN_2017_35.1_1",7812,1,1,"2017-05-14","2017-06-01","2017-06-23","2017-07-07",2,2,2,164,618,"CN",2017,1,1,"2017-05-23",2017,"2011-2024",6036,6163,2,1,2,2,2,2,2,1,2,1
"2731",5016,"CN_2017_39_1",7766,1,1,"2017-04-16","2017-05-03","2017-05-26","2017-06-09",1,1,1,164,55,"CN",2017,1,1,"2017-04-24",2017,"2011-2024",5641,5776,1,1,3,1,NA,1,1,1,1,1
"2732",5018,"CN_2017_42_1",7813,1,1,"2017-06-14","2017-06-20","2017-07-22","2017-07-26",1,1,1,164,59,"CN",2017,1,1,"2017-06-17",2017,"2011-2024",6048,6158,1,0,1,1,1,1,1,1,1,1
"2733",5019,"CN_2017_45_1",7793,1,1,"2017-05-11","2017-05-25","2017-06-20","2017-06-30",1,1,1,164,62,"CN",2017,1,1,"2017-05-18",2017,"2011-2024",6214,5291,3,1,0,1,1,1,1,1,1,1
"2734",5020,"CN_2017_46_2",7796,1,1,"2017-04-11","2017-04-29","2017-05-21","2017-06-04",1,1,1,164,63,"CN",2017,1,1,"2017-04-20",2017,"2011-2024",5901,6019,1,1,3,1,NA,1,1,1,1,1
"2735",5021,"CN_2017_47.2_1",7814,1,1,"2017-05-13","2017-05-21","2017-06-22","2017-06-26",1,1,1,164,602,"CN",2017,1,1,"2017-05-17",2017,"2011-2024",6068,5826,1,0,0,1,NA,1,1,1,1,1
"2736",5022,"CN_2017_47.2_2",7814,2,2,"2017-08-10","2017-08-17",NA,NA,1,0,0,164,602,"CN",2017,0,0,"2017-08-13",2017,"2011-2024",6068,5826,1,0,0,0,NA,0,1,0,1,0
"2737",5023,"CN_2017_49_1",7794,1,1,"2017-04-19","2017-05-07","2017-05-29","2017-06-12",1,1,1,164,70,"CN",2017,1,1,"2017-04-28",2017,"2011-2024",6652,6166,2,0,1,1,NA,1,1,1,1,1
"2738",5024,"CN_2017_50.1_1",7815,1,1,"2017-05-26","2017-06-02","2017-07-04","2017-07-06",1,1,1,164,72,"CN",2017,1,1,"2017-05-29",2017,"2011-2024",5452,6029,1,0,1,1,1,1,1,1,1,1
"2739",5025,"CN_2017_53.2_1",7816,1,1,"2017-05-18","2017-05-24","2017-06-25","2017-06-30",1,1,1,164,633,"CN",2017,1,1,"2017-05-21",2017,"2011-2024",5589,6267,1,0,1,1,1,1,1,1,1,1
"2740",5026,"CN_2017_55_1",7817,1,1,"2017-06-23","2017-06-29","2017-07-29","2017-08-02",1,1,1,164,82,"CN",2017,1,1,"2017-06-26",2017,"2011-2024",5530,6222,1,0,0,0,NA,1,1,1,1,1
"2741",5027,"CN_2017_55.1_1",7818,1,1,"2017-06-04","2017-06-10","2017-07-10","2017-07-14",1,1,1,164,637,"CN",2017,1,1,"2017-06-07",2017,"2011-2024",6272,6221,1,0,0,1,1,1,1,1,1,1
"2742",5028,"CN_2017_60.1_1",7819,1,1,"2017-05-05","2017-05-19","2017-06-12","2017-06-26",1,1,1,164,90,"CN",2017,1,1,"2017-05-12",2017,"2011-2024",3595,5292,1,0,0,1,1,1,1,1,1,1
"2743",5029,"CN_2017_63_1",7820,1,1,"2017-05-05","2017-05-19","2017-06-12","2017-06-26",1,1,1,164,94,"CN",2017,1,1,"2017-05-12",2017,"2011-2024",5845,6167,1,0,3,1,NA,1,1,1,1,1
"2744",5030,"CN_2017_68_1",7804,1,1,"2017-05-27","2017-05-30","2017-07-06","2017-07-06",1,1,1,164,100,"CN",2017,1,1,"2017-05-28",2017,"2011-2024",6061,5547,1,0,2,1,1,1,1,1,1,1
"2745",5032,"CN_2017_82.1_1",7822,1,1,"2017-08-05","2017-08-08",NA,NA,1,0,0,164,118,"CN",2017,0,0,"2017-08-06",2017,"2011-2024",3698,6760,0,0,3,0,NA,0,1,0,1,0
"2746",5035,"CN_2017_86_3",7756,3,3,"2017-08-19","2017-08-22",NA,NA,1,1,NA,164,126,"CN",2017,NA,NA,"2017-08-20",2017,"2011-2024",6022,6708,0,0,1,0,NA,0,1,0,1,0
"2747",5036,"CN_2017_87_2",7762,2,1,"2017-08-12","2017-08-16",NA,NA,1,1,NA,164,127,"CN",2017,NA,NA,"2017-08-14",2017,"2011-2024",4965,6313,0,0,2,1,1,0,1,0,1,0
"2748",5037,"CN_2017_92_1",7824,1,1,"2017-05-21","2017-06-02","2017-06-28","2017-07-10",1,1,1,164,134,"CN",2017,1,1,"2017-05-27",2017,"2011-2024",6377,5456,1,0,1,1,1,1,1,1,1,1
"2749",5038,"CN_2017_93_2",7754,2,2,"2017-07-20","2017-08-04",NA,NA,1,1,0,164,137,"CN",2017,0,0,"2017-07-27",2017,"2011-2024",6773,6649,0,0,1,0,NA,0,1,0,1,0
"2750",5040,"CN_2017_94_2",7825,2,1,"2017-08-12","2017-08-31",NA,NA,1,0,0,164,138,"CN",2017,0,0,"2017-08-21",2017,"2011-2024",5600,6196,0,0,2,0,NA,0,1,0,1,0
"2751",5041,"CN_2017_101_1",7787,1,1,"2017-05-18","2017-05-24","2017-06-25","2017-06-29",1,1,1,164,154,"CN",2017,1,1,"2017-05-21",2017,"2011-2024",6009,6249,1,0,1,1,NA,1,1,1,1,1
"2752",5043,"CN_2017_103.1_1",7826,1,1,"2017-05-16","2017-05-24","2017-06-25","2017-06-29",1,1,1,164,159,"CN",2017,1,1,"2017-05-20",2017,"2011-2024",4861,5583,1,0,3,1,1,1,1,1,1,1
"2753",5045,"CN_2017_108_1",7783,1,1,"2017-04-22","2017-05-15","2017-05-31","2017-06-21",1,1,1,164,165,"CN",2017,1,1,"2017-05-03",2017,"2011-2024",5634,6567,3,1,1,1,1,1,1,1,1,1
"2754",5046,"CN_2017_112_2",7751,2,2,"2017-08-06","2017-08-08",NA,NA,1,0,0,164,169,"CN",2017,0,0,"2017-08-07",2017,"2011-2024",6670,5821,0,0,1,0,NA,0,1,0,1,0
"2755",5047,"CN_2017_116_1",7827,1,1,"2017-06-16","2017-06-22","2017-07-22","2017-07-26",1,1,1,164,173,"CN",2017,1,1,"2017-06-19",2017,"2011-2024",6233,6172,1,0,1,0,NA,1,1,1,1,1
"2756",5049,"CN_2017_121_1",7828,1,1,"2017-05-14","2017-05-28","2017-06-22","2017-07-03",1,1,1,164,178,"CN",2017,1,1,"2017-05-21",2017,"2011-2024",5511,6653,1,0,1,1,1,1,1,1,1,1
"2757",5050,"CN_2017_123_1",7767,1,1,"2017-05-08","2017-05-25","2017-06-16","2017-06-30",1,1,1,164,172,"CN",2017,1,1,"2017-05-16",2017,"2011-2024",5621,6171,1,0,3,0,NA,1,1,1,1,1
"2758",5051,"CN_2017_126_1",7744,1,1,"2017-04-17","2017-05-04","2017-05-26","2017-06-09",1,1,1,164,407,"CN",2017,1,1,"2017-04-25",2017,"2011-2024",6028,3456,2,0,1,1,1,1,1,1,1,1
"2759",5052,"CN_2017_127_1",7829,1,1,"2017-05-15","2017-05-30","2017-06-23","2017-07-05",1,1,1,164,478,"CN",2017,1,1,"2017-05-22",2017,"2011-2024",5683,6375,1,0,1,1,1,1,1,1,1,1
"2760",5053,"CN_2017_127_2",7829,2,2,NA,"2017-08-15",NA,NA,1,1,NA,164,478,"CN",2017,NA,NA,"2017-08-15",2017,"2011-2024",5683,6375,1,0,1,0,NA,0,1,0,1,0
"2761",5054,"CN_2017_133_1",7830,1,1,"2017-05-19","2017-05-30","2017-06-27","2017-07-05",1,1,1,164,481,"CN",2017,1,1,"2017-05-24",2017,"2011-2024",5635,6193,1,1,0,1,1,1,1,1,1,1
"2762",5055,"CN_2017_137_1",7831,1,1,"2017-08-03","2017-08-09",NA,NA,1,0,0,164,662,"CN",2017,0,0,"2017-08-06",2017,"2011-2024",6064,6152,0,0,0,0,NA,0,1,0,1,0
"2763",5056,"CN_2017_140_1",7832,1,1,"2017-05-16","2017-05-30","2017-06-24","2017-07-05",1,1,1,164,738,"CN",2017,1,1,"2017-05-23",2017,"2011-2024",6551,6200,1,0,0,1,1,1,1,1,1,1
"2764",5058,"CN_2018_87.1_1",7847,1,1,"2018-01-26","2018-02-01",NA,NA,1,0,0,166,128,"CN",2018,0,0,"2018-01-29",2018,"2011-2024",5644,5904,0,1,1,0,NA,0,1,0,1,0
"2765",5059,"CN_2018_50.1_1",7848,1,1,"2018-01-18","2018-02-02",NA,NA,1,0,0,166,72,"CN",2018,0,0,"2018-01-25",2018,"2011-2024",5452,6029,0,0,0,0,NA,0,1,0,1,0
"2766",5060,"CN_2018_101_1",7849,1,1,"2017-12-31","2018-01-10","2018-02-08","2018-02-13",1,1,1,166,154,"CN",2018,1,1,"2018-01-05",2018,"2011-2024",6009,6249,1,0,2,0,NA,1,1,1,1,1
"2767",5061,"CN_2018_103.1_1",7850,1,1,"2018-01-29","2018-02-02","2018-03-05","2018-03-05",1,1,1,166,159,"CN",2018,1,1,"2018-01-31",2018,"2011-2024",4861,5583,2,0,1,0,NA,1,1,1,1,1
"2768",5062,"CN_2018_7_2",7851,1,1,"2018-02-12","2018-02-16",NA,NA,1,1,0,166,12,"CN",2018,0,0,"2018-02-14",2018,"2011-2024",6700,6645,0,0,0,0,NA,0,1,0,1,0
"2769",5063,"CN_2018_93_1",7852,1,1,"2018-02-02","2018-02-05",NA,NA,1,0,0,166,137,"CN",2018,0,0,"2018-02-03",2018,"2011-2024",6773,6649,0,0,2,0,NA,0,1,0,1,0
"2770",5064,"CN_2018_92_1",7853,1,1,"2017-12-29","2018-01-20",NA,NA,1,1,0,166,134,"CN",2018,0,0,"2018-01-09",2018,"2011-2024",6377,5456,0,0,1,0,NA,0,1,0,1,0
"2771",5065,"CN_2018_30.2_1",7854,1,1,"2018-02-16","2018-02-19",NA,NA,1,1,0,166,43,"CN",2018,0,0,"2018-02-17",2018,"2011-2024",6211,6011,0,0,3,0,NA,0,1,0,1,0
"2772",5068,"CN_2018_130_1",7857,1,1,"2018-02-01","2018-02-07",NA,NA,1,0,0,166,479,"CN",2018,0,0,"2018-02-04",2018,"2011-2024",5549,5612,0,1,2,0,NA,0,1,0,1,0
"2773",5069,"CN_2018_25.1_1",7858,1,1,"2018-02-15","2018-02-20",NA,NA,1,1,0,166,617,"CN",2018,0,0,"2018-02-17",2018,"2011-2024",5823,6556,1,0,2,0,NA,0,1,0,1,0
"2774",5070,"CN_2018_129_1",7859,1,1,"2018-02-09","2018-02-09",NA,NA,1,1,0,166,480,"CN",2018,0,0,"2018-02-09",2018,"2011-2024",6658,4860,0,0,2,0,NA,0,1,0,1,0
"2775",5071,"CN_2018_43_1",7860,1,1,"2018-02-12","2018-02-17",NA,NA,1,1,0,166,60,"CN",2018,0,0,"2018-02-14",2018,"2011-2024",6568,5523,1,0,0,0,NA,0,1,0,1,0
"2776",5072,"CN_2018_1_1",7861,1,1,"2018-02-11","2018-02-11",NA,NA,1,0,0,166,1,"CN",2018,0,0,"2018-02-11",2018,"2011-2024",6215,6144,0,0,1,0,NA,0,1,0,1,0
"2777",5073,"CN_2018_41_1",7862,1,1,"2018-02-18","2018-02-19",NA,NA,1,0,0,166,57,"CN",2018,0,0,"2018-02-18",2018,"2011-2024",5514,5321,0,0,3,0,NA,0,1,0,1,0
"2778",5074,"CN_2018_102_1",7863,1,1,"2018-01-13","2018-01-25","2018-02-21","2018-02-28",1,1,1,166,157,"CN",2018,1,1,"2018-01-19",2018,"2011-2024",5075,5583,1,1,1,0,NA,1,1,1,1,1
"2779",5075,"CN_2018_6_1",7864,1,1,"2018-02-17","2018-03-07",NA,NA,1,0,0,166,9,"CN",2018,0,0,"2018-02-26",2018,"2011-2024",1826,5624,0,0,1,0,NA,0,1,0,1,0
"2780",5076,"CN_2018_116_1",7865,1,1,"2018-02-01","2018-02-19",NA,NA,1,1,0,166,173,"CN",2018,0,0,"2018-02-10",2018,"2011-2024",6233,6172,0,0,1,0,NA,0,1,0,1,0
"2781",5079,"CN_2018_69_1",7917,1,1,"2017-12-25","2017-12-31","2018-01-30","2018-02-03",1,1,1,166,101,"CN",2018,1,1,"2017-12-28",2017,"2011-2024",5128,6381,1,0,2,0,NA,1,1,1,1,1
"2782",5080,"CN_2018_140_1",7953,1,1,"2017-12-25","2017-12-31","2018-01-30","2018-02-03",1,1,1,166,738,"CN",2018,1,1,"2017-12-28",2017,"2011-2024",6551,6200,1,0,1,0,NA,1,1,1,1,1
"2783",5083,"CN_2018_67_1",7915,1,1,"2017-12-30","2018-01-05","2018-02-04","2018-02-08",1,1,1,166,99,"CN",2018,1,1,"2018-01-02",2018,"2011-2024",5851,6032,1,0,1,0,NA,1,1,1,1,1
"2784",5084,"CN_2018_1.1_1",7866,1,1,"2018-01-03","2018-01-09","2018-02-08","2018-02-12",1,1,1,166,2,"CN",2018,1,1,"2018-01-06",2018,"2011-2024",6690,6385,1,0,2,0,NA,1,1,1,1,1
"2785",5085,"CN_2018_55.1_1",7906,1,1,"2018-01-10","2018-01-16","2018-02-15","2018-02-19",1,1,1,166,637,"CN",2018,1,1,"2018-01-13",2018,"2011-2024",6272,6221,1,0,2,0,NA,1,1,1,1,1
"2786",5086,"CN_2018_65_1",7913,1,1,"2018-01-13","2018-01-19","2018-02-18","2018-02-22",1,1,1,166,96,"CN",2018,1,1,"2018-01-16",2018,"2011-2024",5521,6146,1,0,1,0,NA,1,1,1,1,1
"2787",5087,"CN_2018_52.1_1",7902,1,1,"2018-01-14","2018-01-20","2018-02-19","2018-02-23",1,1,1,166,77,"CN",2018,1,1,"2018-01-17",2018,"2011-2024",4958,5626,1,0,0,0,NA,1,1,1,1,1
"2788",5089,"CN_2018_39_1",7892,1,1,"2018-01-20","2018-01-26","2018-02-25","2018-03-01",1,1,1,166,55,"CN",2018,1,1,"2018-01-23",2018,"2011-2024",6737,5776,1,0,2,0,NA,1,1,1,1,1
"2789",5090,"CN_2018_18_1",7873,1,1,"2018-01-21","2018-01-27","2018-02-26","2018-03-02",1,1,1,166,24,"CN",2018,1,1,"2018-01-24",2018,"2011-2024",5630,2966,1,0,1,0,NA,1,1,1,1,1
"2790",5092,"CN_2018_56_1",7907,1,1,"2018-01-25","2018-01-31","2018-03-02","2018-03-06",1,1,1,166,83,"CN",2018,1,1,"2018-01-28",2018,"2011-2024",6378,5822,1,0,6,0,NA,1,1,1,1,1
"2791",5093,"CN_2018_35.1_1",7890,1,1,"2018-01-26","2018-02-01","2018-03-03","2018-03-07",2,2,2,166,618,"CN",2018,1,1,"2018-01-29",2018,"2011-2024",6036,6163,2,1,3,1,1,2,2,1,1,1
"2792",5093,"CN_2018_35.1_1",7890,1,1,"2018-01-26","2018-02-01","2018-03-03","2018-03-07",2,2,2,166,618,"CN",2018,1,1,"2018-01-29",2018,"2011-2024",6036,6163,2,1,3,1,1,2,2,1,2,1
"2793",5094,"CN_2018_86.1_1",7931,1,1,"2018-01-27","2018-02-02","2018-03-04","2018-03-08",1,1,1,166,636,"CN",2018,1,1,"2018-01-30",2018,"2011-2024",6188,6574,1,0,1,0,NA,1,1,1,1,1
"2794",5095,"CN_2018_33.1_1",7888,1,1,"2018-01-25","2018-01-31","2018-03-02","2018-03-06",1,1,1,166,48,"CN",2018,1,1,"2018-01-28",2018,"2011-2024",6274,6213,1,0,2,0,NA,1,1,1,1,1
"2795",5096,"CN_2018_92_2",7958,1,1,"2018-05-15","2018-05-27","2018-06-24","2018-06-30",1,1,1,167,134,"CN",2018,1,1,"2018-05-21",2018,"2011-2024",6377,5456,1,0,2,1,NA,1,1,1,1,1
"2796",5097,"CN_2018_133_1",7959,1,1,"2018-06-21","2018-06-21","2018-07-31","2018-08-13",1,1,1,167,481,"CN",2018,1,1,"2018-06-21",2018,"2011-2024",5635,6193,2,0,2,0,NA,1,1,1,1,1
"2797",5098,"CN_2018_1.2_2",7960,1,1,"2018-06-23","2018-06-30","2018-07-28","2018-08-03",1,1,1,167,616,"CN",2018,1,1,"2018-06-26",2018,"2011-2024",6034,5853,1,2,1,1,NA,1,1,1,1,1
"2798",5099,"CN_2018_30.2_2",7961,2,2,"2018-07-22","2018-07-24","2018-08-28","2018-08-29",2,2,2,167,43,"CN",2018,1,1,"2018-07-23",2018,"2011-2024",6211,6011,2,2,0,0,NA,2,2,1,1,1
"2799",5099,"CN_2018_30.2_2",7961,2,2,"2018-07-22","2018-07-24","2018-08-28","2018-08-29",2,2,2,167,43,"CN",2018,1,1,"2018-07-23",2018,"2011-2024",6211,6011,2,2,0,0,NA,2,2,1,2,1
"2800",5102,"CN_2018_121_1",7964,1,1,"2018-08-02","2018-08-05",NA,NA,1,0,0,167,178,"CN",2018,0,0,"2018-08-03",2018,"2011-2024",6744,6653,0,0,3,0,NA,0,1,0,1,0
"2801",5103,"CN_2018_1.1_2",7965,1,1,"2018-07-21","2018-07-23","2018-08-25","2018-08-27",1,1,1,167,2,"CN",2018,1,1,"2018-07-22",2018,"2011-2024",6690,6385,1,0,2,0,NA,1,1,1,1,1
"2802",5104,"CN_2018_2_1",7966,1,1,"2018-07-17","2018-07-20","2018-08-22","2018-08-27",1,1,1,167,3,"CN",2018,1,1,"2018-07-18",2018,"2011-2024",3086,5829,1,0,0,0,NA,1,1,1,1,1
"2803",5105,"CN_2018_28.1_1",7967,1,1,"2018-06-13","2018-06-21","2018-07-23","2018-07-30",1,1,1,167,39,"CN",2018,1,1,"2018-06-17",2018,"2011-2024",6546,6210,1,0,0,0,NA,1,1,1,1,1
"2804",5106,"CN_2018_41.1_1",7968,1,1,"2018-07-18","2018-07-20","2018-08-23","2018-08-28",1,1,1,167,58,"CN",2018,1,1,"2018-07-19",2018,"2011-2024",6554,5779,1,0,0,1,1,1,1,1,1,1
"2805",5107,"CN_2018_50.1_2",7969,1,1,"2018-07-11","2018-07-12","2018-08-08","2018-08-10",1,1,1,167,72,"CN",2018,1,1,"2018-07-11",2018,"2011-2024",5452,6029,1,0,1,0,NA,1,1,1,1,1
"2806",5108,"CN_2018_86_1",7970,1,1,"2018-07-02","2018-07-11",NA,NA,1,0,0,167,126,"CN",2018,0,0,"2018-07-06",2018,"2011-2024",6022,6708,1,1,2,0,NA,0,1,0,1,0
"2807",5109,"CN_2018_85_1",7971,2,1,"2018-07-05","2018-07-15",NA,NA,1,0,0,167,125,"CN",2018,0,0,"2018-07-10",2018,"2011-2024",3596,1877,0,1,1,0,NA,0,1,0,1,0
"2808",5111,"CN_2018_93_2",7973,1,1,"2018-07-05","2018-07-10","2018-08-11","2018-08-13",1,1,1,167,137,"CN",2018,1,1,"2018-07-07",2018,"2011-2024",6773,6649,1,0,2,0,NA,1,1,1,1,1
"2809",5113,"CN_2018_53_1",7974,1,1,"2018-07-27","2018-07-29",NA,NA,1,0,0,167,79,"CN",2018,0,0,"2018-07-28",2018,"2011-2024",5597,5602,0,0,0,0,NA,0,1,0,1,0
"2810",5114,"CN_2018_54_1",7975,1,1,"2018-07-03","2018-07-10","2018-08-10","2018-08-15",2,2,2,167,81,"CN",2018,1,1,"2018-07-06",2018,"2011-2024",5537,4947,2,1,0,0,NA,2,2,1,1,1
"2811",5114,"CN_2018_54_1",7975,1,1,"2018-07-03","2018-07-10","2018-08-10","2018-08-15",2,2,2,167,81,"CN",2018,1,1,"2018-07-06",2018,"2011-2024",5537,4947,2,1,0,0,NA,2,2,1,2,1
"2812",5115,"CN_2018_137_2",7976,1,1,"2018-06-29","2018-07-05","2018-08-08","2018-08-10",1,1,1,167,662,"CN",2018,1,1,"2018-07-02",2018,"2011-2024",6064,6152,1,0,1,1,1,1,1,1,1,1
"2813",5116,"CN_2018_55.1_2",7977,1,1,"2018-07-22","2018-07-26",NA,NA,1,0,0,167,637,"CN",2018,0,0,"2018-07-24",2018,"2011-2024",6272,6221,0,0,4,0,NA,0,1,0,1,0
"2814",5117,"CN_2018_57.1_1",7978,1,1,"2018-07-03","2018-07-07","2018-08-09","2018-08-10",1,1,1,167,85,"CN",2018,1,1,"2018-07-05",2018,"2011-2024",6044,6222,1,0,2,1,1,1,1,1,1,1
"2815",5118,"CN_2018_29_1",7979,1,1,"2018-07-08","2018-07-10","2018-08-10","2018-08-10",1,1,1,167,40,"CN",2018,1,1,"2018-07-09",2018,"2011-2024",3462,5590,1,0,2,0,NA,1,1,1,1,1
"2816",5119,"CN_2018_15_1",7980,1,1,"2018-07-07","2018-07-10","2018-08-15","2018-08-16",1,1,1,167,20,"CN",2018,1,1,"2018-07-08",2018,"2011-2024",6673,6045,1,1,0,1,1,1,1,1,1,1
"2817",5120,"CN_2018_6_2",7981,1,1,"2018-08-03","2018-08-05",NA,NA,1,0,0,167,9,"CN",2018,0,0,"2018-08-04",2018,"2011-2024",1826,5624,0,0,1,0,NA,0,1,0,1,0
"2818",5121,"CN_2018_21_1",7982,1,1,"2018-07-24","2018-07-27",NA,NA,1,0,0,167,27,"CN",2018,0,0,"2018-07-25",2018,"2011-2024",6279,3087,1,0,0,0,NA,0,1,0,1,0
"2819",5122,"CN_2018_32_1",7983,1,1,"2018-06-13","2018-06-23","2018-07-23","2018-08-03",2,2,2,167,45,"CN",2018,1,1,"2018-06-18",2018,"2011-2024",5465,6231,2,1,1,0,NA,2,2,1,1,1
"2820",5122,"CN_2018_32_1",7983,1,1,"2018-06-13","2018-06-23","2018-07-23","2018-08-03",2,2,2,167,45,"CN",2018,1,1,"2018-06-18",2018,"2011-2024",5465,6231,2,1,1,0,NA,2,2,1,2,1
"2821",5123,"CN_2018_130_2",7984,1,1,"2018-06-23","2018-06-29","2018-07-31","2018-08-06",1,1,1,167,479,"CN",2018,1,1,"2018-06-26",2018,"2011-2024",5549,5612,1,1,1,1,1,1,1,1,1,1
"2822",5124,"CN_2018_46.1_2",7985,1,1,"2018-06-30","2018-07-04","2018-07-31","2018-08-06",1,1,1,167,64,"CN",2018,1,1,"2018-07-02",2018,"2011-2024",6187,6261,1,1,1,1,1,1,1,1,1,1
"2823",5125,"CN_2018_20_1",7986,1,1,"2018-06-25","2018-07-02",NA,NA,1,1,0,167,26,"CN",2018,0,0,"2018-06-28",2018,"2011-2024",6160,5595,1,0,1,0,NA,0,1,0,1,0
"2824",5126,"CN_2018_51.2_2",7987,1,1,"2018-06-06","2018-06-10","2018-07-10","2018-07-14",1,1,1,167,75,"CN",2018,1,1,"2018-06-08",2018,"2011-2024",6139,6018,1,2,3,1,1,1,1,1,1,1
"2825",5127,"CN_2018_50_2",7988,1,1,"2018-06-16","2018-06-19","2018-07-18","2018-07-23",1,1,1,167,71,"CN",2018,1,1,"2018-06-17",2018,"2011-2024",5543,6370,1,1,5,0,NA,1,1,1,1,1
"2826",5129,"CN_2018_86.1_2",7990,1,1,"2018-07-15","2018-07-23","2018-09-01","2018-09-06",1,1,1,167,636,"CN",2018,1,1,"2018-07-19",2018,"2011-2024",6188,6574,1,0,2,0,NA,1,1,1,1,1
"2827",5130,"CN_2018_41_2",7991,1,1,"2018-07-09","2018-07-11",NA,NA,1,1,0,167,57,"CN",2018,0,0,"2018-07-10",2018,"2011-2024",6738,5321,0,3,0,0,NA,0,1,0,1,0
"2828",5131,"CN_2018_68_1",7992,2,1,"2018-07-21","2018-07-23","2018-08-27","2018-08-29",1,1,1,167,100,"CN",2018,1,1,"2018-07-22",2018,"2011-2024",6061,5547,1,0,1,1,1,1,1,1,1,1
"2829",5132,"CN_2018_102_2",7993,1,1,"2018-06-21","2018-06-29","2018-07-30","2018-08-02",1,1,1,167,157,"CN",2018,1,1,"2018-06-25",2018,"2011-2024",5075,5583,1,1,0,0,NA,1,1,1,1,1
"2830",5133,"CN_2018_65_2",7994,1,1,"2018-06-26","2018-06-29","2018-07-29","2018-07-30",1,1,1,167,96,"CN",2018,1,1,"2018-06-27",2018,"2011-2024",5521,6694,1,0,1,1,1,1,1,1,1,1
"2831",5134,"CN_2018_26_1",7995,1,1,"2018-06-16","2018-06-23","2018-07-26","2018-07-30",1,1,1,167,34,"CN",2018,1,1,"2018-06-19",2018,"2011-2024",5833,6219,1,0,1,0,NA,1,1,1,1,1
"2832",5135,"CN_2018_101_2",7996,1,1,"2018-06-27","2018-07-10",NA,NA,1,0,0,167,154,"CN",2018,0,0,"2018-07-03",2018,"2011-2024",6009,6249,0,0,3,0,NA,0,1,0,1,0
"2833",5136,"CN_2018_87.1_2",7997,1,1,"2018-06-09","2018-06-17","2018-07-19","2018-07-27",1,1,1,167,128,"CN",2018,1,1,"2018-06-13",2018,"2011-2024",5644,5904,1,1,1,1,1,1,1,1,1,1
"2834",5137,"CN_2018_77_2",7998,2,1,"2018-07-16","2018-07-21","2018-08-25","2018-08-31",1,1,1,167,110,"CN",2018,1,1,"2018-07-18",2018,"2011-2024",6186,6384,1,0,1,0,NA,1,1,1,1,1
"2835",5138,"CN_2018_39_2",7999,1,NA,"2018-07-25","2018-08-05",NA,NA,1,1,0,167,55,"CN",2018,0,0,"2018-07-30",2018,"2011-2024",6737,5776,0,0,3,0,NA,0,1,0,1,0
"2836",5139,"CN_2018_42_1",8000,1,1,"2018-06-07","2018-06-12","2018-07-14","2018-07-24",1,1,1,167,59,"CN",2018,1,1,"2018-06-09",2018,"2011-2024",6048,6158,1,1,0,1,NA,1,1,1,1,1
"2837",5140,"CN_2018_116_2",8001,1,1,NA,"2018-06-22","2018-08-02","2018-08-21",1,1,1,167,173,"CN",2018,1,1,"2018-06-22",2018,"2011-2024",6233,6172,1,0,1,0,NA,1,1,1,1,1
"2838",5141,"CN_2018_35.1_2",8002,1,NA,"2018-06-25","2018-06-29","2018-07-31","2018-08-02",2,2,2,167,618,"CN",2018,1,1,"2018-06-27",2018,"2011-2024",6036,6163,2,1,4,2,NA,2,2,1,1,1
"2839",5141,"CN_2018_35.1_2",8002,1,NA,"2018-06-25","2018-06-29","2018-07-31","2018-08-02",2,2,2,167,618,"CN",2018,1,1,"2018-06-27",2018,"2011-2024",6036,6163,2,1,4,2,NA,2,2,1,2,1
"2840",5142,"CN_2018_49_1",8003,1,1,"2018-06-20","2018-06-24","2018-07-18","2018-07-21",1,1,1,167,70,"CN",2018,1,1,"2018-06-22",2018,"2011-2024",6652,6166,1,0,2,1,NA,1,1,1,1,1
"2841",5144,"CN_2018_77.2_1",8005,1,1,"2018-06-23","2018-07-01","2018-08-02","2018-08-10",1,1,1,167,743,"CN",2018,1,1,"2018-06-27",2018,"2011-2024",6656,6761,1,0,6,0,NA,1,1,1,1,1
"2842",5145,"CN_2018_73.1_1",8006,1,1,"2018-07-11","2018-07-16",NA,NA,1,1,NA,167,742,"CN",2018,NA,NA,"2018-07-13",2018,"2011-2024",6665,6736,0,0,0,0,NA,0,1,0,1,0
"2843",5146,"CN_2018_103.1_2",8007,1,1,"2018-07-27","2018-07-29",NA,NA,1,1,0,167,159,"CN",2018,0,0,"2018-07-28",2018,"2011-2024",4861,5583,0,2,1,0,NA,0,1,0,1,0
"2844",5148,"CN_2018_50_3",7988,2,2,"2018-07-30","2018-08-02",NA,NA,1,0,0,167,71,"CN",2018,0,0,"2018-07-31",2018,"2011-2024",5543,6370,1,1,5,0,NA,0,1,0,1,0
"2845",5149,"CN_2018_43_2",8009,1,1,"2018-08-01","2018-08-03",NA,NA,1,1,0,167,60,"CN",2018,0,0,"2018-08-02",2018,"2011-2024",6568,5523,1,0,1,0,NA,0,1,0,1,0
"2846",5150,"CN_2018_52.1_2",8010,2,2,"2018-07-21","2018-07-29",NA,NA,1,0,0,167,77,"CN",2018,0,0,"2018-07-25",2018,"2011-2024",4958,5626,0,1,0,0,NA,0,1,0,1,0
"2847",5151,"CN_2018_10_1",8011,1,1,"2018-08-06","2018-08-09",NA,NA,1,1,0,167,15,"CN",2018,0,0,"2018-08-07",2018,"2011-2024",5657,1762,0,0,2,0,NA,0,1,0,1,0
"2848",5152,"CN_2018_47.2_1",8012,1,1,"2018-06-22","2018-06-30","2018-08-01","2018-08-03",1,1,1,167,602,"CN",2018,1,1,"2018-06-26",2018,"2011-2024",6068,5826,1,1,0,1,1,1,1,1,1,1
"2849",5156,"CN_2018_33.1_2",8016,1,1,"2018-08-09","2018-08-13",NA,NA,1,1,0,167,48,"CN",2018,0,0,"2018-08-11",2018,"2011-2024",6274,6213,0,2,1,0,NA,0,1,0,1,0
"2850",5157,"CN_2018_87_2",7989,2,2,"2018-08-02","2018-08-05",NA,NA,1,0,0,167,127,"CN",2018,0,0,"2018-08-03",2018,"2011-2024",4965,6313,0,1,1,0,NA,0,1,0,1,0
"2851",5158,"CN_2018_37_1",8017,2,2,"2018-07-21","2018-07-24","2018-08-30","2018-09-06",1,1,1,167,53,"CN",2018,1,1,"2018-07-22",2018,"2011-2024",3094,5855,1,1,0,0,NA,1,1,1,1,1
"2852",5159,"CN_2018_32.5_1",8018,1,1,"2018-07-20","2018-08-07",NA,NA,1,0,0,167,46,"CN",2018,0,0,"2018-07-29",2018,"2011-2024",5611,1868,0,0,0,0,NA,0,1,0,1,0
"2853",5160,"CN_2018_47.1_2",8019,2,2,"2018-07-30","2018-08-07",NA,NA,1,0,0,167,68,"CN",2018,0,0,"2018-08-03",2018,"2011-2024",6191,6164,0,0,3,0,NA,0,1,0,1,0
"2854",5161,"CN_2018_11_1",8020,1,1,"2018-07-13","2018-07-21","2018-08-22","2018-08-24",1,1,1,167,16,"CN",2018,1,1,"2018-07-17",2018,"2011-2024",6199,6570,1,0,0,0,NA,1,1,1,1,1
"2855",5162,"CN_2018_1_2",8021,2,1,"2018-07-16","2018-07-20","2018-08-19","2018-08-21",1,1,1,167,1,"CN",2018,1,1,"2018-07-18",2018,"2011-2024",6215,6144,1,1,0,1,1,1,1,1,1,1
"2856",5163,"CN_2018_104_1",8022,1,1,"2018-05-15","2018-06-01","2018-06-24","2018-07-05",1,1,1,167,160,"CN",2018,1,1,"2018-05-23",2018,"2011-2024",6657,6747,1,0,3,1,1,1,1,1,1,1
"2857",5164,"CN_2018_112_1",8023,1,1,"2018-05-18","2018-05-31","2018-06-26","2018-07-04",1,1,1,167,169,"CN",2018,1,1,"2018-05-24",2018,"2011-2024",6670,5821,1,0,2,1,1,1,1,1,1,1
"2858",5165,"CN_2018_122_1",8024,3,1,NA,"2018-07-29",NA,NA,1,0,0,167,179,"CN",2018,0,0,"2018-07-29",2018,"2011-2024",5838,6294,0,0,1,0,NA,0,1,0,1,0
"2859",5166,"CN_2018_63_1",8025,2,1,"2018-07-05","2018-07-14",NA,NA,1,1,NA,167,94,"CN",2018,NA,NA,"2018-07-09",2018,"2011-2024",5845,6167,0,0,3,0,NA,0,1,0,1,0
"2860",5167,"CN_2018_129.1_2",8026,2,2,"2018-07-16","2018-07-24","2018-08-25","2018-08-27",1,1,1,167,740,"CN",2018,1,1,"2018-07-20",2018,"2011-2024",6550,6697,1,0,1,0,NA,1,1,1,1,1
"2861",5168,"CN_2018_18_2",8027,1,1,"2018-07-17","2018-07-24","2018-08-26","2018-08-27",1,1,1,167,24,"CN",2018,1,1,"2018-07-20",2018,"2011-2024",5630,6698,1,1,1,0,NA,1,1,1,1,1
"2862",5169,"CN_2018_32.5_2",8018,2,1,"2018-08-25","2018-08-26",NA,NA,1,0,0,167,46,"CN",2018,0,0,"2018-08-25",2018,"2011-2024",5611,1868,0,0,0,0,NA,0,1,0,1,0
"2863",5170,"CN_2018_127_1",8028,2,1,"2018-08-10","2018-08-13",NA,NA,1,0,0,167,478,"CN",2018,0,0,"2018-08-11",2018,"2011-2024",5683,6375,0,0,2,0,NA,0,1,0,1,0
"2864",5171,"CN_2018_86_2",7970,3,3,"2018-08-02","2018-08-06","2018-09-11","2018-09-14",1,1,1,167,126,"CN",2018,1,1,"2018-08-04",2018,"2011-2024",6022,6708,1,1,2,0,NA,1,1,1,1,1
"2865",5172,"CN_2018_94.2_1",8029,1,1,"2018-07-30","2018-08-18",NA,NA,1,1,0,167,140,"CN",2018,0,0,"2018-08-08",2018,"2011-2024",6902,6170,0,0,5,0,NA,0,1,0,1,0
"2866",5173,"CN_2018_1.3_1",8030,1,1,"2018-07-29","2018-08-04","2018-09-03","2018-09-07",1,1,1,167,739,"CN",2018,1,1,"2018-08-01",2018,"2011-2024",6667,6668,1,0,1,1,1,1,1,1,1,1
"2867",5174,"CN_2018_7_1",8031,1,1,"2018-07-06","2018-07-08",NA,NA,1,1,0,167,12,"CN",2018,0,0,"2018-07-07",2018,"2011-2024",6700,6645,1,0,0,0,NA,0,1,0,1,0
"2868",5175,"CN_2018_7_3",8031,2,2,"2018-08-14","2018-08-20","2018-09-19","2018-09-23",1,1,1,167,12,"CN",2018,1,1,"2018-08-17",2018,"2011-2024",6700,6645,1,0,0,0,NA,1,1,1,1,1
"2869",5176,"CN_2018_8_1",8032,1,1,"2018-05-24","2018-05-30","2018-06-29","2018-07-03",2,2,2,167,13,"CN",2018,1,1,"2018-05-27",2018,"2011-2024",6229,6155,2,1,1,2,NA,2,2,1,1,1
"2870",5176,"CN_2018_8_1",8032,1,1,"2018-05-24","2018-05-30","2018-06-29","2018-07-03",2,2,2,167,13,"CN",2018,1,1,"2018-05-27",2018,"2011-2024",6229,6155,2,1,1,2,NA,2,2,1,2,1
"2871",5177,"CN_2018_20_2",7986,2,2,"2018-08-05","2018-08-10","2018-09-11","2018-09-14",1,1,1,167,26,"CN",2018,1,1,"2018-08-07",2018,"2011-2024",6160,5595,1,0,1,0,NA,1,1,1,1,1
"2872",5178,"CN_2018_22_1",8033,1,1,"2018-07-05","2018-07-10",NA,NA,1,0,0,167,28,"CN",2018,0,0,"2018-07-07",2018,"2011-2024",6846,6230,0,0,3,0,NA,0,1,0,1,0
"2873",5179,"CN_2018_22_2",8033,2,2,"2018-07-30","2018-08-02",NA,NA,1,0,0,167,28,"CN",2018,0,0,"2018-07-31",2018,"2011-2024",6846,6230,0,0,3,0,NA,0,1,0,1,0
"2874",5182,"CN_2018_25.1_3",8013,1,1,"2018-05-12","2018-05-18","2018-06-17","2018-06-21",1,1,1,167,617,"CN",2018,1,1,"2018-05-15",2018,"2011-2024",5823,6556,1,0,1,1,NA,1,1,1,1,1
"2875",5183,"CN_2018_26.5_1",8034,1,1,"2018-06-24","2018-06-25","2018-07-25","2018-07-28",1,1,1,167,36,"CN",2018,1,1,"2018-06-24",2018,"2011-2024",6159,5679,1,0,1,1,1,1,1,1,1,1
"2876",5184,"CN_2018_27.1_1",8035,1,1,"2018-07-05","2018-07-08","2018-08-08","2018-08-14",1,1,1,167,605,"CN",2018,1,1,"2018-07-06",2018,"2011-2024",6217,6676,1,0,2,0,NA,1,1,1,1,1
"2877",5185,"CN_2018_30.2_3",7961,1,1,"2018-05-12","2018-05-18","2018-06-17","2018-06-21",1,1,1,167,43,"CN",2018,1,1,"2018-05-15",2018,"2011-2024",6211,6011,2,2,0,1,NA,1,1,1,1,1
"2878",5188,"CN_2018_33_1",8036,1,1,"2018-05-17","2018-05-23","2018-06-22","2018-06-26",1,1,1,167,47,"CN",2018,1,1,"2018-05-20",2018,"2011-2024",6138,5513,1,0,2,0,NA,1,1,1,1,1
"2879",5191,"CN_2018_34.5_2",8037,2,1,"2018-06-29","2018-07-05","2018-08-04","2018-08-08",1,1,1,167,50,"CN",2018,1,1,"2018-07-02",2018,"2011-2024",6660,6548,1,0,1,0,NA,1,1,1,1,1
"2880",5192,"CN_2018_37_2",8017,1,NA,"2018-07-05","2018-07-08",NA,NA,1,0,0,167,53,"CN",2018,0,0,"2018-07-06",2018,"2011-2024",3094,5855,1,1,0,0,NA,0,1,0,1,0
"2881",5193,"CN_2018_46_1",8038,1,1,"2018-05-17","2018-05-23","2018-06-22","2018-06-26",1,1,1,167,63,"CN",2018,1,1,"2018-05-20",2018,"2011-2024",5901,6019,2,1,3,1,1,1,1,1,1,1
"2882",5194,"CN_2018_46_2",8038,2,2,"2018-07-30","2018-08-05","2018-09-04","2018-09-08",1,1,1,167,63,"CN",2018,1,1,"2018-08-02",2018,"2011-2024",5901,6019,2,1,3,1,1,1,1,1,1,1
"2883",5195,"CN_2018_47.1_3",8019,1,1,"2018-06-25","2018-07-04",NA,NA,1,0,0,167,68,"CN",2018,0,0,"2018-06-29",2018,"2011-2024",6191,6164,0,0,3,0,NA,0,1,0,1,0
"2884",5196,"CN_2018_52.1_3",8010,1,1,"2018-06-02","2018-06-20",NA,NA,1,0,0,167,77,"CN",2018,0,0,"2018-06-11",2018,"2011-2024",4958,5626,0,1,0,0,NA,0,1,0,1,0
"2885",5197,"CN_2018_55_1",8039,1,1,"2018-06-20","2018-06-25","2018-07-28","2018-08-06",1,1,1,167,82,"CN",2018,1,1,"2018-06-22",2018,"2011-2024",5530,6728,1,0,0,0,NA,1,1,1,1,1
"2886",5198,"CN_2018_56_2",8040,1,1,"2018-06-09","2018-06-15","2018-07-17","2018-07-19",1,1,1,167,83,"CN",2018,1,1,"2018-06-12",2018,"2011-2024",6378,5822,1,0,4,0,NA,1,1,1,1,1
"2887",5199,"CN_2018_58_1",8041,1,1,"2018-05-18","2018-05-24","2018-06-23","2018-06-27",1,1,1,167,86,"CN",2018,1,1,"2018-05-21",2018,"2011-2024",6143,3089,1,0,1,1,NA,1,1,1,1,1
"2888",5203,"CN_2018_64_1",8043,1,1,"2018-05-23","2018-05-29","2018-06-28","2018-07-02",1,1,1,167,95,"CN",2018,1,1,"2018-05-26",2018,"2011-2024",6181,6760,1,1,1,0,NA,1,1,1,1,1
"2889",5204,"CN_2018_66_1",8044,1,1,"2018-06-29","2018-07-04",NA,NA,1,0,0,167,98,"CN",2018,0,0,"2018-07-01",2018,"2011-2024",6185,6710,0,0,2,0,NA,0,1,0,1,0
"2890",5205,"CN_2018_68_2",7992,1,1,"2018-06-21","2018-07-09",NA,NA,1,0,0,167,100,"CN",2018,0,0,"2018-06-30",2018,"2011-2024",6061,5547,1,0,1,0,NA,0,1,0,1,0
"2891",5206,"CN_2018_69_2",8045,1,1,"2018-07-03","2018-07-09",NA,NA,1,1,0,167,101,"CN",2018,0,0,"2018-07-06",2018,"2011-2024",5128,6381,0,0,2,0,NA,0,1,0,1,0
"2892",5208,"CN_2018_76_1",8047,1,1,"2018-08-08","2018-08-14",NA,NA,1,1,NA,167,109,"CN",2018,NA,NA,"2018-08-11",2018,"2011-2024",6644,6569,0,0,0,0,NA,0,1,0,1,0
"2893",5210,"CN_2018_77.1_2",8004,1,1,"2018-05-12","2018-05-18","2018-06-17","2018-06-21",1,1,1,167,111,"CN",2018,1,1,"2018-05-15",2018,"2011-2024",6561,5559,1,0,2,0,NA,1,1,1,1,1
"2894",5211,"CN_2018_78_1",8048,1,1,"2018-07-08","2018-07-11",NA,NA,1,0,0,167,112,"CN",2018,0,0,"2018-07-09",2018,"2011-2024",1707,6709,0,0,3,0,NA,0,1,0,1,0
"2895",5212,"CN_2018_78.1_1",8049,1,1,"2018-05-11","2018-05-17","2018-06-16","2018-06-20",1,1,1,167,531,"CN",2018,1,1,"2018-05-14",2018,"2011-2024",6693,6650,1,0,0,1,1,1,1,1,1,1
"2896",5213,"CN_2018_82.1_1",8050,1,1,"2018-06-27","2018-06-29","2018-07-29","2018-08-02",1,1,1,167,118,"CN",2018,1,1,"2018-06-28",2018,"2011-2024",6707,6788,1,0,1,0,NA,1,1,1,1,1
"2897",5214,"CN_2018_84_1",8051,1,1,"2018-07-13","2018-07-20",NA,NA,1,0,0,167,123,"CN",2018,0,0,"2018-07-16",2018,"2011-2024",6764,5639,0,0,2,0,NA,0,1,0,1,0
"2898",5216,"CN_2018_86_3",7970,2,2,"2018-07-25","2018-07-26",NA,NA,1,0,0,167,126,"CN",2018,0,0,"2018-07-25",2018,"2011-2024",6022,6708,1,1,2,0,NA,0,1,0,1,0
"2899",5218,"CN_2018_92.1_3",8052,2,1,"2018-07-15","2018-07-22",NA,NA,1,0,0,167,135,"CN",2018,0,0,"2018-07-18",2018,"2011-2024",5633,6184,0,0,0,0,NA,0,1,0,1,0
"2900",5220,"CN_2018_101_3",7996,2,2,"2018-07-27","2018-07-29",NA,NA,1,0,0,167,154,"CN",2018,0,0,"2018-07-28",2018,"2011-2024",6009,6249,0,0,3,0,NA,0,1,0,1,0
"2901",5221,"CN_2018_120_1",8053,1,1,"2018-05-13","2018-05-19","2018-06-18","2018-06-22",1,1,1,167,177,"CN",2018,1,1,"2018-05-16",2018,"2011-2024",5545,6565,1,0,3,1,NA,1,1,1,1,1
"2902",5225,"CN_2018_126_1",8055,1,1,NA,"2018-06-26","2018-07-29","2018-08-03",1,1,1,167,407,"CN",2018,1,1,"2018-06-26",2018,"2011-2024",6028,3456,1,1,1,1,NA,1,1,1,1,1
"2903",5226,"CN_2018_127_2",8028,1,1,"2018-06-22","2018-06-29",NA,NA,1,0,0,167,478,"CN",2018,0,0,"2018-06-25",2018,"2011-2024",5683,6375,0,0,2,0,NA,0,1,0,1,0
"2904",5227,"CN_2018_129.1_3",8026,1,1,"2018-06-04","2018-06-22",NA,NA,1,0,0,167,740,"CN",2018,0,0,"2018-06-13",2018,"2011-2024",6550,6697,1,0,1,0,NA,0,1,0,1,0
"2905",5228,"CN_2018_136_1",8056,1,1,"2018-05-24","2018-06-03","2018-07-03","2018-07-07",1,1,1,167,516,"CN",2018,1,1,"2018-05-29",2018,"2011-2024",5009,5850,1,0,0,0,NA,1,1,1,1,1
"2906",5229,"CN_2018_140_2",8057,1,1,"2018-05-19","2018-05-25","2018-06-24","2018-06-28",2,2,2,167,738,"CN",2018,1,1,"2018-05-22",2018,"2011-2024",6551,6200,2,0,3,1,NA,2,2,1,1,1
"2907",5229,"CN_2018_140_2",8057,1,1,"2018-05-19","2018-05-25","2018-06-24","2018-06-28",2,2,2,167,738,"CN",2018,1,1,"2018-05-22",2018,"2011-2024",6551,6200,2,0,3,1,NA,2,2,1,2,1
"2908",5230,"CN_2018_141_1",8058,1,1,"2018-05-11","2018-05-17","2018-06-16","2018-06-20",1,1,1,167,746,"CN",2018,1,1,"2018-05-14",2018,"2011-2024",6669,6563,1,0,0,1,1,1,1,1,1,1
"2909",5231,"CN_2019_92_1",8069,1,1,"2019-01-30","2019-02-05",NA,NA,1,1,NA,171,134,"CN",2019,NA,NA,"2019-02-02",2019,"2011-2024",6377,5456,0,0,2,1,0,0,1,0,1,0
"2910",5232,"CN_2019_57.1_1",8070,1,1,"2019-01-20","2019-01-25","2019-02-27","2019-03-02",1,1,1,171,85,"CN",2019,1,1,"2019-01-22",2019,"2011-2024",6044,6222,1,0,3,1,1,1,1,1,1,1
"2911",5233,"CN_2019_1.2_1",8071,1,1,"2019-01-18","2019-01-26","2019-02-27","2019-03-01",2,2,2,171,616,"CN",2019,1,1,"2019-01-22",2019,"2011-2024",6034,5853,2,1,2,0,NA,2,2,1,1,1
"2912",5233,"CN_2019_1.2_1",8071,1,1,"2019-01-18","2019-01-26","2019-02-27","2019-03-01",2,2,2,171,616,"CN",2019,1,1,"2019-01-22",2019,"2011-2024",6034,5853,2,1,2,0,NA,2,2,1,2,1
"2913",5234,"CN_2019_18_1",8072,1,1,"2019-01-17","2019-01-26","2019-02-26","2019-03-02",1,1,1,171,24,"CN",2019,1,1,"2019-01-21",2019,"2011-2024",5630,6698,1,1,1,0,NA,1,1,1,1,1
"2914",5236,"CN_2019_28.1_1",8074,1,1,"2018-12-13","2018-12-19","2019-01-18","2019-01-22",1,1,1,171,39,"CN",2019,1,1,"2018-12-16",2018,"2011-2024",6546,6210,2,0,1,0,NA,1,1,1,1,1
"2915",5238,"CN_2019_30_1",8076,1,1,"2019-01-23","2019-01-30","2019-03-02","2019-03-06",1,1,1,171,41,"CN",2019,1,1,"2019-01-26",2019,"2011-2024",6145,6671,1,1,0,0,NA,1,1,1,1,1
"2916",5239,"CN_2019_30.2_1",8077,1,1,"2018-12-14","2018-12-20","2019-01-19","2019-01-23",1,1,1,171,43,"CN",2019,1,1,"2018-12-17",2018,"2011-2024",6211,6011,2,0,3,0,NA,1,1,1,1,1
"2917",5240,"CN_2019_33_1",8078,1,1,"2019-01-28","2019-02-04",NA,NA,1,1,NA,171,47,"CN",2019,NA,NA,"2019-01-31",2019,"2011-2024",0,5513,0,0,6,0,NA,0,1,0,1,0
"2918",5241,"CN_2019_34.5_1",8079,1,1,"2019-01-17","2019-01-23","2019-02-22","2019-02-26",1,1,1,171,50,"CN",2019,1,1,"2019-01-20",2019,"2011-2024",6660,6548,1,0,2,0,NA,1,1,1,1,1
"2919",5243,"CN_2019_50_1",8081,1,1,"2019-01-22","2019-01-31","2019-03-03","2019-03-06",1,1,1,171,71,"CN",2019,1,1,"2019-01-26",2019,"2011-2024",5543,6370,1,1,2,0,NA,1,1,1,1,1
"2920",5245,"CN_2019_55.1_1",8083,1,1,"2018-12-13","2018-12-19","2019-01-18","2019-01-22",1,1,1,171,637,"CN",2019,1,1,"2018-12-16",2018,"2011-2024",6272,6221,1,0,2,0,NA,1,1,1,1,1
"2921",5247,"CN_2019_63_1",8085,1,1,"2019-01-04","2019-01-26",NA,NA,1,1,NA,171,94,"CN",2019,NA,NA,"2019-01-15",2019,"2011-2024",5845,6167,0,0,0,0,NA,0,1,0,1,0
"2922",5249,"CN_2019_65_1",8087,1,1,"2019-02-08","2019-02-15",NA,NA,1,1,NA,171,96,"CN",2019,NA,NA,"2019-02-11",2019,"2011-2024",5521,6146,0,0,2,0,NA,0,1,0,1,0
"2923",5250,"CN_2019_73_1",8088,1,1,"2019-01-21","2019-01-23","2019-02-27","2019-03-02",1,1,1,171,105,"CN",2019,1,1,"2019-01-22",2019,"2011-2024",6195,6759,1,0,0,0,NA,1,1,1,1,1
"2924",5251,"CN_2019_73.1_1",8089,1,1,"2019-01-28","2019-01-31",NA,NA,1,1,NA,171,742,"CN",2019,NA,NA,"2019-01-29",2019,"2011-2024",6665,6736,0,0,0,0,NA,0,1,0,1,0
"2925",5252,"CN_2019_76_1",8090,1,1,"2018-12-17","2018-12-23","2019-01-22","2019-01-26",1,1,1,171,109,"CN",2019,1,1,"2018-12-20",2018,"2011-2024",6644,6569,1,0,0,0,NA,1,1,1,1,1
"2926",5254,"CN_2019_101_1",8092,1,1,"2018-12-24","2018-12-30","2019-01-29","2019-02-02",1,1,1,171,154,"CN",2019,1,1,"2018-12-27",2018,"2011-2024",6009,6249,1,0,3,0,NA,1,1,1,1,1
"2927",5255,"CN_2019_108_1",8093,1,1,"2019-01-26","2019-02-17",NA,NA,1,1,NA,171,165,"CN",2019,NA,NA,"2019-02-06",2019,"2011-2024",6851,6567,0,0,1,0,NA,0,1,0,1,0
"2928",5256,"CN_2019_116_1",8094,1,1,"2019-01-14","2019-01-20","2019-02-19","2019-02-23",1,1,1,171,173,"CN",2019,1,1,"2019-01-17",2019,"2011-2024",6233,6172,1,0,2,0,NA,1,1,1,1,1
"2929",5257,"CN_2019_126_1",8095,1,1,"2019-01-18","2019-01-24","2019-02-23","2019-02-27",1,1,1,171,407,"CN",2019,1,1,"2019-01-21",2019,"2011-2024",6028,3456,1,0,2,0,NA,1,1,1,1,1
"2930",5258,"CN_2019_140_1",8096,1,1,"2018-12-30","2019-01-05","2019-02-04","2019-02-08",1,1,1,171,738,"CN",2019,1,1,"2019-01-02",2019,"2011-2024",6551,6200,1,1,3,0,NA,1,1,1,1,1
"2931",5326,"CN_2019_6_1",8181,1,1,"2019-07-12","2019-07-19",NA,NA,1,0,0,173,9,"CN",2019,0,0,"2019-07-15",2019,"2011-2024",1826,5624,0,0,0,0,NA,0,1,0,1,0
"2932",5329,"CN_2019_120_1",8184,1,1,"2019-06-27","2019-07-03",NA,NA,1,1,NA,173,177,"CN",2019,NA,NA,"2019-06-30",2019,"2011-2024",5545,6565,0,0,6,0,NA,0,1,0,1,0
"2933",5331,"CN_2019_1_1",8186,1,1,"2019-07-05","2019-07-11","2019-08-13","2019-08-14",1,1,NA,173,1,"CN",2019,NA,NA,"2019-07-08",2019,"2011-2024",6215,6144,1,1,1,0,NA,0,1,0,1,0
"2934",5332,"CN_2019_25.1_1",8187,1,1,"2019-08-05","2019-08-05","2019-09-14","2019-09-14",1,1,NA,173,617,"CN",2019,NA,NA,"2019-08-05",2019,"2011-2024",5823,6706,1,0,2,0,NA,0,1,0,1,0
"2935",5334,"CN_2019_46_1",8189,1,1,"2019-08-01","2019-08-01",NA,NA,1,1,0,173,63,"CN",2019,0,0,"2019-08-01",2019,"2011-2024",5901,6019,0,2,5,0,NA,0,1,0,1,0
"2936",5336,"CN_2019_26.5_1",8191,1,1,"2019-07-20","2019-08-04",NA,NA,1,1,NA,173,36,"CN",2019,NA,NA,"2019-07-27",2019,"2011-2024",6159,5679,1,0,2,0,NA,0,1,0,1,0
"2937",5337,"CN_2019_45_1",8192,1,1,"2019-08-05","2019-08-09",NA,NA,1,0,0,173,62,"CN",2019,0,0,"2019-08-07",2019,"2011-2024",6174,6772,0,0,2,0,NA,0,1,0,1,0
"2938",5338,"CN_2019_66_1",8193,1,1,"2019-06-30","2019-07-08","2019-08-08","2019-08-11",1,1,1,173,98,"CN",2019,1,1,"2019-07-04",2019,"2011-2024",6185,6710,1,0,3,0,NA,1,1,1,1,1
"2939",5339,"CN_2019_37_1",8194,1,1,"2019-07-03","2019-07-22",NA,NA,1,1,NA,173,53,"CN",2019,NA,NA,"2019-07-12",2019,"2011-2024",6847,5855,1,0,4,0,NA,0,1,0,1,0
"2940",5340,"CN_2019_46.1_2",8195,1,1,"2019-07-04","2019-07-12","2019-08-12","2019-08-15",1,1,1,173,64,"CN",2019,1,1,"2019-07-08",2019,"2011-2024",6187,6261,1,1,0,0,NA,1,1,1,1,1
"2941",5341,"CN_2019_52.1_1",8196,1,1,"2019-07-12","2019-07-19","2019-08-20","2019-08-22",1,1,NA,173,77,"CN",2019,NA,NA,"2019-07-15",2019,"2011-2024",4958,5626,1,0,0,0,NA,0,1,0,1,0
"2942",5342,"CN_2019_67_1",8197,1,1,"2019-07-12","2019-07-28",NA,NA,1,1,NA,173,99,"CN",2019,NA,NA,"2019-07-20",2019,"2011-2024",6840,6887,1,0,2,0,NA,0,1,0,1,0
"2943",5344,"CN_2019_10_1",8199,1,1,"2019-08-12","2019-08-15","2019-09-17","2019-09-19",1,1,1,173,15,"CN",2019,1,1,"2019-08-13",2019,"2011-2024",5657,1762,1,1,0,0,NA,1,1,1,1,1
"2944",5345,"CN_2019_55.1_2",8200,1,1,"2019-07-07","2019-07-15","2019-08-15","2019-08-18",1,1,1,173,637,"CN",2019,1,1,"2019-07-11",2019,"2011-2024",6272,6221,2,0,3,0,NA,1,1,1,1,1
"2945",5347,"CN_2019_7_1",8202,1,1,"2019-07-30","2019-08-04",NA,NA,1,1,0,173,12,"CN",2019,0,0,"2019-08-01",2019,"2011-2024",6700,6645,0,1,0,0,NA,0,1,0,1,0
"2946",5349,"CN_2019_1.1_1",8204,1,1,"2019-07-12","2019-07-18","2019-08-20","2019-08-21",1,1,1,173,2,"CN",2019,1,1,"2019-07-15",2019,"2011-2024",6690,6385,1,0,3,0,NA,1,1,1,1,1
"2947",5353,"CN_2019_92_2",8182,2,NA,"2019-07-08","2019-07-15","2019-08-16","2019-08-18",1,1,1,173,134,"CN",2019,1,1,"2019-07-11",2019,"2011-2024",6377,6850,1,0,3,0,NA,1,1,1,1,1
"2948",5356,"CN_2019_28.1_2",8209,1,NA,"2019-07-30","2019-08-09",NA,NA,1,1,NA,173,39,"CN",2019,NA,NA,"2019-08-04",2019,"2011-2024",6546,6210,0,0,0,0,NA,0,1,0,1,0
"2949",5357,"CN_2019_93_1",8210,1,NA,"2019-08-29","2019-08-29",NA,NA,1,1,NA,173,137,"CN",2019,NA,NA,"2019-08-29",2019,"2011-2024",6773,6892,0,0,2,0,NA,0,1,0,1,0
"2950",5358,"CN_2019_11_1",8211,1,NA,"2019-08-13","2019-08-15","2019-09-09","2019-09-09",1,1,1,173,16,"CN",2019,1,1,"2019-08-14",2019,"2011-2024",6199,6570,1,0,3,0,NA,1,1,1,1,1
"2951",5360,"CN_2019_86.1_1",8212,1,NA,"2019-08-21","2019-08-25",NA,NA,1,1,NA,173,636,"CN",2019,NA,NA,"2019-08-23",2019,"2011-2024",6188,6574,1,1,1,0,NA,0,1,0,1,0
"2952",5361,"CN_2019_73.1_2",8213,1,NA,"2019-08-24","2019-08-25",NA,NA,1,1,NA,173,742,"CN",2019,NA,NA,"2019-08-24",2019,"2011-2024",6665,6736,0,0,0,0,NA,0,1,0,1,0
"2953",5362,"CN_2019_85_1",8214,1,NA,"2019-08-06","2019-08-24",NA,NA,1,0,0,173,125,"CN",2019,0,0,"2019-08-15",2019,"2011-2024",5596,6788,0,0,3,0,NA,0,1,0,1,0
"2954",5363,"CN_2019_108_2",8215,1,NA,"2019-08-19","2019-08-22",NA,NA,1,1,NA,173,165,"CN",2019,NA,NA,"2019-08-20",2019,"2011-2024",6757,6567,0,0,3,0,NA,0,1,0,1,0
"2955",5370,"CN_2019_141_1",8220,1,NA,"2019-08-09","2019-08-16","2019-09-17","2019-09-19",1,1,1,173,746,"CN",2019,1,1,"2019-08-12",2019,"2011-2024",NA,6563,0,1,3,0,NA,1,1,1,1,1
"2956",5373,"CN_2019_116_2",8223,1,NA,"2019-08-04","2019-08-15","2019-09-12","2019-09-15",1,1,1,173,173,"CN",2019,1,1,"2019-08-09",2019,"2011-2024",6233,6172,1,0,2,0,NA,1,1,1,1,1
"2957",5378,"CN_2019_126_2",8227,1,NA,"2019-08-04","2019-08-22",NA,NA,1,1,NA,173,407,"CN",2019,NA,NA,"2019-08-13",2019,"2011-2024",6028,3456,0,0,2,0,NA,0,1,0,1,0
"2958",5379,"CN_2019_21_1",8228,1,NA,"2019-08-03","2019-08-22",NA,NA,1,1,NA,173,27,"CN",2019,NA,NA,"2019-08-12",2019,"2011-2024",NA,3087,1,0,2,0,NA,0,1,0,1,0
"2959",5381,"CN_2019_64_2",8230,1,NA,"2019-08-08","2019-08-27",NA,NA,1,1,NA,173,95,"CN",2019,NA,NA,"2019-08-17",2019,"2011-2024",6843,NA,0,1,3,0,NA,0,1,0,1,0
"2960",5382,"CN_2019_33_2",8231,1,NA,"2019-07-08","2019-07-22",NA,NA,1,1,1,173,47,"CN",2019,1,1,"2019-07-15",2019,"2011-2024",7100,5513,1,2,3,0,NA,1,1,1,1,1
"2961",5384,"CN_2019_112_1",8232,1,NA,"2019-08-16","2019-08-30",NA,NA,1,0,0,173,169,"CN",2019,0,0,"2019-08-23",2019,"2011-2024",6670,5821,0,0,2,0,NA,0,1,0,1,0
"2962",5385,"CN_2019_87.1_1",8233,1,NA,"2019-08-26","2019-08-27",NA,NA,1,1,NA,173,128,"CN",2019,NA,NA,"2019-08-26",2019,"2011-2024",5644,6753,1,1,3,0,NA,0,1,0,1,0
"2963",5390,"CN_2019_77.3_1",8237,1,NA,"2019-08-07","2019-08-21",NA,NA,1,0,0,173,765,"CN",2019,0,0,"2019-08-14",2019,"2011-2024",6780,6758,0,0,4,0,NA,0,1,0,1,0
"2964",5391,"CN_2020_50_1",8290,1,1,"2020-01-31","2020-02-05",NA,NA,1,1,0,174,71,"CN",2020,0,0,"2020-02-02",2020,"2011-2024",5543,6370,1,0,3,1,0,0,1,0,1,0
"2965",5392,"CN_2020_67_1",8291,1,NA,"2020-01-22","2020-02-09",NA,NA,1,0,0,174,99,"CN",2020,0,0,"2020-01-31",2020,"2011-2024",6840,6887,0,0,3,0,NA,0,1,0,1,0
"2966",5393,"CN_2020_112_1",8292,1,1,"2020-02-19","2020-02-27",NA,NA,1,1,NA,174,169,"CN",2020,NA,NA,"2020-02-23",2020,"2011-2024",6670,6654,0,0,1,0,NA,0,1,0,1,0
"2967",5394,"CN_2020_140_1",8293,1,1,"2020-01-31","2020-02-06","2020-03-07","2020-03-11",1,1,1,174,738,"CN",2020,1,1,"2020-02-03",2020,"2011-2024",6551,6200,1,0,1,0,NA,1,1,1,1,1
"2968",5395,"CN_2021_63_1",8401,1,NA,"2021-06-17","2021-06-21","2021-07-24","2021-07-26",1,1,1,176,94,"CN",2021,1,1,"2021-06-19",2021,"2011-2024",NA,7069,1,2,7,0,NA,1,1,1,1,1
"2969",5396,"CN_2021_46_1",8402,1,NA,"2021-07-07","2021-07-08",NA,NA,1,0,0,176,63,"CN",2021,0,0,"2021-07-07",2021,"2011-2024",5901,6910,1,1,2,0,NA,0,1,0,1,0
"2970",5397,"CN_2021_92.1_1",8403,1,NA,"2021-06-07","2021-06-15","2021-07-16","2021-07-19",1,1,1,176,135,"CN",2021,1,1,"2021-06-11",2021,"2011-2024",6704,6862,1,0,0,1,1,1,1,1,1,1
"2971",5398,"CN_2021_50_1",8404,1,NA,"2021-07-08","2021-07-08",NA,NA,1,1,0,176,71,"CN",2021,0,0,"2021-07-08",2021,"2011-2024",5543,6370,1,1,4,0,NA,0,1,0,1,0
"2972",5399,"CN_2021_26.5_1",8405,1,NA,"2021-07-19","2021-07-20",NA,NA,1,1,0,176,36,"CN",2021,0,0,"2021-07-19",2021,"2011-2024",6159,7144,0,0,2,0,NA,0,1,0,1,0
"2973",5400,"CN_2021_6_1",8406,1,NA,"2021-07-26","2021-07-26",NA,NA,1,0,0,176,9,"CN",2021,0,0,"2021-07-26",2021,"2011-2024",7166,5624,0,0,2,0,NA,0,1,0,1,0
"2974",5402,"CN_2021_65_1",8408,1,NA,"2021-07-19","2021-07-23",NA,NA,1,0,0,176,96,"CN",2021,0,0,"2021-07-21",2021,"2011-2024",5521,7075,0,0,0,0,NA,0,1,0,1,0
"2975",5403,"CN_2021_77.4_1",8457,1,NA,"2021-07-20","2021-07-21",NA,NA,1,0,0,176,770,"CN",2021,0,0,"2021-07-20",2021,"2011-2024",7109,7131,0,0,0,0,NA,0,1,0,1,0
"2976",5404,"CN_2021_129.1_1",8409,1,NA,"2021-07-17","2021-07-23","2021-08-26","2021-08-28",1,1,1,176,740,"CN",2021,1,1,"2021-07-20",2021,"2011-2024",6550,6831,1,0,1,1,1,1,1,1,1,1
"2977",5405,"CN_2021_20_1",8410,1,NA,"2021-07-07","2021-07-18","2021-08-16","2021-08-23",1,1,1,176,26,"CN",2021,1,1,"2021-07-12",2021,"2011-2024",6733,7162,1,0,3,0,NA,1,1,1,1,1
"2978",5406,"CN_2021_142_1",8411,1,NA,"2021-07-16","2021-07-26",NA,NA,1,0,0,176,745,"CN",2021,0,0,"2021-07-21",2021,"2011-2024",6729,7155,0,0,1,0,NA,0,1,0,1,0
"2979",5407,"CN_2021_29_1",8412,1,NA,"2021-07-21","2021-07-25","2021-08-27","2021-08-28",2,2,2,176,40,"CN",2021,1,1,"2021-07-23",2021,"2011-2024",7091,5590,2,0,2,2,2,2,2,1,1,1
"2980",5407,"CN_2021_29_1",8412,1,NA,"2021-07-21","2021-07-25","2021-08-27","2021-08-28",2,2,2,176,40,"CN",2021,1,1,"2021-07-23",2021,"2011-2024",7091,5590,2,0,2,2,2,2,2,1,2,1
"2981",5408,"CN_2021_42_1",8413,1,NA,"2021-07-02","2021-07-14","2021-08-10","2021-08-17",1,1,1,176,59,"CN",2021,1,1,"2021-07-08",2021,"2011-2024",7123,6158,1,0,1,0,NA,1,1,1,1,1
"2982",5409,"CN_2021_77.4_2",8457,2,NA,"2021-08-04","2021-08-05",NA,NA,1,0,0,176,770,"CN",2021,0,0,"2021-08-04",2021,"2011-2024",7109,7131,0,0,0,0,NA,0,1,0,1,0
"2983",5410,"CN_2021_32.5_1",8414,1,NA,"2021-07-23","2021-08-05",NA,NA,1,0,0,176,46,"CN",2021,0,0,"2021-07-29",2021,"2011-2024",5611,6835,0,0,0,0,NA,0,1,0,1,0
"2984",5411,"CN_2021_35.1_1",8415,1,NA,"2021-06-28","2021-07-11","2021-08-06","2021-08-14",1,1,1,176,618,"CN",2021,1,1,"2021-07-04",2021,"2011-2024",6036,6163,1,1,3,0,NA,1,1,1,1,1
"2985",5412,"CN_2021_104_2",8407,2,NA,"2021-07-09","2021-07-17","2021-08-17","2021-08-20",1,1,1,176,160,"CN",2021,1,1,"2021-07-13",2021,"2011-2024",7187,7081,1,1,2,0,NA,1,1,1,1,1
"2986",5413,"CN_2021_6_2",8406,2,NA,"2021-07-26","2021-08-13",NA,NA,1,0,0,176,9,"CN",2021,0,0,"2021-08-04",2021,"2011-2024",7166,5624,0,0,2,0,NA,0,1,0,1,0
"2987",5414,"CN_2021_7_1",8416,1,NA,"2021-07-16","2021-07-30","2021-08-25","2021-09-03",1,1,1,176,12,"CN",2021,1,1,"2021-07-23",2021,"2011-2024",6700,6645,1,1,1,0,NA,1,1,1,1,1
"2988",5416,"CN_2021_86_1",8417,1,NA,"2021-07-28","2021-08-04","2021-09-05","2021-09-07",1,1,1,176,126,"CN",2021,1,1,"2021-07-31",2021,"2011-2024",6856,6848,1,1,3,0,NA,1,1,1,1,1
"2989",5417,"CN_2021_50_2",8404,2,NA,"2021-07-30","2021-08-05","2021-09-07","2021-09-08",1,1,1,176,71,"CN",2021,1,1,"2021-08-02",2021,"2011-2024",5543,6370,1,1,4,0,NA,1,1,1,1,1
"2990",5418,"CN_2021_41_1",8418,1,NA,"2021-07-09","2021-07-15","2021-08-17","2021-08-20",1,1,1,176,57,"CN",2021,1,1,"2021-07-12",2021,"2011-2024",6738,6574,1,0,4,0,NA,1,1,1,1,1
"2991",5419,"CN_2021_92_1",8419,1,NA,"2021-07-07","2021-07-19",NA,NA,1,0,0,176,134,"CN",2021,0,0,"2021-07-13",2021,"2011-2024",7138,6850,0,0,1,0,NA,0,1,0,1,0
"2992",5420,"CN_2021_41.1_1",8420,1,NA,"2021-07-15","2021-07-15",NA,NA,2,0,0,176,58,"CN",2021,0,0,"2021-07-15",2021,"2011-2024",6554,5779,0,1,2,0,NA,0,2,0,1,0
"2993",5420,"CN_2021_41.1_1",8420,1,NA,"2021-07-15","2021-07-15",NA,NA,2,0,0,176,58,"CN",2021,0,0,"2021-07-15",2021,"2011-2024",6554,5779,0,1,2,0,NA,0,2,0,2,0
"2994",5422,"CN_2021_78_1",8422,1,NA,"2021-07-03","2021-07-20",NA,NA,1,0,0,176,112,"CN",2021,0,0,"2021-07-11",2021,"2011-2024",6769,6709,1,1,1,0,NA,0,1,0,1,0
"2995",5423,"CN_2021_28.1_1",8423,1,NA,"2021-07-23","2021-07-23","2021-09-03","2021-09-04",1,1,1,176,39,"CN",2021,1,1,"2021-07-23",2021,"2011-2024",7146,6210,2,0,1,1,NA,1,1,1,1,1
"2996",5424,"CN_2021_93_1",8424,1,NA,"2021-06-22","2021-06-28","2021-07-31","2021-08-01",1,1,1,176,137,"CN",2021,1,1,"2021-06-25",2021,"2011-2024",7118,6892,1,0,0,1,NA,1,1,1,1,1
"2997",5425,"CN_2021_1.2_1",8425,1,NA,"2021-07-25","2021-07-26",NA,NA,1,0,0,176,616,"CN",2021,0,0,"2021-07-25",2021,"2011-2024",6766,5853,0,0,1,0,NA,0,1,0,1,0
"2998",5426,"CN_2021_69_1",8426,1,NA,"2021-06-29","2021-07-05",NA,"2021-08-08",1,1,1,176,101,"CN",2021,1,1,"2021-07-02",2021,"2011-2024",6881,6381,1,0,0,0,NA,1,1,1,1,1
"2999",5428,"CN_2021_60.1_1",8428,1,NA,"2021-08-07","2021-08-12",NA,NA,1,0,0,176,90,"CN",2021,0,0,"2021-08-09",2021,"2011-2024",6861,7175,0,0,4,0,NA,0,1,0,1,0
"3000",5429,"CN_2021_66_2",8427,2,NA,"2021-07-08","2021-07-26",NA,NA,1,0,0,176,98,"CN",2021,0,0,"2021-07-17",2021,"2011-2024",6185,6710,0,0,1,0,NA,0,1,0,1,0
"3001",5430,"CN_2021_73_1",8429,1,NA,"2021-07-13","2021-07-31",NA,NA,1,0,0,176,105,"CN",2021,0,0,"2021-07-22",2021,"2011-2024",6195,6759,0,0,1,0,NA,0,1,0,1,0
"3002",5431,"CN_2021_102_1",8430,1,NA,"2021-06-26","2021-07-02","2021-08-04","2021-08-05",1,1,1,176,157,"CN",2021,1,1,"2021-06-29",2021,"2011-2024",6875,6898,1,0,1,1,1,1,1,1,1,1
"3003",5432,"CN_2021_67_1",8431,1,NA,"2021-08-04","2021-08-10",NA,NA,1,0,0,176,99,"CN",2021,0,0,"2021-08-07",2021,"2011-2024",6840,6887,0,0,1,0,NA,0,1,0,1,0
"3004",5433,"CN_2021_60.1_2",8428,2,NA,"2021-08-05","2021-08-12",NA,NA,1,0,0,176,90,"CN",2021,0,0,"2021-08-08",2021,"2011-2024",6861,7175,0,0,4,0,NA,0,1,0,1,0
"3005",5435,"CN_2021_129_1",8433,1,NA,"2021-07-17","2021-07-20","2021-08-25","2021-08-26",2,2,2,176,480,"CN",2021,1,1,"2021-07-18",2021,"2011-2024",7093,4860,2,1,0,1,1,2,2,1,1,1
"3006",5435,"CN_2021_129_1",8433,1,NA,"2021-07-17","2021-07-20","2021-08-25","2021-08-26",2,2,2,176,480,"CN",2021,1,1,"2021-07-18",2021,"2011-2024",7093,4860,2,1,0,1,1,2,2,1,2,1
"3007",5436,"CN_2021_121_1",8434,1,NA,"2021-07-05","2021-07-12","2021-08-13","2021-08-15",1,1,1,176,178,"CN",2021,1,1,"2021-07-08",2021,"2011-2024",6851,6653,0,0,3,0,NA,1,1,1,1,1
"3008",5437,"CN_2021_143_1",8435,2,NA,"2021-08-17","2021-08-17",NA,NA,1,1,NA,176,767,"CN",2021,NA,NA,"2021-08-17",2021,"2011-2024",6837,6844,0,0,0,0,NA,0,1,0,1,0
"3009",5438,"CN_2021_51.2_1",8436,1,NA,"2021-07-19","2021-07-25",NA,"2021-08-28",1,1,1,176,75,"CN",2021,1,1,"2021-07-22",2021,"2011-2024",7200,6018,1,0,3,0,NA,1,1,1,1,1
"3010",5439,"CN_2021_33_1",8437,1,NA,"2021-07-20","2021-08-07",NA,NA,1,1,0,176,47,"CN",2021,0,0,"2021-07-29",2021,"2011-2024",6879,7107,0,0,6,0,NA,0,1,0,1,0
"3011",5440,"CN_2021_126_1",8438,1,NA,"2021-07-26","2021-08-01","2021-09-03","2021-09-04",1,1,1,176,407,"CN",2021,1,1,"2021-07-29",2021,"2011-2024",6028,3456,1,0,1,1,1,1,1,1,1,1
"3012",5441,"CN_2021_81_1",8439,1,NA,"2021-07-25","2021-07-31","2021-09-02","2021-09-03",1,1,1,176,116,"CN",2021,1,1,"2021-07-28",2021,"2011-2024",6752,7122,1,0,1,0,NA,1,1,1,1,1
"3013",5442,"CN_2021_68_1",8440,1,NA,"2021-07-31","2021-07-31",NA,NA,1,0,0,176,100,"CN",2021,0,0,"2021-07-31",2021,"2011-2024",6838,6868,0,0,1,0,NA,0,1,0,1,0
"3014",5444,"CN_2021_41.1_2",8420,2,NA,"2021-08-19","2021-09-01",NA,NA,1,0,0,176,58,"CN",2021,0,0,"2021-08-25",2021,"2011-2024",6554,5779,0,1,2,0,NA,0,1,0,1,0
"3015",5445,"CN_2021_78_2",8422,2,NA,"2021-08-06","2021-08-12","2021-09-14","2021-09-15",1,1,1,176,112,"CN",2021,1,1,"2021-08-09",2021,"2011-2024",6769,6709,1,1,1,0,NA,1,1,1,1,1
"3016",5446,"CN_2021_27.1_1",8441,1,NA,"2021-07-28","2021-08-08","2021-09-05","2021-09-11",1,1,1,176,605,"CN",2021,1,1,"2021-08-02",2021,"2011-2024",6217,6676,0,0,0,0,NA,1,1,1,1,1
"3017",5447,"CN_2021_143_2",8435,1,NA,"2021-07-19","2021-07-22",NA,NA,1,0,0,176,767,"CN",2021,0,0,"2021-07-20",2021,"2011-2024",6837,6844,0,0,0,0,NA,0,1,0,1,0
"3018",5448,"CN_2021_32_1",8442,1,NA,"2021-07-18","2021-07-23","2021-08-27","2021-08-28",1,1,1,176,45,"CN",2021,1,1,"2021-07-20",2021,"2011-2024",6833,6231,1,0,2,0,NA,1,1,1,1,1
"3019",5449,"CN_2021_49_1",8443,1,NA,"2021-06-29","2021-07-07","2021-08-07","2021-08-10",1,1,1,176,70,"CN",2021,1,1,"2021-07-03",2021,"2011-2024",6652,7101,1,0,3,0,NA,1,1,1,1,1
"3020",5450,"CN_2021_25.1_1",8444,1,NA,"2021-07-02","2021-07-09","2021-08-10","2021-08-12",1,1,1,176,617,"CN",2021,1,1,"2021-07-05",2021,"2011-2024",5823,6706,1,0,1,0,NA,1,1,1,1,1
"3021",5452,"CN_2021_77.1_1",8446,1,NA,"2021-06-28","2021-07-04","2021-08-06","2021-08-07",1,1,1,176,111,"CN",2021,1,1,"2021-07-01",2021,"2011-2024",0,6906,1,0,0,0,NA,1,1,1,1,1
"3022",5453,"CN_2021_56_1",8447,1,NA,"2021-07-30","2021-08-03",NA,NA,1,1,0,176,83,"CN",2021,0,0,"2021-08-01",2021,"2011-2024",6845,6739,0,0,0,0,NA,0,1,0,1,0
"3023",5455,"CN_2021_57.1_1",8449,1,NA,"2021-08-01","2021-08-01",NA,NA,1,1,0,176,85,"CN",2021,0,0,"2021-08-01",2021,"2011-2024",6044,6222,1,0,0,1,1,1,1,1,1,1
"3024",5456,"CN_2021_43_1",8450,1,NA,"2021-07-04","2021-07-11","2021-08-12","2021-08-14",1,1,1,176,60,"CN",2021,1,1,"2021-07-07",2021,"2011-2024",6568,5523,1,0,2,1,1,1,1,1,1,1
"3025",5457,"CN_2021_37_1",8451,1,NA,"2021-07-12","2021-07-27",NA,NA,1,1,NA,176,53,"CN",2021,NA,NA,"2021-07-19",2021,"2011-2024",6847,5855,0,0,3,0,NA,0,1,0,1,0
"3026",5458,"CN_2021_30.2_1",8452,1,NA,"2021-08-09","2021-08-25",NA,NA,1,0,0,176,43,"CN",2021,0,0,"2021-08-17",2021,"2011-2024",6211,6011,0,0,1,0,NA,0,1,0,1,0
"3027",5459,"CN_2021_144_1",8453,1,NA,"2021-07-20","2021-07-26","2021-08-24","2021-08-24",1,1,1,176,768,"CN",2021,1,1,"2021-07-23",2021,"2011-2024",6920,6864,1,0,0,1,1,1,1,1,1,1
"3028",5460,"CN_2021_52.1_1",8454,1,NA,"2021-08-18","2021-08-19",NA,NA,1,0,0,176,77,"CN",2021,0,0,"2021-08-18",2021,"2011-2024",7182,5626,0,0,2,0,NA,0,1,0,1,0
"3029",5461,"CN_2021_137_1",8455,1,NA,"2021-07-16","2021-07-22","2021-08-24","2021-08-25",1,1,1,176,662,"CN",2021,1,1,"2021-07-19",2021,"2011-2024",7117,7068,1,0,3,0,NA,1,1,1,1,1
"3030",5464,"CN_2021_1_1",8562,1,NA,"2021-06-17","2021-06-23","2021-07-23","2021-07-27",1,1,1,176,1,"CN",2021,1,1,"2021-06-20",2021,"2011-2024",7096,6144,1,0,1,1,NA,1,1,1,1,1
"3031",5465,"CN_2021_147_1",8563,1,NA,"2021-08-05","2021-08-11","2021-09-10","2021-09-14",1,1,1,176,769,"CN",2021,1,1,"2021-08-08",2021,"2011-2024",6909,6859,1,0,0,1,NA,1,1,1,1,1
"3032",5466,"CN_2021_8_1",8564,1,NA,"2021-08-07","2021-08-13","2021-09-12","2021-09-16",1,1,1,176,13,"CN",2021,1,1,"2021-08-10",2021,"2011-2024",7099,6155,1,0,4,0,NA,1,1,1,1,1
"3033",5467,"CN_2021_10_1",8565,1,NA,"2021-06-08","2021-06-14","2021-07-14","2021-07-18",1,1,1,176,15,"CN",2021,1,1,"2021-06-11",2021,"2011-2024",5657,6895,1,1,1,1,1,1,1,1,1,1
"3034",5468,"CN_2021_21_1",8566,1,NA,"2021-07-29","2021-08-04","2021-09-03","2021-09-07",1,1,1,176,27,"CN",2021,1,1,"2021-08-01",2021,"2011-2024",7082,3087,1,0,0,0,NA,1,1,1,1,1
"3035",5469,"CN_2021_22_1",8567,1,NA,"2021-08-02","2021-08-08","2021-09-07","2021-09-11",1,1,1,176,28,"CN",2021,1,1,"2021-08-05",2021,"2011-2024",6191,6865,1,0,1,0,NA,1,1,1,1,1
"3036",5470,"CN_2021_24_1",8568,1,NA,"2021-07-21","2021-07-27","2021-08-26","2021-08-30",1,1,1,176,32,"CN",2021,1,1,"2021-07-24",2021,"2011-2024",6764,6890,1,0,4,0,NA,1,1,1,1,1
"3037",5471,"CN_2021_26_1",8569,1,NA,"2021-07-27","2021-08-02","2021-09-01","2021-09-05",1,1,1,176,34,"CN",2021,1,1,"2021-07-30",2021,"2011-2024",NA,NA,1,0,5,0,NA,1,1,1,1,1
"3038",5472,"CN_2021_33.1_1",8570,1,NA,"2021-07-05","2021-07-11","2021-08-10","2021-08-14",1,1,1,176,48,"CN",2021,1,1,"2021-07-08",2021,"2011-2024",7136,6655,1,1,3,0,NA,1,1,1,1,1
"3039",5473,"CN_2021_39_1",8571,1,NA,"2021-07-08","2021-07-14","2021-08-13","2021-08-17",1,1,1,176,55,"CN",2021,1,1,"2021-07-11",2021,"2011-2024",6737,6918,1,0,4,0,NA,1,1,1,1,1
"3040",5474,"CN_2021_45_1",8572,1,NA,"2021-06-28","2021-07-04","2021-08-03","2021-08-07",1,1,1,176,62,"CN",2021,1,1,"2021-07-01",2021,"2011-2024",7083,6772,1,0,3,0,NA,1,1,1,1,1
"3041",5475,"CN_2021_46.1_1",8573,1,NA,"2021-05-30","2021-06-05","2021-07-05","2021-07-09",1,1,1,176,64,"CN",2021,1,1,"2021-06-02",2021,"2011-2024",6187,6261,1,0,0,1,1,1,1,1,1,1
"3042",5476,"CN_2021_47.2_1",8574,1,NA,"2021-06-27","2021-07-03","2021-08-02","2021-08-06",1,1,1,176,602,"CN",2021,1,1,"2021-06-30",2021,"2011-2024",7127,6912,1,0,2,0,NA,1,1,1,1,1
"3043",5477,"CN_2021_76_1",8575,1,NA,"2021-07-11","2021-07-17","2021-08-16","2021-08-20",1,1,1,176,109,"CN",2021,1,1,"2021-07-14",2021,"2011-2024",6644,7143,1,0,0,1,1,1,1,1,1,1
"3044",5478,"CN_2021_77_1",8576,1,NA,"2021-07-30","2021-08-05","2021-09-04","2021-09-08",1,1,1,176,110,"CN",2021,1,1,"2021-08-02",2021,"2011-2024",6186,7070,1,0,1,1,NA,1,1,1,1,1
"3045",5479,"CN_2021_77.2_1",8577,1,NA,"2021-07-26","2021-08-01","2021-08-31","2021-09-04",1,1,1,176,743,"CN",2021,1,1,"2021-07-29",2021,"2011-2024",6656,6860,1,1,0,1,1,1,1,1,1,1
"3046",5480,"CN_2021_82.1_1",8578,1,NA,"2021-06-08","2021-06-14","2021-07-14","2021-07-18",1,1,1,176,118,"CN",2021,1,1,"2021-06-11",2021,"2011-2024",6707,6914,1,0,2,0,NA,1,1,1,1,1
"3047",5481,"CN_2021_94_1",8579,1,NA,"2021-06-22","2021-06-28","2021-07-28","2021-08-01",1,1,1,176,138,"CN",2021,1,1,"2021-06-25",2021,"2011-2024",6765,6785,1,0,0,0,NA,1,1,1,1,1
"3048",5482,"CN_2021_94.2_1",8580,1,NA,"2021-05-28","2021-06-03","2021-07-03","2021-07-07",1,1,1,176,140,"CN",2021,1,1,"2021-05-31",2021,"2011-2024",6917,6170,1,0,0,0,NA,1,1,1,1,1
"3049",5483,"CN_2021_101_1",8581,1,NA,"2021-06-09","2021-06-15","2021-07-15","2021-07-19",1,1,1,176,154,"CN",2021,1,1,"2021-06-12",2021,"2011-2024",6009,6249,1,0,1,0,NA,1,1,1,1,1
"3050",5484,"CN_2021_112_1",8582,1,NA,"2021-06-07","2021-06-13","2021-07-13","2021-07-17",1,1,1,176,169,"CN",2021,1,1,"2021-06-10",2021,"2011-2024",6670,6654,1,0,1,1,NA,1,1,1,1,1
"3051",5485,"CN_2021_116_1",8583,1,NA,"2021-06-10","2021-06-16","2021-07-16","2021-07-20",1,1,1,176,173,"CN",2021,1,1,"2021-06-13",2021,"2011-2024",6233,0,1,0,1,0,NA,1,1,1,1,1
"3052",5486,"CN_2021_133.1_1",8584,1,NA,"2021-08-04","2021-08-10","2021-09-09","2021-09-13",1,1,1,176,772,"CN",2021,1,1,"2021-08-07",2021,"2011-2024",0,7174,1,0,0,0,NA,1,1,1,1,1
"3053",5487,"CN_2021_145_1",8585,1,NA,"2021-08-08","2021-08-14","2021-09-13","2021-09-17",1,1,1,176,771,"CN",2021,1,1,"2021-08-11",2021,"2011-2024",6926,7071,1,0,1,0,NA,1,1,1,1,1
"3054",5488,"CN_2021_133_1",8586,1,NA,"2021-08-04","2021-08-10","2021-09-09","2021-09-13",1,1,1,176,481,"CN",2021,1,1,"2021-08-07",2021,"2011-2024",6743,6193,1,0,1,0,NA,1,1,1,1,1
"3055",5489,"CN_2021_46_2",8402,2,2,"2021-08-11","2021-08-17","2021-09-16","2021-09-20",1,1,1,176,63,"CN",2021,1,1,"2021-08-14",2021,"2011-2024",5901,6910,1,1,2,0,NA,1,1,1,1,1
"3056",5503,"CN_2022_87.1_1",8725,1,1,"2022-06-13","2022-06-22","2022-07-19","2022-07-27",1,1,1,178,128,"CN",2022,1,1,"2022-06-17",2022,"2011-2024",6699,6753,0,2,0,0,NA,1,1,1,1,1
"3057",5504,"CN_2022_41.1_2",8726,1,1,"2022-06-11","2022-06-23","2022-07-20","2022-08-05",1,1,1,178,58,"CN",2022,1,1,"2022-06-17",2022,"2011-2024",6554,5779,1,2,1,0,NA,1,1,1,1,1
"3058",5506,"CN_2022_47.2_2",8728,1,1,"2022-06-13","2022-06-23","2022-07-22","2022-07-27",1,1,1,178,602,"CN",2022,1,1,"2022-06-18",2022,"2011-2024",7127,6912,1,0,1,0,NA,1,1,1,1,1
"3059",5507,"CN_2022_85_2",8729,1,1,"2022-06-18","2022-06-26","2022-07-27","2022-07-30",1,1,NA,178,125,"CN",2022,NA,NA,"2022-06-22",2022,"2011-2024",7214,7190,1,0,2,0,NA,0,1,0,1,0
"3060",5509,"CN_2022_10_1",8731,1,1,"2022-07-21","2022-07-21","2022-08-30","2022-09-03",1,1,1,178,15,"CN",2022,1,1,"2022-07-21",2022,"2011-2024",7262,6155,1,0,1,0,NA,1,1,1,1,1
"3061",5510,"CN_2022_41_1",8732,1,1,"2022-06-23","2022-06-29","2022-08-01","2022-08-02",1,1,1,178,57,"CN",2022,1,1,"2022-06-26",2022,"2011-2024",6738,6574,1,0,4,0,NA,1,1,1,1,1
"3062",5543,"CN_2022_29_1",8758,1,NA,"2022-08-08","2022-08-14",NA,NA,2,1,NA,178,40,"CN",2022,NA,NA,"2022-08-11",2022,"2011-2024",7091,5590,1,0,2,0,NA,0,2,0,1,0
"3063",5543,"CN_2022_29_1",8758,1,NA,"2022-08-08","2022-08-14",NA,NA,2,1,NA,178,40,"CN",2022,NA,NA,"2022-08-11",2022,"2011-2024",7091,5590,1,0,2,0,NA,0,2,0,2,0
"3064",5548,"CN_2022_28.1_1",8763,1,1,"2022-08-01","2022-08-23",NA,NA,1,1,NA,178,39,"CN",2022,NA,NA,"2022-08-12",2022,"2011-2024",7146,7229,0,0,1,0,NA,0,1,0,1,0
"3065",5552,"CN_2023_92_1",8940,1,NA,"2023-07-13","2023-07-18","2023-08-21","2023-08-22",1,1,1,186,134,"CN",2023,1,1,"2023-07-15",2023,"2011-2024",7148,6850,1,0,0,0,NA,1,1,1,1,1
"3066",5555,"CN_2023_25.2_1",8943,1,NA,"2023-07-12","2023-07-15","2023-08-17","2023-08-19",1,1,1,186,859,"CN",2023,1,1,"2023-07-13",2023,"2011-2024",7132,7142,1,0,0,0,NA,1,1,1,1,1
"3067",5556,"CN_2023_77.1_1",8944,1,NA,"2023-07-12","2023-07-29",NA,NA,1,1,NA,186,111,"CN",2023,NA,NA,"2023-07-20",2023,"2011-2024",7106,6906,0,0,0,0,NA,0,1,0,1,0
"3068",5558,"CN_2023_18_1",8946,1,1,"2023-07-18","2023-07-26","2023-08-26","2023-08-29",1,1,1,186,24,"CN",2023,1,1,"2023-07-22",2023,"2011-2024",7200,6698,1,0,0,0,NA,1,1,1,1,1
"3069",5563,"CN_2023_66_1",8951,1,1,"2023-07-18","2023-07-27",NA,NA,1,1,NA,186,98,"CN",2023,NA,NA,"2023-07-22",2023,"2011-2024",6185,6710,0,0,0,0,NA,0,1,0,1,0
"3070",5565,"CN_2023_68_1",8953,1,NA,"2023-07-16","2023-07-23","2023-08-21","2023-08-26",2,2,2,186,100,"CN",2023,1,1,"2023-07-19",2023,"2011-2024",6838,6759,2,1,0,0,NA,2,2,1,1,1
"3071",5565,"CN_2023_68_1",8953,1,NA,"2023-07-16","2023-07-23","2023-08-21","2023-08-26",2,2,2,186,100,"CN",2023,1,1,"2023-07-19",2023,"2011-2024",6838,6759,2,1,0,0,NA,2,2,1,2,1
"3072",5567,"CN_2023_64_1",8955,1,NA,"2023-07-20","2023-07-29",NA,NA,2,2,0,186,95,"CN",2023,0,0,"2023-07-24",2023,"2011-2024",6843,6923,0,0,0,0,NA,0,2,0,1,0
"3073",5567,"CN_2023_64_1",8955,1,NA,"2023-07-20","2023-07-29",NA,NA,2,2,0,186,95,"CN",2023,0,0,"2023-07-24",2023,"2011-2024",6843,6923,0,0,0,0,NA,0,2,0,2,0
"3074",5568,"CN_2023_30.2_1",8956,1,NA,"2023-07-11","2023-07-18","2023-08-19","2023-08-21",2,2,2,186,43,"CN",2023,1,1,"2023-07-14",2023,"2011-2024",6211,7240,2,0,1,0,NA,2,2,1,1,1
"3075",5568,"CN_2023_30.2_1",8956,1,NA,"2023-07-11","2023-07-18","2023-08-19","2023-08-21",2,2,2,186,43,"CN",2023,1,1,"2023-07-14",2023,"2011-2024",6211,7240,2,0,1,0,NA,2,2,1,2,1
"3076",5570,"CN_2023_39_1",8958,1,NA,"2023-07-14","2023-07-23","2023-08-22","2023-08-26",1,1,1,186,55,"CN",2023,1,1,"2023-07-18",2023,"2011-2024",7220,6918,1,0,2,0,NA,1,1,1,1,1
"3077",5573,"CN_2023_8_1",8959,1,NA,"2023-07-11","2023-07-30","2023-08-19","2023-09-05",2,2,2,186,13,"CN",2023,1,1,"2023-07-20",2023,"2011-2024",7099,6155,2,0,0,0,NA,2,2,1,1,1
"3078",5573,"CN_2023_8_1",8959,1,NA,"2023-07-11","2023-07-30","2023-08-19","2023-09-05",2,2,2,186,13,"CN",2023,1,1,"2023-07-20",2023,"2011-2024",7099,6155,2,0,0,0,NA,2,2,1,2,1
"3079",5574,"CN_2023_60.2_2",8941,2,NA,"2023-07-13","2023-07-23","2023-08-21","2023-08-26",1,1,1,186,858,"CN",2023,1,1,"2023-07-18",2023,"2011-2024",7230,7227,2,0,0,0,NA,1,1,1,1,1
"3080",5578,"CN_2023_141_1",8963,1,NA,"2023-07-20","2023-08-09",NA,NA,1,1,NA,186,746,"CN",2023,NA,NA,"2023-07-30",2023,"2011-2024",7094,7846,0,0,0,0,NA,0,1,0,1,0
"3081",5582,"CN_2023_87_1",8967,1,NA,"2023-07-18","2023-07-26","2023-08-27","2023-08-29",1,1,1,186,127,"CN",2023,1,1,"2023-07-22",2023,"2011-2024",7073,6745,0,0,0,0,NA,1,1,1,1,1
"3082",5583,"CN_2023_24_1",8968,1,NA,"2023-07-20","2023-08-03",NA,NA,1,1,NA,186,32,"CN",2023,NA,NA,"2023-07-27",2023,"2011-2024",7093,7177,2,0,0,0,NA,0,1,0,1,0
"3083",5584,"CN_2023_78_1",8969,1,NA,"2023-08-03","2023-08-12","2023-09-08","2023-09-11",1,1,1,186,112,"CN",2023,1,1,"2023-08-07",2023,"2011-2024",7257,6709,0,0,2,0,NA,1,1,1,1,1
"3084",5590,"CN_2023_127_1",8974,1,NA,"2023-07-15","2023-07-26","2023-08-21","2023-09-04",1,1,1,186,478,"CN",2023,1,1,"2023-07-20",2023,"2011-2024",7185,6375,1,0,0,0,NA,1,1,1,1,1
"3085",5596,"CN_2023_53_1",8979,1,NA,"2023-07-18","2023-08-01","2023-08-26","2023-08-29",1,1,1,186,79,"CN",2023,1,1,"2023-07-25",2023,"2011-2024",7234,6857,0,0,2,0,NA,1,1,1,1,1
"3086",5599,"CN_2023_140_1",8982,1,NA,"2023-07-16","2023-07-25","2023-08-24","2023-08-28",2,2,2,186,738,"CN",2023,1,1,"2023-07-20",2023,"2011-2024",7151,6200,1,0,0,0,NA,2,2,1,1,1
"3087",5599,"CN_2023_140_1",8982,1,NA,"2023-07-16","2023-07-25","2023-08-24","2023-08-28",2,2,2,186,738,"CN",2023,1,1,"2023-07-20",2023,"2011-2024",7151,6200,1,0,0,0,NA,2,2,1,2,1
"3088",5601,"CN_2023_87.1_1",8984,1,NA,"2023-07-22","2023-08-08","2023-08-30","2023-09-11",1,1,1,186,128,"CN",2023,1,1,"2023-07-30",2023,"2011-2024",6699,7225,1,0,1,0,NA,1,1,1,1,1
"3089",5602,"CN_2023_47.2_1",8987,1,1,"2023-07-29","2023-08-20",NA,"2023-09-12",1,1,1,186,602,"CN",2023,1,1,"2023-08-09",2023,"2011-2024",7665,6912,0,0,1,0,NA,1,1,1,1,1
"3090",5606,"CN_2023_82.1_1",9014,1,NA,"2023-07-27","2023-08-18",NA,NA,2,2,0,186,118,"CN",2023,0,0,"2023-08-07",2023,"2011-2024",6707,6914,0,0,1,0,NA,0,2,0,1,0
"3091",5606,"CN_2023_82.1_1",9014,1,NA,"2023-07-27","2023-08-18",NA,NA,2,2,0,186,118,"CN",2023,0,0,"2023-08-07",2023,"2011-2024",6707,6914,0,0,1,0,NA,0,2,0,2,0
